Oxygen,Radius,Myoglobin,Metabolism,Advantage
0.001,5,0,0.092527598,0
0.002,5,0,0.160875828,0
0.003,5,0,0.216221727,0
0.004,5,0,0.263456182,0
0.005,5,0,0.305066335,0
0.006,5,0,0.342464374,0
0.007,5,0,0.376526846,0
0.008,5,0,0.407840493,0
0.009,5,0,0.436823909,0
0.01,5,0,0.463791552,0
0.02,5,0,0.660090477,0
0.03,5,0,0.778182064,0
0.04,5,0,0.85145431,0
0.05,5,0,0.894551539,0
0.06,5,0,0.919373345,0
0.07,5,0,0.934640756,0
0.08,5,0,0.944832143,0
0.09,5,0,0.952095504,0
0.1,5,0,0.957532116,0
0.11,5,0,0.961755206,0
0.12,5,0,0.965131484,0
0.13,5,0,0.967893334,0
0.14,5,0,0.970195106,0
0.15,5,0,0.972143337,0
0.16,5,0,0.973813953,0
0.17,5,0,0.975262541,0
0.18,5,0,0.976530742,0
0.19,5,0,0.977650372,0
0.2,5,0,0.978646164,0
0.21,5,0,0.979537638,0
0.22,5,0,0.98034041,0
0.23,5,0,0.98106712,0
0.24,5,0,0.981728111,0
0.25,5,0,0.98233193,0
0.001,10,0,0.050273986,0
0.002,10,0,0.087404542,0
0.003,10,0,0.117602333,0
0.004,10,0,0.143582344,0
0.005,10,0,0.166718303,0
0.006,10,0,0.187780856,0
0.007,10,0,0.207238377,0
0.008,10,0,0.225395336,0
0.009,10,0,0.242461819,0
0.01,10,0,0.258590755,0
0.02,10,0,0.385981745,0
0.03,10,0,0.477912674,0
0.04,10,0,0.550364872,0
0.05,10,0,0.610073337,0
0.06,10,0,0.660587023,0
0.07,10,0,0.70406648,0
0.08,10,0,0.741924522,0
0.09,10,0,0.775142589,0
0.1,10,0,0.804440888,0
0.11,10,0,0.830354188,0
0.12,10,0,0.853296426,0
0.13,10,0,0.873592761,0
0.14,10,0,0.891498742,0
0.15,10,0,0.907219664,0
0.16,10,0,0.920917804,0
0.17,10,0,0.932717948,0
0.18,10,0,0.942705071,0
0.19,10,0,0.950912926,0
0.2,10,0,0.95736685,0
0.21,10,0,0.962253295,0
0.22,10,0,0.965941723,0
0.23,10,0,0.968791892,0
0.24,10,0,0.971060576,0
0.25,10,0,0.972915356,0
0.001,15,0,0.034421941,0
0.002,15,0,0.059805349,0
0.003,15,0,0.080446054,0
0.004,15,0,0.098222249,0
0.005,15,0,0.114083801,0
0.006,15,0,0.128562541,0
0.007,15,0,0.141980284,0
0.008,15,0,0.154544654,0
0.009,15,0,0.16639738,0
0.01,15,0,0.17764031,0
0.02,15,0,0.268027584,0
0.03,15,0,0.335374774,0
0.04,15,0,0.390115582,0
0.05,15,0,0.436621152,0
0.06,15,0,0.477227421,0
0.07,15,0,0.513322199,0
0.08,15,0,0.545841641,0
0.09,15,0,0.575434581,0
0.1,15,0,0.602564852,0
0.11,15,0,0.62759171,0
0.12,15,0,0.650797803,0
0.13,15,0,0.67240148,0
0.14,15,0,0.692578481,0
0.15,15,0,0.711478094,0
0.16,15,0,0.729225735,0
0.17,15,0,0.745924026,0
0.18,15,0,0.76165957,0
0.19,15,0,0.776509257,0
0.2,15,0,0.790540954,0
0.21,15,0,0.803812391,0
0.22,15,0,0.816373018,0
0.23,15,0,0.828267437,0
0.24,15,0,0.839536544,0
0.25,15,0,0.850216456,0
0.001,20,0,0.026158918,0
0.002,20,0,0.045428872,0
0.003,20,0,0.061092677,0
0.004,20,0,0.074585807,0
0.005,20,0,0.086634167,0
0.006,20,0,0.097643933,0
0.007,20,0,0.107860479,0
0.008,20,0,0.117441615,0
0.009,20,0,0.126494549,0
0.01,20,0,0.13509584,0
0.02,20,0,0.204789083,0
0.03,20,0,0.257407635,0
0.04,20,0,0.300706528,0
0.05,20,0,0.337904618,0
0.06,20,0,0.370748796,0
0.07,20,0,0.40026421,0
0.08,20,0,0.427135662,0
0.09,20,0,0.451853141,0
0.1,20,0,0.474763662,0
0.11,20,0,0.496125832,0
0.12,20,0,0.5161482,0
0.13,20,0,0.534999257,0
0.14,20,0,0.55281095,0
0.15,20,0,0.569689271,0
0.16,20,0,0.58572529,0
0.17,20,0,0.600998885,0
0.18,20,0,0.61557767,0
0.19,20,0,0.629517469,0
0.2,20,0,0.642865942,0
0.21,20,0,0.655666234,0
0.22,20,0,0.667957935,0
0.23,20,0,0.679776069,0
0.24,20,0,0.691150547,0
0.25,20,0,0.702107267,0
0.001,25,0,0.021092108,0
0.002,25,0,0.036618637,0
0.003,25,0,0.049235731,0
0.004,25,0,0.060104945,0
0.005,25,0,0.06981366,0
0.006,25,0,0.078690448,0
0.007,25,0,0.086933634,0
0.008,25,0,0.09467056,0
0.009,25,0,0.101987504,0
0.01,25,0,0.108945855,0
0.02,25,0,0.16557699,0
0.03,25,0,0.208642549,0
0.04,25,0,0.244316458,0
0.05,25,0,0.275143204,0
0.06,25,0,0.302515916,0
0.07,25,0,0.32725199,0
0.08,25,0,0.349888464,0
0.09,25,0,0.37081549,0
0.1,25,0,0.390313771,0
0.11,25,0,0.408587519,0
0.12,25,0,0.425798306,0
0.13,25,0,0.442080281,0
0.14,25,0,0.457541748,0
0.15,25,0,0.472267982,0
0.16,25,0,0.486328889,0
0.17,25,0,0.499785762,0
0.18,25,0,0.512693183,0
0.19,25,0,0.525097963,0
0.2,25,0,0.537038959,0
0.21,25,0,0.548549047,0
0.22,25,0,0.559657756,0
0.23,25,0,0.570392632,0
0.24,25,0,0.58077896,0
0.25,25,0,0.590838947,0
0.001,30,0,0.01766895,0
0.002,30,0,0.030668944,0
0.003,30,0,0.041230372,0
0.004,30,0,0.050328657,0
0.005,30,0,0.058457068,0
0.006,30,0,0.065891484,0
0.007,30,0,0.072798347,0
0.008,30,0,0.079284417,0
0.009,30,0,0.085421904,0
0.01,30,0,0.09126207,0
0.02,30,0,0.138928495,0
0.03,30,0,0.17534157,0
0.04,30,0,0.205630312,0
0.05,30,0,0.23189799,0
0.06,30,0,0.255301655,0
0.07,30,0,0.276522668,0
0.08,30,0,0.29600274,0
0.09,30,0,0.314064243,0
0.1,30,0,0.330942985,0
0.11,30,0,0.346809327,0
0.12,30,0,0.361795052,0
0.13,30,0,0.376010012,0
0.14,30,0,0.389545307,0
0.15,30,0,0.402473461,0
0.16,30,0,0.414852391,0
0.17,30,0,0.426731357,0
0.18,30,0,0.438154585,0
0.19,30,0,0.449161483,0
0.2,30,0,0.459785667,0
0.21,30,0,0.470055086,0
0.22,30,0,0.479993611,0
0.23,30,0,0.489622903,0
0.24,30,0,0.498963347,0
0.25,30,0,0.508033849,0
0.001,35,0,0.015201298,0
0.002,35,0,0.026381464,0
0.003,35,0,0.035462709,0
0.004,35,0,0.04328572,0
0.005,35,0,0.050275636,0
0.006,35,0,0.05667021,0
0.007,35,0,0.062612834,0
0.008,35,0,0.068195424,0
0.009,35,0,0.073480076,0
0.01,35,0,0.078510801,0
0.02,35,0,0.119652567,0
0.03,35,0,0.15117948,0
0.04,35,0,0.177478356,0
0.05,35,0,0.200341718,0
0.06,35,0,0.220758228,0
0.07,35,0,0.239312682,0
0.08,35,0,0.256380499,0
0.09,35,0,0.272235613,0
0.1,35,0,0.287081024,0
0.11,35,0,0.30106349,0
0.12,35,0,0.31429462,0
0.13,35,0,0.32686692,0
0.14,35,0,0.338858394,0
0.15,35,0,0.350332186,0
0.16,35,0,0.361338373,0
0.17,35,0,0.371918436,0
0.18,35,0,0.382109181,0
0.19,35,0,0.391943998,0
0.2,35,0,0.401452212,0
0.21,35,0,0.410658511,0
0.22,35,0,0.41958353,0
0.23,35,0,0.428245296,0
0.24,35,0,0.436660508,0
0.25,35,0,0.444844984,0
0.001,40,0,0.013338247,0
0.002,40,0,0.023145319,0
0.003,40,0,0.031110049,0
0.004,40,0,0.037971083,0
0.005,40,0,0.04410196,0
0.006,40,0,0.049711566,0
0.007,40,0,0.054925854,0
0.008,40,0,0.059825521,0
0.009,40,0,0.06446504,0
0.01,40,0,0.068882971,0
0.02,40,0,0.105066319,0
0.03,40,0,0.132856659,0
0.04,40,0,0.156086429,0
0.05,40,0,0.176317518,0
0.06,40,0,0.19441257,0
0.07,40,0,0.210884002,0
0.08,40,0,0.226058459,0
0.09,40,0,0.240173766,0
0.1,40,0,0.25340789,0
0.11,40,0,0.265889951,0
0.12,40,0,0.277717004,0
0.13,40,0,0.288968814,0
0.14,40,0,0.29971327,0
0.15,40,0,0.310006174,0
0.16,40,0,0.319891864,0
0.17,40,0,0.329406434,0
0.18,40,0,0.338581377,0
0.19,40,0,0.34744539,0
0.2,40,0,0.356024209,0
0.21,40,0,0.364339903,0
0.22,40,0,0.372410889,0
0.23,40,0,0.380252851,0
0.24,40,0,0.387879952,0
0.25,40,0,0.395305582,0
0.001,45,0,0.011881872,0
0.002,45,0,0.020616102,0
0.003,45,0,0.027708665,0
0.004,45,0,0.033818247,0
0.005,45,0,0.039277959,0
0.006,45,0,0.044274067,0
0.007,45,0,0.048918869,0
0.008,45,0,0.053284285,0
0.009,45,0,0.057418837,0
0.01,45,0,0.061356836,0
0.02,45,0,0.093645944,0
0.03,45,0,0.11848837,0
0.04,45,0,0.139286524,0
0.05,45,0,0.157424297,0
0.06,45,0,0.173666574,0
0.07,45,0,0.188469437,0
0.08,45,0,0.202122131,0
0.09,45,0,0.214834663,0
0.1,45,0,0.226765331,0
0.11,45,0,0.238029494,0
0.12,45,0,0.248713183,0
0.13,45,0,0.258886482,0
0.14,45,0,0.268609325,0
0.15,45,0,0.277931587,0
0.16,45,0,0.286893109,0
0.17,45,0,0.295525991,0
0.18,45,0,0.303857803,0
0.19,45,0,0.311913604,0
0.2,45,0,0.31971617,0
0.21,45,0,0.327285373,0
0.22,45,0,0.334637899,0
0.23,45,0,0.341787781,0
0.24,45,0,0.348747396,0
0.25,45,0,0.355528307,0
0.001,50,0,0.010712161,0
0.002,50,0,0.018585058,0
0.003,50,0,0.024977532,0
0.004,50,0,0.03048393,0
0.005,50,0,0.035404827,0
0.006,50,0,0.039908293,0
0.007,50,0,0.044095642,0
0.008,50,0,0.04803174,0
0.009,50,0,0.051760329,0
0.01,50,0,0.05531232,0
0.02,50,0,0.084462492,0
0.03,50,0,0.106920539,0
0.04,50,0,0.125745608,0
0.05,50,0,0.142180066,0
0.06,50,0,0.156910803,0
0.07,50,0,0.170348768,0
0.08,50,0,0.182753584,0
0.09,50,0,0.194313193,0
0.1,50,0,0.205170041,0
0.11,50,0,0.2154284,0
0.12,50,0,0.22516562,0
0.13,50,0,0.234444209,0
0.14,50,0,0.243317728,0
0.15,50,0,0.251831191,0
0.16,50,0,0.260020783,0
0.17,50,0,0.267915492,0
0.18,50,0,0.275539885,0
0.19,50,0,0.282916169,0
0.2,50,0,0.290064692,0
0.21,50,0,0.297003455,0
0.22,50,0,0.303747716,0
0.23,50,0,0.310310243,0
0.24,50,0,0.316702099,0
0.25,50,0,0.322933467,0
0.001,55,0,0.009752167,0
0.002,55,0,0.016918377,0
0.003,55,0,0.022736542,0
0.004,55,0,0.027748129,0
0.005,55,0,0.03222697,0
0.006,55,0,0.03632618,0
0.007,55,0,0.040138046,0
0.008,55,0,0.043721645,0
0.009,55,0,0.047116797,0
0.01,55,0,0.050351624,0
0.02,55,0,0.07691822,0
0.03,55,0,0.097408383,0
0.04,55,0,0.11460092,0
0.05,55,0,0.129622975,0
0.06,55,0,0.143097796,0
0.07,55,0,0.155399343,0
0.08,55,0,0.166763186,0
0.09,55,0,0.17735936,0
0.1,55,0,0.187317286,0
0.11,55,0,0.196732102,0
0.12,55,0,0.205674127,0
0.13,55,0,0.214199784,0
0.14,55,0,0.222357444,0
0.15,55,0,0.230188071,0
0.16,55,0,0.237724804,0
0.17,55,0,0.244994117,0
0.18,55,0,0.252018204,0
0.19,55,0,0.258816995,0
0.2,55,0,0.265408829,0
0.21,55,0,0.271810115,0
0.22,55,0,0.278034896,0
0.23,55,0,0.284094912,0
0.24,55,0,0.290000216,0
0.25,55,0,0.295759922,0
0.001,60,0,0.008950055,0
0.002,60,0,0.015525966,0
0.003,60,0,0.020864477,0
0.004,60,0,0.025462814,0
0.005,60,0,0.029572436,0
0.006,60,0,0.033333947,0
0.007,60,0,0.036832086,0
0.008,60,0,0.040121087,0
0.009,60,0,0.043237494,0
0.01,60,0,0.046207106,0
0.02,60,0,0.070610248,0
0.03,60,0,0.089448908,0
0.04,60,0,0.105268613,0
0.05,60,0,0.119100867,0
0.06,60,0,0.131516019,0
0.07,60,0,0.142857157,0
0.08,60,0,0.153339913,0
0.09,60,0,0.163119518,0
0.1,60,0,0.172314511,0
0.11,60,0,0.181012366,0
0.12,60,0,0.189277578,0
0.13,60,0,0.197161583,0
0.14,60,0,0.204708451,0
0.15,60,0,0.211955732,0
0.16,60,0,0.218933985,0
0.17,60,0,0.225667592,0
0.18,60,0,0.232176825,0
0.19,60,0,0.238479757,0
0.2,60,0,0.244593053,0
0.21,60,0,0.250531761,0
0.22,60,0,0.256308869,0
0.23,60,0,0.261935256,0
0.24,60,0,0.267420163,0
0.25,60,0,0.272771857,0
0.001,65,0,0.008269843,0
0.002,65,0,0.014345282,0
0.003,65,0,0.019277182,0
0.004,65,0,0.023525207,0
0.005,65,0,0.027321824,0
0.006,65,0,0.030797015,0
0.007,65,0,0.034029112,0
0.008,65,0,0.037068242,0
0.009,65,0,0.039948172,0
0.01,65,0,0.042692729,0
0.02,65,0,0.065257887,0
0.03,65,0,0.08269096,0
0.04,65,0,0.097340323,0
0.05,65,0,0.110156825,0
0.06,65,0,0.121666154,0
0.07,65,0,0.13218524,0
0.08,65,0,0.141912915,0
0.09,65,0,0.150991962,0
0.1,65,0,0.159531693,0
0.11,65,0,0.167613054,0
0.12,65,0,0.17529563,0
0.13,65,0,0.182626686,0
0.14,65,0,0.18964668,0
0.15,65,0,0.196390253,0
0.16,65,0,0.202885749,0
0.17,65,0,0.209155781,0
0.18,65,0,0.215219024,0
0.19,65,0,0.22109202,0
0.2,65,0,0.226790027,0
0.21,65,0,0.232326921,0
0.22,65,0,0.237714773,0
0.23,65,0,0.242963728,0
0.24,65,0,0.24808235,0
0.25,65,0,0.253078224,0
0.001,70,0,0.007685709,0
0.002,70,0,0.013331455,0
0.003,70,0,0.017914286,0
0.004,70,0,0.02186158,0
0.005,70,0,0.025389482,0
0.006,70,0,0.028618841,0
0.007,70,0,0.031622485,0
0.008,70,0,0.03444701,0
0.009,70,0,0.0371238,0
0.01,70,0,0.039674991,0
0.02,70,0,0.060659413,0
0.03,70,0,0.076881807,0
0.04,70,0,0.090521731,0
0.05,70,0,0.102461079,0
0.06,70,0,0.113187334,0
0.07,70,0,0.122994964,0
0.08,70,0,0.132068449,0
0.09,70,0,0.140539967,0
0.1,70,0,0.14851093,0
0.11,70,0,0.156056666,0
0.12,70,0,0.163232562,0
0.13,70,0,0.170082353,0
0.14,70,0,0.176643426,0
0.15,70,0,0.182947917,0
0.16,70,0,0.189022246,0
0.17,70,0,0.194887506,0
0.18,70,0,0.200561022,0
0.19,70,0,0.206058045,0
0.2,70,0,0.21139264,0
0.21,70,0,0.216577663,0
0.22,70,0,0.221624378,0
0.23,70,0,0.226542287,0
0.24,70,0,0.231339383,0
0.25,70,0,0.23602268,0
0.001,5,0.01,0.095842591,0.035827073
0.002,5,0.01,0.167433621,0.040763072
0.003,5,0.01,0.22590479,0.044783025
0.004,5,0.01,0.276098522,0.0479865
0.005,5,0.01,0.320453729,0.050439502
0.006,5,0.01,0.360338503,0.052192667
0.007,5,0.01,0.396593181,0.053293238
0.008,5,0.01,0.429779076,0.053792067
0.009,5,0.01,0.460301662,0.053746493
0.01,5,0.01,0.48847463,0.053220198
0.02,5,0.01,0.683349472,0.035236071
0.03,5,0.01,0.791779196,0.017472944
0.04,5,0.01,0.857288853,0.006852444
0.05,5,0.01,0.896536352,0.00221878
0.06,5,0.01,0.920062064,0.000749118
0.07,5,0.01,0.934917634,0.00029624
0.08,5,0.01,0.944960695,0.000136058
0.09,5,0.01,0.9521624,7.02619E-05
0.1,5,0.01,0.957570115,3.96843E-05
0.11,5,0.01,0.961778313,2.40259E-05
0.12,5,0.01,0.965146314,1.53658E-05
0.13,5,0.01,0.967903278,1.02739E-05
0.14,5,0.01,0.970202017,7.12331E-06
0.15,5,0.01,0.972148287,5.09184E-06
0.16,5,0.01,0.973817591,3.73583E-06
0.17,5,0.01,0.975265274,2.80232E-06
0.18,5,0.01,0.976532834,2.14228E-06
0.19,5,0.01,0.977652,1.66522E-06
0.2,5,0.01,0.97864745,1.31406E-06
0.21,5,0.01,0.979538668,1.05152E-06
0.22,5,0.01,0.980341244,8.50725E-07
0.23,5,0.01,0.981067803,6.96181E-07
0.24,5,0.01,0.981728675,5.74497E-07
0.25,5,0.01,0.982332399,4.77435E-07
0.001,10,0.01,0.052114027,0.036600261
0.002,10,0.01,0.091099877,0.042278524
0.003,10,0.01,0.123157695,0.047238536
0.004,10,0.01,0.150989668,0.051589379
0.005,10,0.01,0.175954642,0.05540087
0.006,10,0.01,0.198806743,0.058716779
0.007,10,0.01,0.219996888,0.061564423
0.008,10,0.01,0.239812052,0.063961909
0.009,10,0.01,0.258445762,0.065923547
0.01,10,0.01,0.276036282,0.067463846
0.02,10,0.01,0.411161319,0.065235142
0.03,10,0.01,0.502238424,0.050899989
0.04,10,0.01,0.571588439,0.038562721
0.05,10,0.01,0.628177263,0.029675
0.06,10,0.01,0.676028275,0.023375046
0.07,10,0.01,0.717284057,0.018773195
0.08,10,0.01,0.753272275,0.015295024
0.09,10,0.01,0.784897411,0.012584552
0.1,10,0.01,0.812814081,0.010408711
0.11,10,0.01,0.837516311,0.008625383
0.12,10,0.01,0.859385011,0.007135369
0.13,10,0.01,0.878719632,0.00586872
0.14,10,0.01,0.89575817,0.004777828
0.15,10,0.01,0.910689516,0.00382471
0.16,10,0.01,0.923662251,0.002980122
0.17,10,0.01,0.934789298,0.002220768
0.18,10,0.01,0.944151254,0.001534078
0.19,10,0.01,0.951809268,0.000942612
0.2,10,0.01,0.957858229,0.000513261
0.21,10,0.01,0.962510812,0.000267619
0.22,10,0.01,0.966081995,0.000145218
0.23,10,0.01,0.968873763,8.45083E-05
0.24,10,0.01,0.971111667,5.26136E-05
0.25,10,0.01,0.97294908,3.46628E-05
0.001,15,0.01,0.035640432,0.035398672
0.002,15,0.01,0.062258732,0.041022802
0.003,15,0.01,0.084145832,0.045990795
0.004,15,0.01,0.103173739,0.050411084
0.005,15,0.01,0.120284834,0.05435507
0.006,15,0.01,0.136002271,0.057868567
0.007,15,0.01,0.150638231,0.060979925
0.008,15,0.01,0.164390113,0.063706241
0.009,15,0.01,0.177389284,0.066058155
0.01,15,0.01,0.189727604,0.068043644
0.02,15,0.01,0.287041453,0.070939971
0.03,15,0.01,0.355116308,0.058864099
0.04,15,0.01,0.408363699,0.046776181
0.05,15,0.01,0.453021942,0.037562976
0.06,15,0.01,0.49193879,0.030826747
0.07,15,0.01,0.526606042,0.025878178
0.08,15,0.01,0.557917342,0.022123085
0.09,15,0.01,0.586476573,0.019188961
0.1,15,0.01,0.612719461,0.016852309
0.11,15,0.01,0.636972136,0.014946702
0.12,15,0.01,0.6594897,0.013355757
0.13,15,0.01,0.68047783,0.012011202
0.14,15,0.01,0.700103346,0.010865
0.15,15,0.01,0.718502964,0.009873628
0.16,15,0.01,0.735791663,0.009003972
0.17,15,0.01,0.752067783,0.008236438
0.18,15,0.01,0.767415274,0.007556793
0.19,15,0.01,0.781905871,0.006949839
0.2,15,0.01,0.795601955,0.006401947
0.21,15,0.01,0.808558685,0.005904729
0.22,15,0.01,0.820824783,0.005453102
0.23,15,0.01,0.832442998,0.00504132
0.24,15,0.01,0.843451125,0.004662788
0.25,15,0.01,0.853883146,0.004312655
0.001,20,0.01,0.027062118,0.034527422
0.002,20,0.01,0.047249263,0.040071235
0.003,20,0.01,0.063841261,0.0449904
0.004,20,0.01,0.078269729,0.049391729
0.005,20,0.01,0.091255812,0.053346678
0.006,20,0.01,0.103200052,0.056901835
0.007,20,0.01,0.114341429,0.06008642
0.008,20,0.01,0.124830793,0.062917885
0.009,20,0.01,0.134768095,0.065406344
0.01,20,0.01,0.144222659,0.067558105
0.02,20,0.01,0.21970056,0.072813828
0.03,20,0.01,0.273383876,0.062065917
0.04,20,0.01,0.315806228,0.050214075
0.05,20,0.01,0.351724663,0.040899249
0.06,20,0.01,0.383336074,0.033950961
0.07,20,0.01,0.411791669,0.028799625
0.08,20,0.01,0.437769077,0.024894702
0.09,20,0.01,0.461718056,0.021832127
0.1,20,0.01,0.483964434,0.019379689
0.11,20,0.01,0.504752276,0.017387613
0.12,20,0.01,0.524269337,0.015734119
0.13,20,0.01,0.542666359,0.014331052
0.14,20,0.01,0.560067938,0.013127432
0.15,20,0.01,0.576577164,0.012090614
0.16,20,0.01,0.592279252,0.011189481
0.17,20,0.01,0.60724605,0.010394637
0.18,20,0.01,0.62153986,0.00968552
0.19,20,0.01,0.635215256,0.009051039
0.2,20,0.01,0.648319645,0.008483422
0.21,20,0.01,0.66089399,0.007973197
0.22,20,0.01,0.672974173,0.007509811
0.23,20,0.01,0.684592378,0.007085141
0.24,20,0.01,0.695777801,0.006695002
0.25,20,0.01,0.706556733,0.006337302
0.001,25,0.01,0.021807751,0.03392942
0.002,25,0.01,0.038061777,0.039409987
0.003,25,0.01,0.051416134,0.044284973
0.004,25,0.01,0.063029638,0.048659773
0.005,25,0.01,0.07348625,0.052605608
0.006,25,0.01,0.083110443,0.056169397
0.007,25,0.01,0.09209583,0.059380884
0.008,25,0.01,0.100564551,0.062257908
0.009,25,0.01,0.108597369,0.064810538
0.01,25,0.01,0.116250078,0.067044524
0.02,25,0.01,0.177769285,0.073635201
0.03,25,0.01,0.221942934,0.063747232
0.04,25,0.01,0.257040391,0.052079721
0.05,25,0.01,0.286899206,0.042726849
0.06,25,0.01,0.31330518,0.035665112
0.07,25,0.01,0.337196114,0.030386749
0.08,25,0.01,0.35912029,0.026385054
0.09,25,0.01,0.379436185,0.023247937
0.1,25,0.01,0.398402795,0.020724414
0.11,25,0.01,0.416215549,0.018669268
0.12,25,0.01,0.43302421,0.016970251
0.13,25,0.01,0.448947372,0.015533584
0.14,25,0.01,0.464082972,0.014296453
0.15,25,0.01,0.478513302,0.013224102
0.16,25,0.01,0.492307044,0.012292412
0.17,25,0.01,0.505521437,0.011476267
0.18,25,0.01,0.518205193,0.010751089
0.19,25,0.01,0.530401006,0.01009915
0.2,25,0.01,0.542146751,0.009511027
0.21,25,0.01,0.553475739,0.008981315
0.22,25,0.01,0.564416934,0.008503729
0.23,25,0.01,0.574995638,0.00806989
0.24,25,0.01,0.585234448,0.007671573
0.25,25,0.01,0.595153992,0.007303251
0.001,30,0.01,0.018260917,0.033503236
0.002,30,0.01,0.031863076,0.038936196
0.003,30,0.01,0.043035279,0.043776151
0.004,30,0.01,0.052750855,0.04812761
0.005,30,0.01,0.061500427,0.052061438
0.006,30,0.01,0.06955668,0.05562473
0.007,30,0.01,0.07708235,0.058847531
0.008,30,0.01,0.08418007,0.061747985
0.009,30,0.01,0.090917634,0.064336309
0.01,30,0.01,0.097341764,0.066617972
0.02,30,0.01,0.149217658,0.074060854
0.03,30,0.01,0.186698612,0.064770961
0.04,30,0.01,0.216579278,0.053245876
0.05,30,0.01,0.242073075,0.043877418
0.06,30,0.01,0.264683463,0.036747933
0.07,30,0.01,0.285201425,0.031385337
0.08,30,0.01,0.304088248,0.027315653
0.09,30,0.01,0.321642398,0.024129315
0.1,30,0.01,0.338078372,0.021560774
0.11,30,0.01,0.353558883,0.019461864
0.12,30,0.01,0.368208926,0.017727921
0.13,30,0.01,0.38212664,0.016267195
0.14,30,0.01,0.395392422,0.015010103
0.15,30,0.01,0.408074191,0.013915775
0.16,30,0.01,0.420229348,0.012961133
0.17,30,0.01,0.431905899,0.012125994
0.18,30,0.01,0.443144227,0.011387858
0.19,30,0.01,0.45397924,0.010726113
0.2,30,0.01,0.464441938,0.010127047
0.21,30,0.01,0.474560022,0.009583847
0.22,30,0.01,0.484357948,0.00909249
0.23,30,0.01,0.493857051,0.008647774
0.24,30,0.01,0.503076028,0.008242451
0.25,30,0.01,0.512031632,0.007869127
0.001,35,0.01,0.015705771,0.033186179
0.002,35,0.01,0.027399325,0.03858243
0.003,35,0.01,0.037001605,0.043394767
0.004,35,0.01,0.04535161,0.047726825
0.005,35,0.01,0.052872334,0.051649232
0.006,35,0.01,0.059798925,0.055209165
0.007,35,0.01,0.066271735,0.058436917
0.008,35,0.01,0.072379269,0.061350817
0.009,35,0.01,0.07817995,0.063961202
0.01,35,0.01,0.083713983,0.066273455
0.02,35,0.01,0.128543407,0.074305468
0.03,35,0.01,0.161074876,0.065454624
0.04,35,0.01,0.187069612,0.054041835
0.05,35,0.01,0.209290461,0.044667397
0.06,35,0.01,0.229035333,0.037493982
0.07,35,0.01,0.246988015,0.032072404
0.08,35,0.01,0.263546956,0.027952426
0.09,35,0.01,0.278968132,0.024730486
0.1,35,0.01,0.293434469,0.022131191
0.11,35,0.01,0.307085148,0.020001289
0.12,35,0.01,0.320027512,0.018240503
0.13,35,0.01,0.332345494,0.01676087
0.14,35,0.01,0.344107307,0.01548999
0.15,35,0.01,0.355370554,0.014381687
0.16,35,0.01,0.366184342,0.013411166
0.17,35,0.01,0.376590052,0.012560862
0.18,35,0.01,0.386622396,0.011811323
0.19,35,0.01,0.396311035,0.011141992
0.2,35,0.01,0.405682109,0.010536489
0.21,35,0.01,0.414759097,0.009985391
0.22,35,0.01,0.423563006,0.009484347
0.23,35,0.01,0.432112344,0.009029984
0.24,35,0.01,0.440423282,0.008617161
0.25,35,0.01,0.448510085,0.008239052
0.001,40,0.01,0.013777622,0.032940985
0.002,40,0.01,0.024031977,0.038308308
0.003,40,0.01,0.032450846,0.043098518
0.004,40,0.01,0.039771467,0.047414608
0.005,40,0.01,0.04636558,0.051326971
0.006,40,0.01,0.052439878,0.054882842
0.007,40,0.01,0.05811774,0.058112633
0.008,40,0.01,0.063476967,0.061034922
0.009,40,0.01,0.06856889,0.063660086
0.01,40,0.01,0.073428799,0.065993495
0.02,40,0.01,0.112889241,0.074456991
0.03,40,0.01,0.141617505,0.065942092
0.04,40,0.01,0.164611793,0.054619508
0.05,40,0.01,0.184294688,0.045243207
0.06,40,0.01,0.20180785,0.038039104
0.07,40,0.01,0.217753362,0.032574116
0.08,40,0.01,0.232482018,0.028415477
0.09,40,0.01,0.246218053,0.025166308
0.1,40,0.01,0.259120896,0.022544705
0.11,40,0.01,0.271312027,0.020392181
0.12,40,0.01,0.282885502,0.018610665
0.13,40,0.01,0.293914752,0.017115819
0.14,40,0.01,0.30445908,0.015834501
0.15,40,0.01,0.314568426,0.014716649
0.16,40,0.01,0.324285586,0.013735023
0.17,40,0.01,0.333646891,0.012873024
0.18,40,0.01,0.342682859,0.012113726
0.19,40,0.01,0.351419382,0.011437746
0.2,40,0.01,0.359879081,0.010827556
0.21,40,0.01,0.368082242,0.01027156
0.22,40,0.01,0.376047164,0.009764148
0.23,40,0.01,0.383790142,0.009302471
0.24,40,0.01,0.391325471,0.008882952
0.25,40,0.01,0.398665682,0.008500006
0.001,45,0.01,0.012270969,0.032747113
0.002,45,0.01,0.021401394,0.038091197
0.003,45,0.01,0.028896352,0.042863379
0.004,45,0.01,0.035413327,0.047166253
0.005,45,0.01,0.041283882,0.05106994
0.006,45,0.01,0.046692394,0.05462175
0.007,45,0.01,0.051748932,0.057852176
0.008,45,0.01,0.056522902,0.060779965
0.009,45,0.01,0.061060083,0.06341553
0.01,45,0.01,0.065391923,0.065764261
0.02,45,0.01,0.100627831,0.074556214
0.03,45,0.01,0.126344832,0.066305765
0.04,45,0.01,0.146955187,0.055056748
0.05,45,0.01,0.164615531,0.045680585
0.06,45,0.01,0.18034478,0.038454182
0.07,45,0.01,0.1946807,0.032956341
0.08,45,0.01,0.207936667,0.028767439
0.09,45,0.01,0.220312285,0.025496919
0.1,45,0.01,0.231948842,0.022858481
0.11,45,0.01,0.242954063,0.020688903
0.12,45,0.01,0.253411631,0.018891029
0.13,45,0.01,0.263386873,0.017383646
0.14,45,0.01,0.272932285,0.016093857
0.15,45,0.01,0.282091929,0.014968943
0.16,45,0.01,0.290903662,0.013979259
0.17,45,0.01,0.29939982,0.013108251
0.18,45,0.01,0.307607653,0.012340805
0.19,45,0.01,0.315550192,0.011658959
0.2,45,0.01,0.323247403,0.0110449
0.21,45,0.01,0.330717127,0.01048551
0.22,45,0.01,0.337975515,0.009973814
0.23,45,0.01,0.345037073,0.009506753
0.24,45,0.01,0.351914607,0.009081676
0.25,45,0.01,0.358619338,0.008694191
0.001,50,0.01,0.011061268,0.032589783
0.002,50,0.01,0.019289706,0.037914759
0.003,50,0.01,0.026043377,0.04267215
0.004,50,0.01,0.031915576,0.046963958
0.005,50,0.01,0.037205525,0.05086024
0.006,50,0.01,0.042079633,0.05440824
0.007,50,0.01,0.046637253,0.057638598
0.008,50,0.01,0.05094103,0.060570156
0.009,50,0.01,0.055032277,0.063213431
0.01,50,0.01,0.058939357,0.065573764
0.02,50,0.01,0.090765443,0.07462426
0.03,50,0.01,0.11404012,0.06658759
0.04,50,0.01,0.132711882,0.05539974
0.05,50,0.01,0.148723858,0.04602468
0.06,50,0.01,0.16299601,0.038781313
0.07,50,0.01,0.176014165,0.033257634
0.08,50,0.01,0.188061521,0.029044229
0.09,50,0.01,0.199317977,0.025756275
0.1,50,0.01,0.209910396,0.023104518
0.11,50,0.01,0.219935507,0.020921601
0.12,50,0.01,0.229468666,0.019110582
0.13,50,0.01,0.238568727,0.017592748
0.14,50,0.01,0.247282816,0.016295927
0.15,50,0.01,0.255650349,0.015165548
0.16,50,0.01,0.263705236,0.01416984
0.17,50,0.01,0.271476582,0.013291841
0.18,50,0.01,0.278989002,0.012517669
0.19,50,0.01,0.286263266,0.011830702
0.2,50,0.01,0.293317273,0.011213295
0.21,50,0.01,0.300166942,0.010651347
0.22,50,0.01,0.306826704,0.010136662
0.23,50,0.01,0.313309595,0.009665656
0.24,50,0.01,0.319627204,0.00923614
0.25,50,0.01,0.325789701,0.008844652
0.001,55,0.01,0.010068715,0.032459247
0.002,55,0.01,0.017557355,0.03776828
0.003,55,0.01,0.023703146,0.042513237
0.004,55,0.01,0.02904662,0.046795624
0.005,55,0.01,0.03386041,0.050685497
0.006,55,0.01,0.038296149,0.054230007
0.007,55,0.01,0.042444376,0.057459947
0.008,55,0.01,0.046362177,0.060394159
0.009,55,0.01,0.050087195,0.063043292
0.01,55,0.01,0.05364526,0.065412706
0.02,55,0.01,0.082661853,0.074671944
0.03,55,0.01,0.1039164,0.066811673
0.04,55,0.01,0.120981383,0.055675495
0.05,55,0.01,0.135624787,0.04630207
0.06,55,0.01,0.148685115,0.039045458
0.07,55,0.01,0.160605384,0.033501049
0.08,55,0.01,0.171643927,0.029267497
0.09,55,0.01,0.181964514,0.025965103
0.1,55,0.01,0.191682261,0.023302574
0.11,55,0.01,0.200884921,0.021109005
0.12,55,0.01,0.209641016,0.019287253
0.13,55,0.01,0.218004107,0.017760629
0.14,55,0.01,0.226016967,0.016457839
0.15,55,0.01,0.233715257,0.015323062
0.16,55,0.01,0.241129666,0.014322704
0.17,55,0.01,0.248286636,0.013439176
0.18,55,0.01,0.255208609,0.012659423
0.19,55,0.01,0.261914513,0.011967985
0.2,55,0.01,0.268420587,0.011347618
0.21,55,0.01,0.274741208,0.010783605
0.22,55,0.01,0.280889401,0.010266715
0.23,55,0.01,0.286876988,0.00979277
0.24,55,0.01,0.292714536,0.009359717
0.25,55,0.01,0.298411349,0.008964795
0.001,60,0.01,0.009239585,0.032349522
0.002,60,0.01,0.016110441,0.037645001
0.003,60,0.01,0.021748701,0.042379399
0.004,60,0.01,0.02665075,0.046653759
0.005,60,0.01,0.03106697,0.050538075
0.006,60,0.01,0.035136629,0.054079464
0.007,60,0.01,0.038942887,0.057308755
0.008,60,0.01,0.042538179,0.060244928
0.009,60,0.01,0.045957075,0.062898673
0.01,60,0.01,0.04922329,0.065275328
0.02,60,0.01,0.075885294,0.074706521
0.03,60,0.01,0.095441469,0.066994233
0.04,60,0.01,0.111153363,0.055902228
0.05,60,0.01,0.124642707,0.046530644
0.06,60,0.01,0.136679789,0.03926343
0.07,60,0.01,0.147671733,0.033702029
0.08,60,0.01,0.157856025,0.029451641
0.09,60,0.01,0.167382983,0.026137062
0.1,60,0.01,0.176357977,0.023465615
0.11,60,0.01,0.184861293,0.021263337
0.12,60,0.01,0.192955748,0.019432677
0.13,60,0.01,0.20069049,0.017898553
0.14,60,0.01,0.208104688,0.016590605
0.15,60,0.01,0.215230904,0.015452151
0.16,60,0.01,0.222097156,0.014448058
0.17,60,0.01,0.228727657,0.013560055
0.18,60,0.01,0.235143023,0.012775599
0.19,60,0.01,0.241360646,0.012080224
0.2,60,0.01,0.247395402,0.01145719
0.21,60,0.01,0.253260401,0.010891394
0.22,60,0.01,0.258967508,0.010372794
0.23,60,0.01,0.264527523,0.009896594
0.24,60,0.01,0.269950147,0.009460708
0.25,60,0.01,0.275243951,0.009062863
0.001,65,0.01,0.008536596,0.032256114
0.002,65,0.01,0.014883805,0.037540078
0.003,65,0.01,0.020091938,0.042265306
0.004,65,0.01,0.024619899,0.046532726
0.005,65,0.01,0.028699176,0.050412154
0.006,65,0.01,0.032458537,0.053950748
0.007,65,0.01,0.035974875,0.057179365
0.008,65,0.01,0.039296674,0.060117013
0.009,65,0.01,0.042455896,0.062774437
0.01,65,0.01,0.04547446,0.06515702
0.02,65,0.01,0.070134763,0.074732361
0.03,65,0.01,0.088243322,0.067145937
0.04,65,0.01,0.102800342,0.056092058
0.05,65,0.01,0.115303606,0.046722307
0.06,65,0.01,0.126465438,0.039446336
0.07,65,0.01,0.136662439,0.033870642
0.08,65,0.01,0.146114367,0.029605847
0.09,65,0.01,0.154960143,0.026280743
0.1,65,0.01,0.163296911,0.023601693
0.11,65,0.01,0.171198655,0.021392135
0.12,65,0.01,0.178723354,0.019553961
0.13,65,0.01,0.185916415,0.018013408
0.14,65,0.01,0.192813973,0.01670102
0.15,65,0.01,0.19944599,0.015559515
0.16,65,0.01,0.205838234,0.014552451
0.17,65,0.01,0.212013029,0.013660861
0.18,65,0.01,0.217989435,0.012872519
0.19,65,0.01,0.223783547,0.012173786
0.2,65,0.01,0.229409094,0.011548422
0.21,65,0.01,0.234878134,0.010981134
0.22,65,0.01,0.24020156,0.010461222
0.23,65,0.01,0.245389305,0.009983289
0.24,65,0.01,0.25045033,0.009545137
0.25,65,0.01,0.255392581,0.009144829
0.001,70,0.01,0.007933001,0.032175561
0.002,70,0.01,0.013830713,0.037449626
0.003,70,0.01,0.018669676,0.042166905
0.004,70,0.01,0.022876577,0.046428346
0.005,70,0.01,0.026666661,0.050303468
0.006,70,0.01,0.030159667,0.053839567
0.007,70,0.01,0.033427099,0.057067432
0.008,70,0.01,0.036514045,0.060006224
0.009,70,0.01,0.039450224,0.062666645
0.01,70,0.01,0.042256014,0.065054155
0.02,70,0.01,0.06519382,0.07475191
0.03,70,0.01,0.08205393,0.067273692
0.04,70,0.01,0.095613839,0.056252879
0.05,70,0.01,0.107264949,0.046884827
0.06,70,0.01,0.117669723,0.039601507
0.07,70,0.01,0.127178489,0.034013791
0.08,70,0.01,0.135995737,0.029736762
0.09,70,0.01,0.144250606,0.026402731
0.1,70,0.01,0.152033213,0.023717332
0.11,70,0.01,0.159412156,0.021501741
0.12,70,0.01,0.166441265,0.019657248
0.13,70,0.01,0.173162744,0.018111173
0.14,70,0.01,0.179610134,0.016794896
0.15,70,0.01,0.185811188,0.015650744
0.16,70,0.01,0.191789757,0.014641192
0.17,70,0.01,0.197566543,0.013746582
0.18,70,0.01,0.203159265,0.012954875
0.19,70,0.01,0.208582904,0.012253144
0.2,70,0.01,0.21385021,0.011625618
0.21,70,0.01,0.218972347,0.01105693
0.22,70,0.01,0.223959383,0.010535867
0.23,70,0.01,0.228820509,0.010056498
0.24,70,0.01,0.233564044,0.009616439
0.25,70,0.01,0.238197388,0.009213979
0.001,5,0.02,0.097795462,0.056932895
0.002,5,0.02,0.171320462,0.064923576
0.003,5,0.02,0.231684778,0.071514788
0.004,5,0.02,0.283705197,0.076859138
0.005,5,0.02,0.329792591,0.081052064
0.006,5,0.02,0.371286589,0.084161207
0.007,5,0.02,0.40900101,0.08624661
0.008,5,0.02,0.443474919,0.087373438
0.009,5,0.02,0.475097659,0.087618258
0.01,5,0.02,0.504173938,0.08707012
0.02,5,0.02,0.699118828,0.05912576
0.03,5,0.02,0.801223883,0.029609805
0.04,5,0.02,0.861559859,0.011868575
0.05,5,0.02,0.898156147,0.004029514
0.06,5,0.02,0.920675749,0.001416621
0.07,5,0.02,0.935176447,0.000573152
0.08,5,0.02,0.945083899,0.000266456
0.09,5,0.02,0.952227403,0.000138535
0.1,5,0.02,0.957607344,7.85645E-05
0.11,5,0.02,0.961801069,4.76868E-05
0.12,5,0.02,0.96516097,3.05513E-05
0.13,5,0.02,0.967913128,2.04506E-05
0.14,5,0.02,0.970208876,1.4193E-05
0.15,5,0.02,0.972153206,1.01518E-05
0.16,5,0.02,0.973821209,7.45112E-06
0.17,5,0.02,0.975267994,5.59131E-06
0.18,5,0.02,0.976534917,4.27534E-06
0.19,5,0.02,0.977653623,3.32532E-06
0.2,5,0.02,0.978648732,2.62403E-06
0.21,5,0.02,0.979539695,2.09997E-06
0.22,5,0.02,0.980342076,1.69941E-06
0.23,5,0.02,0.981068484,1.39032E-06
0.24,5,0.02,0.981729238,1.14798E-06
0.25,5,0.02,0.982332869,9.55889E-07
0.001,10,0.02,0.053291126,0.06001394
0.002,10,0.02,0.09347455,0.069447283
0.003,10,0.02,0.126747541,0.077763831
0.004,10,0.02,0.155808062,0.085147781
0.005,10,0.02,0.182009225,0.091717116
0.006,10,0.02,0.20609787,0.097544629
0.007,10,0.02,0.228516163,0.102673001
0.008,10,0.02,0.249541112,0.107126334
0.009,10,0.02,0.26935547,0.110919118
0.01,10,0.02,0.288086452,0.114063231
0.02,10,0.02,0.430757358,0.116004484
0.03,10,0.02,0.52267347,0.093658943
0.04,10,0.02,0.590130093,0.072252469
0.05,10,0.02,0.644310877,0.056120368
0.06,10,0.02,0.689911415,0.044391414
0.07,10,0.02,0.729214767,0.035718626
0.08,10,0.02,0.763528009,0.029118174
0.09,10,0.02,0.793707872,0.023950797
0.1,10,0.02,0.820364277,0.019794356
0.11,10,0.02,0.843954358,0.016378758
0.12,10,0.02,0.864832047,0.013518891
0.13,10,0.02,0.883275725,0.011084071
0.14,10,0.02,0.899506933,0.00898284
0.15,10,0.02,0.913702552,0.007145886
0.16,10,0.02,0.926002887,0.005521756
0.17,10,0.02,0.936518473,0.004074678
0.18,10,0.02,0.945338483,0.002793463
0.19,10,0.02,0.952550082,0.001721668
0.2,10,0.02,0.958280927,0.000954782
0.21,10,0.02,0.962743542,0.000509478
0.22,10,0.02,0.966213481,0.00028134
0.23,10,0.02,0.968952248,0.000165522
0.24,10,0.02,0.971161307,0.000103733
0.25,10,0.02,0.972982117,6.86195E-05
0.001,15,0.02,0.036434782,0.058475523
0.002,15,0.02,0.063863765,0.067860418
0.003,15,0.02,0.086577036,0.07621234
0.004,15,0.02,0.106445097,0.083716755
0.005,15,0.02,0.124408054,0.090497099
0.006,15,0.02,0.140985922,0.096632976
0.007,15,0.02,0.156486846,0.102173074
0.008,15,0.02,0.171103313,0.107144819
0.009,15,0.02,0.184961007,0.111562015
0.01,15,0.02,0.198145524,0.115431087
0.02,15,0.02,0.301983875,0.126689539
0.03,15,0.02,0.372034105,0.109308552
0.04,15,0.02,0.424747233,0.088772796
0.05,15,0.02,0.468120502,0.072143436
0.06,15,0.02,0.5056654,0.059589994
0.07,15,0.02,0.539080895,0.050180366
0.08,15,0.02,0.569302971,0.042981935
0.09,15,0.02,0.596917789,0.037333884
0.1,15,0.02,0.622335867,0.032811431
0.11,15,0.02,0.645863808,0.029114626
0.12,15,0.02,0.667738464,0.026030606
0.13,15,0.02,0.688149319,0.023420292
0.14,15,0.02,0.707252357,0.021187311
0.15,15,0.02,0.725177124,0.019254324
0.16,15,0.02,0.74203171,0.017561057
0.17,15,0.02,0.757907834,0.016065722
0.18,15,0.02,0.772884767,0.014737814
0.19,15,0.02,0.787031313,0.013550458
0.2,15,0.02,0.800407055,0.01248019
0.21,15,0.02,0.813063985,0.011509643
0.22,15,0.02,0.825048192,0.010626483
0.23,15,0.02,0.836400816,0.00981975
0.24,15,0.02,0.847158417,0.009078667
0.25,15,0.02,0.857353439,0.008394313
0.001,20,0.02,0.02765484,0.057185928
0.002,20,0.02,0.048447527,0.066447941
0.003,20,0.02,0.065657558,0.074720592
0.004,20,0.02,0.08071581,0.082187258
0.005,20,0.02,0.094342202,0.08897223
0.006,20,0.02,0.106935481,0.095157453
0.007,20,0.02,0.118732221,0.10079449
0.008,20,0.02,0.129880245,0.105913308
0.009,20,0.02,0.14047588,0.110529119
0.01,20,0.02,0.150584324,0.114648119
0.02,20,0.02,0.231416445,0.130023347
0.03,20,0.02,0.287134419,0.115485246
0.04,20,0.02,0.329473795,0.095665589
0.05,20,0.02,0.364577306,0.078935553
0.06,20,0.02,0.395223467,0.066014162
0.07,20,0.02,0.42276195,0.056207224
0.08,20,0.02,0.447929399,0.04868181
0.09,20,0.02,0.471175406,0.042762268
0.1,20,0.02,0.492807234,0.038005377
0.11,20,0.02,0.513053748,0.034120207
0.12,20,0.02,0.532092084,0.030890128
0.13,20,0.02,0.550062219,0.028155108
0.14,20,0.02,0.567078278,0.025808693
0.15,20,0.02,0.583236142,0.023779403
0.16,20,0.02,0.598617116,0.022010021
0.17,20,0.02,0.613289903,0.020450983
0.18,20,0.02,0.627312896,0.019063762
0.19,20,0.02,0.640736759,0.017822047
0.2,20,0.02,0.653606285,0.016706972
0.21,20,0.02,0.665961175,0.015701496
0.22,20,0.02,0.677836348,0.014788975
0.23,20,0.02,0.689262483,0.013955204
0.24,20,0.02,0.700266909,0.013190125
0.25,20,0.02,0.710874415,0.012486907
0.001,25,0.02,0.022278833,0.056263935
0.002,25,0.02,0.039014375,0.065424008
0.003,25,0.02,0.052860543,0.073621574
0.004,25,0.02,0.064975725,0.081037925
0.005,25,0.02,0.075943102,0.087797173
0.006,25,0.02,0.086085955,0.093982271
0.007,25,0.02,0.095596249,0.0996463
0.008,25,0.02,0.104594003,0.104820791
0.009,25,0.02,0.113157392,0.109522123
0.01,25,0.02,0.121339201,0.11375693
0.02,25,0.02,0.18733337,0.131397364
0.03,25,0.02,0.233401403,0.11866637
0.04,25,0.02,0.268596157,0.099378074
0.05,25,0.02,0.297881945,0.082643295
0.06,25,0.02,0.323550674,0.069532732
0.07,25,0.02,0.346719847,0.059488888
0.08,25,0.02,0.367997873,0.051757662
0.09,25,0.02,0.387751731,0.04567296
0.1,25,0.02,0.40622758,0.040771836
0.11,25,0.02,0.42360724,0.036760107
0.12,25,0.02,0.440032098,0.033428484
0.13,25,0.02,0.455613945,0.030613589
0.14,25,0.02,0.470442931,0.028196734
0.15,25,0.02,0.484594208,0.026100067
0.16,25,0.02,0.49813203,0.024269874
0.17,25,0.02,0.51111149,0.022661166
0.18,25,0.02,0.523579498,0.021233586
0.19,25,0.02,0.535576158,0.019954743
0.2,25,0.02,0.547136461,0.018802178
0.21,25,0.02,0.558291602,0.017760591
0.22,25,0.02,0.569069577,0.016817101
0.23,25,0.02,0.579495306,0.015958611
0.24,25,0.02,0.589590783,0.015172421
0.25,25,0.02,0.599375508,0.014448203
0.001,30,0.02,0.018651254,0.055594928
0.002,30,0.02,0.032652513,0.064676795
0.003,30,0.02,0.044232526,0.072814138
0.004,30,0.02,0.054364344,0.080186662
0.005,30,0.02,0.063538046,0.086918112
0.006,30,0.02,0.072025448,0.093091909
0.007,30,0.02,0.079988059,0.098762023
0.008,30,0.02,0.087526906,0.103961022
0.009,30,0.02,0.094707794,0.108706193
0.01,30,0.02,0.101575105,0.113004614
0.02,30,0.02,0.157275841,0.132063232
0.03,30,0.02,0.19648312,0.120573518
0.04,30,0.02,0.226539719,0.101684459
0.05,30,0.02,0.251602653,0.084971254
0.06,30,0.02,0.273619818,0.071751055
0.07,30,0.02,0.29354386,0.061554418
0.08,30,0.02,0.311893051,0.053682986
0.09,30,0.02,0.328978196,0.04748695
0.1,30,0.02,0.345005172,0.042491268
0.11,30,0.02,0.360124651,0.038393789
0.12,30,0.02,0.374454,0.034989279
0.13,30,0.02,0.388086421,0.032117254
0.14,30,0.02,0.401096776,0.029653724
0.15,30,0.02,0.413546887,0.027513432
0.16,30,0.02,0.425489498,0.025640703
0.17,30,0.02,0.436970251,0.02399377
0.18,30,0.02,0.448028409,0.022535024
0.19,30,0.02,0.458697519,0.021230752
0.2,30,0.02,0.469006494,0.02005462
0.21,30,0.02,0.478980832,0.018988723
0.22,30,0.02,0.488643482,0.018020804
0.23,30,0.02,0.498015178,0.017140283
0.24,30,0.02,0.507114467,0.01633611
0.25,30,0.02,0.515957776,0.015597242
0.001,35,0.02,0.01603877,0.055092138
0.002,35,0.02,0.028072864,0.064113197
0.003,35,0.02,0.038023212,0.07220269
0.004,35,0.02,0.046728627,0.079539095
0.005,35,0.02,0.054611691,0.086245652
0.006,35,0.02,0.061906882,0.092406081
0.007,35,0.02,0.068753587,0.098074989
0.008,35,0.02,0.075239027,0.103285566
0.009,35,0.02,0.081420024,0.108055795
0.01,35,0.02,0.087334879,0.112393173
0.02,35,0.02,0.135496741,0.13241817
0.03,35,0.02,0.169597896,0.121831455
0.04,35,0.02,0.195803183,0.103251052
0.05,35,0.02,0.217684569,0.086566349
0.06,35,0.02,0.236934714,0.073276934
0.07,35,0.02,0.254383439,0.062975171
0.08,35,0.02,0.270482107,0.055002654
0.09,35,0.02,0.285500555,0.048725962
0.1,35,0.02,0.299616008,0.043663576
0.11,35,0.02,0.31295711,0.039505355
0.12,35,0.02,0.325624032,0.036047108
0.13,35,0.02,0.337696657,0.033131946
0.14,35,0.02,0.349239139,0.030634463
0.15,35,0.02,0.3603041,0.028464167
0.16,35,0.02,0.370936206,0.026561898
0.17,35,0.02,0.381174229,0.024886621
0.18,35,0.02,0.391051824,0.023403371
0.19,35,0.02,0.400597899,0.022079432
0.2,35,0.02,0.409837257,0.020886782
0.21,35,0.02,0.418791543,0.019804854
0.22,35,0.02,0.427480114,0.018820052
0.23,35,0.02,0.435920545,0.017922553
0.24,35,0.02,0.444128746,0.017103076
0.25,35,0.02,0.45211895,0.016351687
0.001,40,0.02,0.014067862,0.054700966
0.002,40,0.02,0.024619069,0.063673782
0.003,40,0.02,0.033341414,0.071724895
0.004,40,0.02,0.040971999,0.079031615
0.005,40,0.02,0.047882243,0.085716893
0.006,40,0.02,0.054278298,0.091864577
0.007,40,0.02,0.060282752,0.097529626
0.008,40,0.02,0.065972344,0.102745833
0.009,40,0.02,0.071397071,0.107531633
0.01,40,0.02,0.076590622,0.111894869
0.02,40,0.02,0.119000188,0.13261975
0.03,40,0.02,0.149160713,0.122719133
0.04,40,0.02,0.172379255,0.104383361
0.05,40,0.02,0.191785335,0.087727057
0.06,40,0.02,0.208875016,0.074390488
0.07,40,0.02,0.22438317,0.064012291
0.08,40,0.02,0.238709501,0.055963586
0.09,40,0.02,0.252092527,0.049625574
0.1,40,0.02,0.264687975,0.044513551
0.11,40,0.02,0.276608109,0.040310504
0.12,40,0.02,0.287940228,0.03681166
0.13,40,0.02,0.298754184,0.033863066
0.14,40,0.02,0.309106148,0.031339547
0.15,40,0.02,0.319042012,0.029147284
0.16,40,0.02,0.328600512,0.027223725
0.17,40,0.02,0.33781528,0.025527267
0.18,40,0.02,0.346715688,0.024024685
0.19,40,0.02,0.355327122,0.022684808
0.2,40,0.02,0.363671366,0.021479317
0.21,40,0.02,0.371767301,0.020385903
0.22,40,0.02,0.379631678,0.019389307
0.23,40,0.02,0.387279685,0.018479372
0.24,40,0.02,0.394725167,0.017647767
0.25,40,0.02,0.401980628,0.016885787
0.001,45,0.02,0.012528129,0.054390167
0.002,45,0.02,0.021921597,0.063324046
0.003,45,0.02,0.02968551,0.071343928
0.004,45,0.02,0.036477245,0.078626133
0.005,45,0.02,0.042628109,0.085293383
0.006,45,0.02,0.048322025,0.091429549
0.007,45,0.02,0.053668399,0.097089939
0.008,45,0.02,0.058735732,0.10230872
0.009,45,0.02,0.063568663,0.107104677
0.01,45,0.02,0.068197263,0.11148598
0.02,45,0.02,0.106076411,0.132738979
0.03,45,0.02,0.133106966,0.123375788
0.04,45,0.02,0.153944729,0.105237783
0.05,45,0.02,0.171373325,0.088607847
0.06,45,0.02,0.186732862,0.075237783
0.07,45,0.02,0.200682666,0.064802173
0.08,45,0.02,0.213581365,0.056694603
0.09,45,0.02,0.225642724,0.050308739
0.1,45,0.02,0.237005714,0.045158504
0.11,45,0.02,0.247769953,0.040921227
0.12,45,0.02,0.258012772,0.037390817
0.13,45,0.02,0.267796202,0.034415547
0.14,45,0.02,0.277170219,0.031871172
0.15,45,0.02,0.286175554,0.029661857
0.16,45,0.02,0.294846423,0.02772222
0.17,45,0.02,0.303212494,0.026009567
0.18,45,0.02,0.311299772,0.024491617
0.19,45,0.02,0.319130862,0.023138645
0.2,45,0.02,0.326725205,0.021922679
0.21,45,0.02,0.334099586,0.020820402
0.22,45,0.02,0.341268796,0.019815141
0.23,45,0.02,0.348246191,0.018895965
0.24,45,0.02,0.355043983,0.018054865
0.25,45,0.02,0.361673283,0.01728407
0.001,50,0.02,0.011292087,0.054137162
0.002,50,0.02,0.019756644,0.063039136
0.003,50,0.02,0.026751765,0.071033159
0.004,50,0.02,0.032870668,0.078294957
0.005,50,0.02,0.038412358,0.08494692
0.006,50,0.02,0.043542859,0.091072951
0.007,50,0.02,0.048360951,0.096728584
0.008,50,0.02,0.052928496,0.101948337
0.009,50,0.02,0.05728581,0.106751273
0.01,50,0.02,0.061460053,0.111145817
0.02,50,0.02,0.095680087,0.132811556
0.03,50,0.02,0.120165958,0.12388096
0.04,50,0.02,0.139062838,0.105906124
0.05,50,0.02,0.154876742,0.089299973
0.06,50,0.02,0.168821109,0.075904946
0.07,50,0.02,0.181493749,0.065424488
0.08,50,0.02,0.193219849,0.057269821
0.09,50,0.02,0.204193096,0.050845251
0.1,50,0.02,0.214539009,0.045664406
0.11,50,0.02,0.224347141,0.041400024
0.12,50,0.02,0.233686881,0.037844414
0.13,50,0.02,0.242613991,0.034847446
0.14,50,0.02,0.251173488,0.032286016
0.15,50,0.02,0.259402005,0.030063051
0.16,50,0.02,0.267330202,0.028110903
0.17,50,0.02,0.274984607,0.026385615
0.18,50,0.02,0.282388525,0.024855349
0.19,50,0.02,0.289562312,0.023491563
0.2,50,0.02,0.296523525,0.022266871
0.21,50,0.02,0.303287295,0.021157464
0.22,50,0.02,0.309866883,0.020145557
0.23,50,0.02,0.316274214,0.019219382
0.24,50,0.02,0.32252019,0.018370863
0.25,50,0.02,0.328614784,0.017592841
0.001,55,0.02,0.010278069,0.053926681
0.002,55,0.02,0.017980884,0.062801946
0.003,55,0.02,0.024345704,0.070774263
0.004,55,0.02,0.029913003,0.078018738
0.005,55,0.02,0.034955227,0.084657571
0.006,55,0.02,0.039623677,0.09077467
0.007,55,0.02,0.044008388,0.09642577
0.008,55,0.02,0.048165757,0.101645581
0.009,55,0.02,0.052132544,0.10645348
0.01,55,0.02,0.055933508,0.110858073
0.02,55,0.02,0.087137191,0.132855011
0.03,55,0.02,0.109514308,0.124280115
0.04,55,0.02,0.126799297,0.106442226
0.05,55,0.02,0.141270567,0.089857465
0.06,55,0.02,0.154036672,0.076443358
0.07,55,0.02,0.16564437,0.065927093
0.08,55,0.02,0.1763911,0.057734049
0.09,55,0.02,0.18645393,0.051277643
0.1,55,0.02,0.195947329,0.046071792
0.11,55,0.02,0.20495265,0.041785494
0.12,55,0.02,0.213532809,0.038209385
0.13,55,0.02,0.221738439,0.035194503
0.14,55,0.02,0.229610488,0.032618849
0.15,55,0.02,0.237182259,0.030384668
0.16,55,0.02,0.244481536,0.028422495
0.17,55,0.02,0.251532303,0.026687114
0.18,55,0.02,0.258355661,0.025146822
0.19,55,0.02,0.264970109,0.023773995
0.2,55,0.02,0.271391651,0.02254191
0.21,55,0.02,0.277634073,0.021426568
0.22,55,0.02,0.283709409,0.020409355
0.23,55,0.02,0.289628431,0.019477712
0.24,55,0.02,0.295400982,0.018623317
0.25,55,0.02,0.301036089,0.017839358
0.001,60,0.02,0.009431116,0.053749502
0.002,60,0.02,0.016497923,0.062602031
0.003,60,0.02,0.022336589,0.070555902
0.004,60,0.02,0.027443454,0.07778559
0.005,60,0.02,0.032068737,0.0844131
0.006,60,0.02,0.036351414,0.090522343
0.007,60,0.02,0.040374198,0.096169193
0.008,60,0.02,0.044188907,0.101388579
0.009,60,0.02,0.047829321,0.106200119
0.01,60,0.02,0.051318191,0.110612532
0.02,60,0.02,0.079993007,0.132880981
0.03,60,0.02,0.100594562,0.124603578
0.04,60,0.02,0.116519946,0.106882124
0.05,60,0.02,0.12985764,0.090316496
0.06,60,0.02,0.141627941,0.076887379
0.07,60,0.02,0.152334569,0.066341877
0.08,60,0.02,0.162251567,0.058116989
0.09,60,0.02,0.171542019,0.051633925
0.1,60,0.02,0.180311147,0.046407212
0.11,60,0.02,0.188633493,0.042102798
0.12,60,0.02,0.1965666,0.038509696
0.13,60,0.02,0.204156826,0.035479747
0.14,60,0.02,0.211441726,0.032892023
0.15,60,0.02,0.218451832,0.030648381
0.16,60,0.02,0.225212553,0.028677905
0.17,60,0.02,0.231745779,0.026934248
0.18,60,0.02,0.238070777,0.025385617
0.19,60,0.02,0.244204488,0.024005102
0.2,60,0.02,0.250161613,0.022766632
0.21,60,0.02,0.25595482,0.021646194
0.22,60,0.02,0.261595131,0.020624577
0.23,60,0.02,0.267092375,0.019688526
0.24,60,0.02,0.272455518,0.018829377
0.25,60,0.02,0.277692799,0.018040505
0.001,65,0.02,0.008713093,0.053598357
0.002,65,0.02,0.015240879,0.062431467
0.003,65,0.02,0.020633707,0.070369466
0.004,65,0.02,0.025350443,0.077586395
0.005,65,0.02,0.029622433,0.084204078
0.006,65,0.02,0.033578183,0.090306414
0.007,65,0.02,0.037294184,0.095949374
0.008,65,0.02,0.040818366,0.10116811
0.009,65,0.02,0.044181973,0.105982346
0.01,65,0.02,0.047406049,0.110401001
0.02,65,0.02,0.073930401,0.132896028
0.03,65,0.02,0.093016667,0.12487105
0.04,65,0.02,0.107780043,0.107249695
0.05,65,0.02,0.120148165,0.090701053
0.06,65,0.02,0.131066047,0.07725972
0.07,65,0.02,0.141000641,0.066689753
0.08,65,0.02,0.150205997,0.058437824
0.09,65,0.02,0.158833266,0.05193193
0.1,65,0.02,0.166979817,0.046687425
0.11,65,0.02,0.174714436,0.042367714
0.12,65,0.02,0.18209014,0.038760293
0.13,65,0.02,0.189149667,0.035717568
0.14,65,0.02,0.195927695,0.033119562
0.15,65,0.02,0.202452417,0.030867947
0.16,65,0.02,0.208747248,0.028890639
0.17,65,0.02,0.214832317,0.02714023
0.18,65,0.02,0.220725346,0.025584736
0.19,65,0.02,0.226441959,0.024197793
0.2,65,0.02,0.231995745,0.022953911
0.21,65,0.02,0.237398425,0.021829171
0.22,65,0.02,0.242660174,0.020803928
0.23,65,0.02,0.247790037,0.019864319
0.24,65,0.02,0.252796243,0.019001324
0.25,65,0.02,0.257686368,0.018208378
0.001,70,0.02,0.008096648,0.053467936
0.002,70,0.02,0.014161795,0.062284274
0.003,70,0.02,0.019172021,0.070208492
0.004,70,0.02,0.02355398,0.07741435
0.005,70,0.02,0.027522792,0.084023376
0.006,70,0.02,0.031197959,0.090119582
0.007,70,0.02,0.034650623,0.095759015
0.008,70,0.02,0.037925363,0.100976921
0.009,70,0.02,0.041051246,0.105793211
0.01,70,0.02,0.044047847,0.110216937
0.02,70,0.02,0.068721272,0.132903676
0.03,70,0.02,0.086499361,0.125095317
0.04,70,0.02,0.100258312,0.107560703
0.05,70,0.02,0.111787815,0.091027111
0.06,70,0.02,0.121967922,0.077575712
0.07,70,0.02,0.131233804,0.066985182
0.08,70,0.02,0.139822234,0.058710351
0.09,70,0.02,0.147874056,0.052185077
0.1,70,0.02,0.155479885,0.046925536
0.11,70,0.02,0.162703587,0.042592996
0.12,70,0.02,0.169594308,0.038973511
0.13,70,0.02,0.176191693,0.035919893
0.14,70,0.02,0.182527951,0.033313014
0.15,70,0.02,0.188629273,0.0310545
0.16,70,0.02,0.194517376,0.02907134
0.17,70,0.02,0.200210892,0.027315173
0.18,70,0.02,0.205726227,0.025753783
0.19,70,0.02,0.211077869,0.024361213
0.2,70,0.02,0.216278453,0.023112503
0.21,70,0.02,0.221338883,0.021983892
0.22,70,0.02,0.226268614,0.020955438
0.23,70,0.02,0.231076022,0.020012754
0.24,70,0.02,0.235768714,0.019146463
0.25,70,0.02,0.240353695,0.018349995
0.001,5,0.03,0.09909156,0.070940586
0.002,5,0.03,0.173907639,0.081005401
0.003,5,0.03,0.23554598,0.089372392
0.004,5,0.03,0.288808244,0.096228761
0.005,5,0.03,0.336087614,0.101686995
0.006,5,0.03,0.378704527,0.105821673
0.007,5,0.03,0.417453618,0.108695495
0.008,5,0.03,0.452856501,0.110376504
0.009,5,0.03,0.4852884,0.110947432
0.01,5,0.03,0.515044393,0.110508354
0.02,5,0.03,0.710459623,0.076306427
0.03,5,0.03,0.808209914,0.038587178
0.04,5,0.03,0.864887445,0.015776695
0.05,5,0.03,0.899521814,0.005556164
0.06,5,0.03,0.921228916,0.0020183
0.07,5,0.03,0.935419349,0.00083304
0.08,5,0.03,0.94520216,0.000391622
0.09,5,0.03,0.952290611,0.000204924
0.1,5,0.03,0.95764383,0.000116669
0.11,5,0.03,0.961823484,7.09931E-05
0.12,5,0.03,0.965175456,4.55606E-05
0.13,5,0.03,0.967922888,3.05344E-05
0.14,5,0.03,0.970215682,2.12081E-05
0.15,5,0.03,0.972158095,1.51809E-05
0.16,5,0.03,0.973824808,1.11469E-05
0.17,5,0.03,0.975270701,8.36698E-06
0.18,5,0.03,0.976536993,6.40123E-06
0.19,5,0.03,0.97765524,4.97929E-06
0.2,5,0.03,0.978650011,3.93094E-06
0.21,5,0.03,0.979540719,3.14536E-06
0.22,5,0.03,0.980342906,2.54605E-06
0.23,5,0.03,0.981069163,2.08243E-06
0.24,5,0.03,0.9817298,1.72044E-06
0.25,5,0.03,0.982333337,1.43231E-06
0.001,10,0.03,0.054130744,0.076714784
0.002,10,0.03,0.095172472,0.088873299
0.003,10,0.03,0.129322082,0.099655753
0.004,10,0.03,0.159276355,0.109303209
0.005,10,0.03,0.186386231,0.117971018
0.006,10,0.03,0.211395243,0.125755029
0.007,10,0.03,0.234741023,0.132710198
0.008,10,0.03,0.256694837,0.138864901
0.009,10,0.03,0.277432606,0.14423214
0.01,10,0.03,0.297073865,0.148818584
0.02,10,0.03,0.446575854,0.156986981
0.03,10,0.03,0.540084247,0.130089818
0.04,10,0.03,0.606412048,0.101836398
0.05,10,0.03,0.658717427,0.079734824
0.06,10,0.03,0.702415864,0.063320713
0.07,10,0.03,0.739999679,0.051036656
0.08,10,0.03,0.77280683,0.041624595
0.09,10,0.03,0.801670761,0.034223603
0.1,10,0.03,0.82717067,0.028255379
0.11,10,0.03,0.849735676,0.02334123
0.12,10,0.03,0.869697052,0.019220315
0.13,10,0.03,0.887316239,0.01570924
0.14,10,0.03,0.902801956,0.012678889
0.15,10,0.03,0.916322349,0.010033606
0.16,10,0.03,0.92801352,0.007705048
0.17,10,0.03,0.937987469,0.00564964
0.18,10,0.03,0.946342841,0.003858863
0.19,10,0.03,0.953184271,0.002388594
0.2,10,0.03,0.958654048,0.001344519
0.21,10,0.03,0.962956635,0.00073093
0.22,10,0.03,0.966337433,0.000409662
0.23,10,0.03,0.969027674,0.000243377
0.24,10,0.03,0.971209592,0.000153457
0.25,10,0.03,0.9730145,0.000101904
0.001,15,0.03,0.03701103,0.075216241
0.002,15,0.03,0.065030198,0.087364242
0.003,15,0.03,0.088347943,0.098225937
0.004,15,0.03,0.108834776,0.10804606
0.005,15,0.03,0.127430364,0.116989116
0.006,15,0.03,0.144653739,0.125162414
0.007,15,0.03,0.160811423,0.13263207
0.008,15,0.03,0.176093587,0.139434995
0.009,15,0.03,0.190622879,0.145588224
0.01,15,0.03,0.204481176,0.151096708
0.02,15,0.03,0.314163716,0.17213203
0.03,15,0.03,0.386721746,0.153103262
0.04,15,0.03,0.439508157,0.126610106
0.05,15,0.03,0.482020089,0.103977869
0.06,15,0.03,0.518466035,0.086412918
0.07,15,0.03,0.550800881,0.073012003
0.08,15,0.03,0.580043965,0.062659793
0.09,15,0.03,0.606794483,0.054497771
0.1,15,0.03,0.63144994,0.047936895
0.11,15,0.03,0.654301123,0.042558582
0.12,15,0.03,0.675571935,0.038067326
0.13,15,0.03,0.695439898,0.03426289
0.14,15,0.03,0.714050345,0.031002788
0.15,15,0.03,0.731525138,0.028176615
0.16,15,0.03,0.747967019,0.02570025
0.17,15,0.03,0.763462883,0.023512927
0.18,15,0.03,0.778087355,0.021568409
0.19,15,0.03,0.791905613,0.019827653
0.2,15,0.03,0.80497477,0.018258151
0.21,15,0.03,0.817344711,0.016835172
0.22,15,0.03,0.829059272,0.015539776
0.23,15,0.03,0.840157534,0.014355384
0.24,15,0.03,0.850674594,0.013266903
0.25,15,0.03,0.860641824,0.012262016
0.001,20,0.03,0.028087478,0.073724762
0.002,20,0.03,0.049323459,0.085729335
0.003,20,0.03,0.066987853,0.096495624
0.004,20,0.03,0.08251175,0.106266102
0.005,20,0.03,0.096615018,0.115206868
0.006,20,0.03,0.109696021,0.123428949
0.007,20,0.03,0.121990548,0.13100321
0.008,20,0.03,0.133645181,0.137971246
0.009,20,0.03,0.144754522,0.144353833
0.01,20,0.03,0.155381545,0.150157881
0.02,20,0.03,0.240967937,0.176663978
0.03,20,0.03,0.29911981,0.162047155
0.04,20,0.03,0.341877389,0.136913759
0.05,20,0.03,0.376519629,0.114277843
0.06,20,0.03,0.40642816,0.096235954
0.07,20,0.03,0.433192264,0.082265796
0.08,20,0.03,0.457637145,0.071409357
0.09,20,0.03,0.480238522,0.062819926
0.1,20,0.03,0.501301163,0.055896235
0.11,20,0.03,0.521042382,0.050222239
0.12,20,0.03,0.539629321,0.045492982
0.13,20,0.03,0.557194607,0.041486693
0.14,20,0.03,0.573845327,0.038049856
0.15,20,0.03,0.589670412,0.035073753
0.16,20,0.03,0.60474581,0.032473448
0.17,20,0.03,0.619136943,0.030179853
0.18,20,0.03,0.632899878,0.02813976
0.19,20,0.03,0.646082744,0.026314242
0.2,20,0.03,0.658727583,0.024673326
0.21,20,0.03,0.670871855,0.0231911
0.22,20,0.03,0.682549129,0.02184448
0.23,20,0.03,0.693789263,0.020614427
0.24,20,0.03,0.704618664,0.019486517
0.25,20,0.03,0.715060895,0.018449642
0.001,25,0.03,0.022623641,0.072611661
0.002,25,0.03,0.039712543,0.084489928
0.003,25,0.03,0.053921005,0.095160037
0.004,25,0.03,0.066407666,0.104861938
0.005,25,0.03,0.077755776,0.113761633
0.006,25,0.03,0.088288452,0.121971653
0.007,25,0.03,0.098197213,0.129565261
0.008,25,0.03,0.107601299,0.136586696
0.009,25,0.03,0.116577751,0.143059163
0.01,25,0.03,0.125177836,0.148991267
0.02,25,0.03,0.195120491,0.178427576
0.03,25,0.03,0.243396634,0.166572375
0.04,25,0.03,0.279112493,0.142421985
0.05,25,0.03,0.308127958,0.119882132
0.06,25,0.03,0.333254118,0.101608545
0.07,25,0.03,0.355824289,0.087309779
0.08,25,0.03,0.376530488,0.076144334
0.09,25,0.03,0.395768913,0.067293367
0.1,25,0.03,0.41378889,0.060144224
0.11,25,0.03,0.430764287,0.054276665
0.12,25,0.03,0.446827704,0.049388167
0.13,25,0.03,0.462084931,0.04525117
0.14,25,0.03,0.476621462,0.041700488
0.15,25,0.03,0.490507479,0.038621075
0.16,25,0.03,0.503802336,0.03592928
0.17,25,0.03,0.516557528,0.033557911
0.18,25,0.03,0.528817931,0.031451068
0.19,25,0.03,0.540622321,0.029564689
0.2,25,0.03,0.552004132,0.027866084
0.21,25,0.03,0.562992636,0.026330533
0.22,25,0.03,0.573614044,0.024937183
0.23,25,0.03,0.583892117,0.023667005
0.24,25,0.03,0.593848299,0.022503121
0.25,25,0.03,0.603501724,0.021431859
0.001,30,0.03,0.01893739,0.071789212
0.002,30,0.03,0.033231903,0.083568544
0.003,30,0.03,0.04511263,0.09416015
0.004,30,0.03,0.055552872,0.103801995
0.005,30,0.03,0.065042815,0.11265955
0.006,30,0.03,0.073854212,0.120846087
0.007,30,0.03,0.08214829,0.128436199
0.008,30,0.03,0.090025539,0.135475827
0.009,30,0.03,0.097550943,0.141989799
0.01,30,0.03,0.104767762,0.147988009
0.02,30,0.03,0.163827793,0.179223837
0.03,30,0.03,0.2050173,0.169245262
0.04,30,0.03,0.235615796,0.145822295
0.05,30,0.03,0.260511978,0.12339041
0.06,30,0.03,0.282105697,0.104989692
0.07,30,0.03,0.301543288,0.09048307
0.08,30,0.03,0.319419943,0.07911144
0.09,30,0.03,0.336075406,0.070084906
0.1,30,0.03,0.351721457,0.062785655
0.11,30,0.03,0.366503476,0.056786676
0.12,30,0.03,0.380531193,0.051786615
0.13,30,0.03,0.393892318,0.047558058
0.14,30,0.03,0.406658107,0.043930192
0.15,30,0.03,0.418886859,0.040781318
0.16,30,0.03,0.430627371,0.038025525
0.17,30,0.03,0.441921785,0.035597168
0.18,30,0.03,0.452807122,0.033441478
0.19,30,0.03,0.463315787,0.031512729
0.2,30,0.03,0.473475835,0.029775108
0.21,30,0.03,0.483311582,0.028202005
0.22,30,0.03,0.49284448,0.026773
0.23,30,0.03,0.502093896,0.025470608
0.24,30,0.03,0.511077517,0.024278677
0.25,30,0.03,0.519811411,0.023182632
0.001,35,0.03,0.016283097,0.07116491
0.002,35,0.03,0.028567605,0.082866554
0.003,35,0.03,0.038774763,0.093395403
0.004,35,0.03,0.047743613,0.102987613
0.005,35,0.03,0.055896864,0.111808193
0.006,35,0.03,0.063468978,0.119970757
0.007,35,0.03,0.070599149,0.127550767
0.008,35,0.03,0.077374206,0.134595277
0.009,35,0.03,0.083850339,0.14113027
0.01,35,0.03,0.090064971,0.14716663
0.02,35,0.03,0.141143494,0.179611082
0.03,35,0.03,0.177029192,0.170986909
0.04,35,0.03,0.203766495,0.148120253
0.05,35,0.03,0.225542417,0.125788574
0.06,35,0.03,0.244448227,0.107311964
0.07,35,0.03,0.261488423,0.092664295
0.08,35,0.03,0.277184827,0.081146297
0.09,35,0.03,0.291834851,0.071993659
0.1,35,0.03,0.305622873,0.064587512
0.11,35,0.03,0.318674087,0.058494628
0.12,35,0.03,0.331082083,0.053413141
0.13,35,0.03,0.342921628,0.049116956
0.14,35,0.03,0.354253752,0.045433014
0.15,35,0.03,0.365128434,0.042234909
0.16,35,0.03,0.375587233,0.039433564
0.17,35,0.03,0.385665786,0.036963346
0.18,35,0.03,0.395395437,0.034770837
0.19,35,0.03,0.404803866,0.032810473
0.2,35,0.03,0.413915251,0.031044888
0.21,35,0.03,0.422750536,0.029445451
0.22,35,0.03,0.431328013,0.02799081
0.23,35,0.03,0.439664019,0.026663978
0.24,35,0.03,0.447773459,0.025449865
0.25,35,0.03,0.455670006,0.024334369
0.001,40,0.03,0.014280945,0.070676304
0.002,40,0.03,0.025050548,0.082315953
0.003,40,0.03,0.033996881,0.092794196
0.004,40,0.03,0.041857257,0.102345619
0.005,40,0.03,0.049003227,0.111134902
0.006,40,0.03,0.055640951,0.119275764
0.007,40,0.03,0.061892883,0.126844254
0.008,40,0.03,0.067835454,0.133888228
0.009,40,0.03,0.073518159,0.140434552
0.01,40,0.03,0.078973972,0.146494857
0.02,40,0.03,0.123957745,0.179804776
0.03,40,0.03,0.155735015,0.172203307
0.04,40,0.03,0.179464152,0.149774219
0.05,40,0.03,0.198803344,0.1275303
0.06,40,0.03,0.215604471,0.109004788
0.07,40,0.03,0.23076101,0.094255647
0.08,40,0.03,0.24473735,0.082628587
0.09,40,0.03,0.257797937,0.073380916
0.1,40,0.03,0.270106151,0.065894795
0.11,40,0.03,0.281772066,0.059731911
0.12,40,0.03,0.292877307,0.054589034
0.13,40,0.03,0.303486955,0.050241204
0.14,40,0.03,0.313654331,0.04651466
0.15,40,0.03,0.323423207,0.04327989
0.16,40,0.03,0.332829851,0.040444877
0.17,40,0.03,0.341905164,0.037943187
0.18,40,0.03,0.350676269,0.03572226
0.19,40,0.03,0.359167242,0.03373725
0.2,40,0.03,0.36739928,0.031950274
0.21,40,0.03,0.375390815,0.030331325
0.22,40,0.03,0.383157874,0.02885787
0.23,40,0.03,0.390714635,0.027512704
0.24,40,0.03,0.398073951,0.026281325
0.25,40,0.03,0.405247645,0.025150323
0.001,45,0.03,0.012717006,0.070286399
0.002,45,0.03,0.022304063,0.081875856
0.003,45,0.03,0.030266528,0.092312748
0.004,45,0.03,0.037261979,0.101830589
0.005,45,0.03,0.043621844,0.11059345
0.006,45,0.03,0.049530076,0.118715297
0.007,45,0.03,0.055095979,0.126272543
0.008,45,0.03,0.06038781,0.133313697
0.009,45,0.03,0.065449791,0.139866191
0.01,45,0.03,0.070311393,0.145942288
0.02,45,0.03,0.110492793,0.179899399
0.03,45,0.03,0.138998162,0.173095402
0.04,45,0.03,0.160321327,0.151018221
0.05,45,0.03,0.177708448,0.128850193
0.06,45,0.03,0.192820586,0.110291875
0.07,45,0.03,0.206462071,0.095467118
0.08,45,0.03,0.21905116,0.083756434
0.09,45,0.03,0.230825898,0.074435078
0.1,45,0.03,0.241933019,0.066887156
0.11,45,0.03,0.252470825,0.060670343
0.12,45,0.03,0.262511718,0.055479709
0.13,45,0.03,0.272113293,0.051091161
0.14,45,0.03,0.281322859,0.047330948
0.15,45,0.03,0.290179356,0.044067568
0.16,45,0.03,0.298715001,0.041206608
0.17,45,0.03,0.306957097,0.038680544
0.18,45,0.03,0.314929532,0.036437205
0.19,45,0.03,0.322653564,0.034432483
0.2,45,0.03,0.330148028,0.032628497
0.21,45,0.03,0.337429378,0.030994373
0.22,45,0.03,0.344511912,0.029506559
0.23,45,0.03,0.351408192,0.028147323
0.24,45,0.03,0.358129526,0.026902366
0.25,45,0.03,0.364686301,0.025758832
0.001,50,0.03,0.01146167,0.069968048
0.002,50,0.03,0.020100042,0.081516237
0.003,50,0.03,0.02727344,0.091918929
0.004,50,0.03,0.033575266,0.101408709
0.005,50,0.03,0.039304645,0.110149331
0.006,50,0.03,0.044627636,0.118254695
0.007,50,0.03,0.049642945,0.125801615
0.008,50,0.03,0.054412229,0.132839014
0.009,50,0.03,0.058975456,0.139394922
0.01,50,0.03,0.063359266,0.145481983
0.02,50,0.03,0.099660771,0.179941163
0.03,50,0.03,0.125500827,0.173776602
0.04,50,0.03,0.14485749,0.151988465
0.05,50,0.03,0.160647261,0.129885964
0.06,50,0.03,0.174375682,0.111304503
0.07,50,0.03,0.186773983,0.096421097
0.08,50,0.03,0.198222571,0.08464396
0.09,50,0.03,0.208937869,0.075263423
0.1,50,0.03,0.219053074,0.067665985
0.11,50,0.03,0.228657034,0.061406175
0.12,50,0.03,0.237814825,0.056177337
0.13,50,0.03,0.246578083,0.051755913
0.14,50,0.03,0.254989301,0.047968445
0.15,50,0.03,0.263083548,0.044682142
0.16,50,0.03,0.270889819,0.041800643
0.17,50,0.03,0.278432592,0.039255289
0.18,50,0.03,0.285733209,0.036994005
0.19,50,0.03,0.292810679,0.034973293
0.2,50,0.03,0.299681922,0.033155466
0.21,50,0.03,0.306361793,0.031509189
0.22,50,0.03,0.312863209,0.030010079
0.23,50,0.03,0.319197474,0.028639825
0.24,50,0.03,0.325374697,0.027384088
0.25,50,0.03,0.331404134,0.026230378
0.001,55,0.03,0.010431919,0.069702662
0.002,55,0.03,0.018292423,0.081216183
0.003,55,0.03,0.024818985,0.091590137
0.004,55,0.03,0.030552247,0.101056111
0.005,55,0.03,0.035764772,0.10977768
0.006,55,0.03,0.0406079,0.117868711
0.007,55,0.03,0.045171609,0.125406279
0.008,55,0.03,0.049512126,0.132439687
0.009,55,0.03,0.053665904,0.138997288
0.01,55,0.03,0.057657256,0.145092281
0.02,55,0.03,0.090759794,0.179951824
0.03,55,0.03,0.114387769,0.174311342
0.04,55,0.03,0.132107915,0.152764873
0.05,55,0.03,0.146567212,0.130719396
0.06,55,0.03,0.159142098,0.112121238
0.07,55,0.03,0.170502804,0.09719128
0.08,55,0.03,0.180998139,0.085360284
0.09,55,0.03,0.190826494,0.075931341
0.1,55,0.03,0.20010983,0.068293452
0.11,55,0.03,0.208929229,0.061998662
0.12,55,0.03,0.217343801,0.056738658
0.13,55,0.03,0.225400336,0.052290211
0.14,55,0.03,0.233137388,0.048480248
0.15,55,0.03,0.240586849,0.045175139
0.16,55,0.03,0.247775089,0.042276972
0.17,55,0.03,0.254724304,0.039716003
0.18,55,0.03,0.261453784,0.037440073
0.19,55,0.03,0.267980706,0.035406141
0.2,55,0.03,0.274320416,0.03357683
0.21,55,0.03,0.280486443,0.031920549
0.22,55,0.03,0.286490572,0.030412283
0.23,55,0.03,0.292343092,0.029033185
0.24,55,0.03,0.298053155,0.027768734
0.25,55,0.03,0.303629109,0.026606671
0.001,60,0.03,0.009571895,0.069478903
0.002,60,0.03,0.016782993,0.080962885
0.003,60,0.03,0.022769662,0.091312377
0.004,60,0.03,0.028028397,0.100758031
0.005,60,0.03,0.03280953,0.109463218
0.006,60,0.03,0.037252078,0.117541766
0.007,60,0.03,0.041438709,0.125070923
0.008,60,0.03,0.045421096,0.132100334
0.009,60,0.03,0.04923275,0.13865873
0.01,60,0.03,0.052896026,0.144759553
0.02,60,0.03,0.08331625,0.17994558
0.03,60,0.03,0.105079413,0.174742267
0.04,60,0.03,0.121416885,0.153400634
0.05,60,0.03,0.134751315,0.131404988
0.06,60,0.03,0.146350291,0.112794412
0.07,60,0.03,0.156832391,0.097826628
0.08,60,0.03,0.166519651,0.085951125
0.09,60,0.03,0.175595196,0.076481822
0.1,60,0.03,0.184171509,0.068810212
0.11,60,0.03,0.192323171,0.062486366
0.12,60,0.03,0.20010434,0.057200447
0.13,60,0.03,0.207557788,0.052729365
0.14,60,0.03,0.214718789,0.048900463
0.15,60,0.03,0.221616581,0.04557956
0.16,60,0.03,0.228275352,0.042667505
0.17,60,0.03,0.234715415,0.040093586
0.18,60,0.03,0.240954368,0.037805423
0.19,60,0.03,0.247007876,0.035760348
0.2,60,0.03,0.252889966,0.033921295
0.21,60,0.03,0.258613051,0.032256549
0.22,60,0.03,0.26418797,0.030740649
0.23,60,0.03,0.269624171,0.029354258
0.24,60,0.03,0.274930023,0.028082624
0.25,60,0.03,0.280113129,0.026913598
0.001,65,0.03,0.008842841,0.069287652
0.002,65,0.03,0.015503614,0.080746548
0.003,65,0.03,0.021032849,0.091074878
0.004,65,0.03,0.025889562,0.100503048
0.005,65,0.03,0.030305204,0.109194027
0.006,65,0.03,0.034408323,0.117261624
0.007,65,0.03,0.038275377,0.124783303
0.008,65,0.03,0.041954166,0.131808895
0.009,65,0.03,0.045475699,0.138367458
0.01,65,0.03,0.048860664,0.144472727
0.02,65,0.03,0.076999736,0.17992996
0.03,65,0.03,0.097169879,0.175096758
0.04,65,0.03,0.112323998,0.153930812
0.05,65,0.03,0.12469519,0.131978795
0.06,65,0.03,0.135458061,0.113358617
0.07,65,0.03,0.145186892,0.098359333
0.08,65,0.03,0.154180747,0.086446198
0.09,65,0.03,0.162609668,0.076942546
0.1,65,0.03,0.170578025,0.069242241
0.11,65,0.03,0.178154875,0.062893795
0.12,65,0.03,0.185390198,0.057585965
0.13,65,0.03,0.192323381,0.053095718
0.14,65,0.03,0.198986925,0.04925077
0.15,65,0.03,0.20540782,0.045916571
0.16,65,0.03,0.211608406,0.042992951
0.17,65,0.03,0.217607412,0.040408307
0.18,65,0.03,0.223421022,0.038110005
0.19,65,0.03,0.229063631,0.036055625
0.2,65,0.03,0.234548149,0.034208391
0.21,65,0.03,0.239886042,0.032536569
0.22,65,0.03,0.24508734,0.031014341
0.23,65,0.03,0.250160782,0.029621928
0.24,65,0.03,0.255114087,0.028344366
0.25,65,0.03,0.259954238,0.027169521
0.001,70,0.03,0.008216964,0.069122445
0.002,70,0.03,0.014405431,0.080559549
0.003,70,0.03,0.01954215,0.0908696
0.004,70,0.03,0.024053915,0.10028255
0.005,70,0.03,0.028155946,0.108961026
0.006,70,0.03,0.031967789,0.117018995
0.007,70,0.03,0.035560558,0.124533951
0.008,70,0.03,0.03897872,0.131555975
0.009,70,0.03,0.042251128,0.138114309
0.01,70,0.03,0.045397036,0.144222969
0.02,70,0.03,0.071572575,0.179908797
0.03,70,0.03,0.090366311,0.175392652
0.04,70,0.03,0.104496365,0.154378776
0.05,70,0.03,0.116033601,0.132465148
0.06,70,0.03,0.12607229,0.113837437
0.07,70,0.03,0.135148313,0.098811761
0.08,70,0.03,0.143540815,0.086866819
0.09,70,0.03,0.151408487,0.077334016
0.1,70,0.03,0.158848688,0.069609409
0.11,70,0.03,0.165925717,0.063240176
0.12,70,0.03,0.172685982,0.057913813
0.13,70,0.03,0.179165982,0.05340724
0.14,70,0.03,0.185395846,0.049548518
0.15,70,0.03,0.191400637,0.046202876
0.16,70,0.03,0.197201112,0.04326933
0.17,70,0.03,0.202814651,0.040675491
0.18,70,0.03,0.208256237,0.038368447
0.19,70,0.03,0.213539182,0.036305969
0.2,70,0.03,0.218675442,0.03445154
0.21,70,0.03,0.223675665,0.032773472
0.22,70,0.03,0.228549184,0.031245687
0.23,70,0.03,0.233304132,0.029848048
0.24,70,0.03,0.237947672,0.028565344
0.25,70,0.03,0.242486264,0.027385436
0.001,5,0.04,0.100016767,0.08093984
0.002,5,0.04,0.175757441,0.092503723
0.003,5,0.04,0.238312596,0.102167665
0.004,5,0.04,0.292474297,0.11014399
0.005,5,0.04,0.340623874,0.116556745
0.006,5,0.04,0.384068247,0.121483798
0.007,5,0.04,0.423587864,0.124987152
0.008,5,0.04,0.459690744,0.127133651
0.009,5,0.04,0.492740396,0.128006929
0.01,5,0.04,0.523023153,0.127711686
0.02,5,0.04,0.719021429,0.089277083
0.03,5,0.04,0.813627141,0.045548566
0.04,5,0.04,0.867586674,0.018946835
0.05,5,0.04,0.900699417,0.006872581
0.06,5,0.04,0.921732101,0.002565613
0.07,5,0.04,0.935648114,0.001077802
0.08,5,0.04,0.945315842,0.000511942
0.09,5,0.04,0.952352114,0.000269521
0.1,5,0.04,0.957679601,0.000154026
0.11,5,0.04,0.961845568,9.39553E-05
0.12,5,0.04,0.965189775,6.0397E-05
0.13,5,0.04,0.967932557,4.05241E-05
0.14,5,0.04,0.970222438,2.81717E-05
0.15,5,0.04,0.972162953,2.01781E-05
0.16,5,0.04,0.973828389,1.48242E-05
0.17,5,0.04,0.975273397,1.11314E-05
0.18,5,0.04,0.97653906,8.51791E-06
0.19,5,0.04,0.977656852,6.62814E-06
0.2,5,0.04,0.978651286,5.23376E-06
0.21,5,0.04,0.97954174,4.18769E-06
0.22,5,0.04,0.980343734,3.39066E-06
0.23,5,0.04,0.981069841,2.77351E-06
0.24,5,0.04,0.98173036,2.29086E-06
0.25,5,0.04,0.982333804,1.90771E-06
0.001,10,0.04,0.054768805,0.089406458
0.002,10,0.04,0.096464667,0.103657371
0.003,10,0.04,0.131285037,0.116347216
0.004,10,0.04,0.16192675,0.127762269
0.005,10,0.04,0.189740144,0.138088264
0.006,10,0.04,0.215467342,0.147440408
0.007,10,0.04,0.239543634,0.15588453
0.008,10,0.04,0.26223694,0.163453267
0.009,10,0.04,0.283718822,0.170158762
0.01,10,0.04,0.30410353,0.176003102
0.02,10,0.04,0.459682537,0.190943725
0.03,10,0.04,0.555114858,0.161540357
0.04,10,0.04,0.620801555,0.127981793
0.05,10,0.04,0.671623988,0.100890577
0.06,10,0.04,0.713702858,0.080407022
0.07,10,0.04,0.749767007,0.064909392
0.08,10,0.04,0.781215346,0.05295798
0.09,10,0.04,0.808878399,0.04352207
0.1,10,0.04,0.833315567,0.035894097
0.11,10,0.04,0.854935326,0.029603196
0.12,10,0.04,0.874050989,0.024322805
0.13,10,0.04,0.890910215,0.019823257
0.14,10,0.04,0.905711833,0.015942918
0.15,10,0.04,0.918617651,0.012563646
0.16,10,0.04,0.92976147,0.0096031
0.17,10,0.04,0.939257591,0.007011383
0.18,10,0.04,0.947212052,0.004780902
0.19,10,0.04,0.953740022,0.002973034
0.2,10,0.04,0.9589892,0.001694596
0.21,10,0.04,0.963153647,0.00093567
0.22,10,0.04,0.966454825,0.000531194
0.23,10,0.04,0.969100318,0.000318361
0.24,10,0.04,0.971256609,0.000201875
0.25,10,0.04,0.973046257,0.000134545
0.001,15,0.04,0.037455727,0.088135239
0.002,15,0.04,0.065931287,0.102431272
0.003,15,0.04,0.089717852,0.115254851
0.004,15,0.04,0.110686486,0.126898306
0.005,15,0.04,0.129777145,0.137559793
0.006,15,0.04,0.147508804,0.14737001
0.007,15,0.04,0.164187502,0.156410576
0.008,15,0.04,0.180002415,0.164727542
0.009,15,0.04,0.195074637,0.172341998
0.01,15,0.04,0.209483892,0.179258762
0.02,15,0.04,0.32435097,0.210140259
0.03,15,0.04,0.399635268,0.191608013
0.04,15,0.04,0.452884138,0.160897331
0.05,15,0.04,0.494848937,0.133359973
0.06,15,0.04,0.530418329,0.111458197
0.07,15,0.04,0.561824418,0.094486892
0.08,15,0.04,0.590191159,0.081249789
0.09,15,0.04,0.616150166,0.070756236
0.1,15,0.04,0.640099266,0.062291078
0.11,15,0.04,0.662318777,0.055333852
0.12,15,0.04,0.683022076,0.04951503
0.13,15,0.04,0.702377698,0.044580833
0.14,15,0.04,0.720522479,0.040347771
0.15,15,0.04,0.737570889,0.036674067
0.16,15,0.04,0.753620298,0.033452691
0.17,15,0.04,0.768753632,0.030605806
0.18,15,0.04,0.783041848,0.028073274
0.19,15,0.04,0.796546654,0.025804453
0.2,15,0.04,0.809322445,0.023757771
0.21,15,0.04,0.821417164,0.021901594
0.22,15,0.04,0.832872937,0.02021125
0.23,15,0.04,0.843727074,0.018665031
0.24,15,0.04,0.854013068,0.017243471
0.25,15,0.04,0.863761104,0.015930823
0.001,20,0.04,0.02842331,0.086562908
0.002,20,0.04,0.050003957,0.100708752
0.003,20,0.04,0.068022472,0.113430862
0.004,20,0.04,0.083910473,0.125019308
0.005,20,0.04,0.098388211,0.135674462
0.006,20,0.04,0.111854237,0.145531868
0.007,20,0.04,0.124544272,0.154679389
0.008,20,0.04,0.136604525,0.163169674
0.009,20,0.04,0.148128861,0.171029599
0.01,20,0.04,0.159179125,0.178268147
0.02,20,0.04,0.248959113,0.215685472
0.03,20,0.04,0.309695736,0.20313345
0.04,20,0.04,0.353193316,0.17454489
0.05,20,0.04,0.387638101,0.147182016
0.06,20,0.04,0.416995129,0.124737649
0.07,20,0.04,0.443111608,0.107047787
0.08,20,0.04,0.466918248,0.093138058
0.09,20,0.04,0.488931329,0.082058051
0.1,20,0.04,0.509465787,0.073093473
0.11,20,0.04,0.528734681,0.065726973
0.12,20,0.04,0.546897057,0.059573698
0.13,20,0.04,0.56407887,0.054354492
0.14,20,0.04,0.580382024,0.049874327
0.15,20,0.04,0.595890367,0.045991907
0.16,20,0.04,0.610674868,0.04259604
0.17,20,0.04,0.624797063,0.039597707
0.18,20,0.04,0.638310536,0.036929322
0.19,20,0.04,0.651261619,0.03454098
0.2,20,0.04,0.663690456,0.032393245
0.21,20,0.04,0.675632437,0.030451779
0.22,20,0.04,0.687119359,0.028686573
0.23,20,0.04,0.698179931,0.027073418
0.24,20,0.04,0.708839851,0.025593996
0.25,20,0.04,0.71912198,0.02423378
0.001,25,0.04,0.022892006,0.085335141
0.002,25,0.04,0.040256309,0.099339361
0.003,25,0.04,0.054747727,0.111951136
0.004,25,0.04,0.067525359,0.123457629
0.005,25,0.04,0.079172823,0.134059194
0.006,25,0.04,0.090013471,0.143893233
0.007,25,0.04,0.100238884,0.153050659
0.008,25,0.04,0.109968152,0.161587636
0.009,25,0.04,0.119277909,0.169534544
0.01,25,0.04,0.128218732,0.176903261
0.02,25,0.04,0.201628212,0.217730869
0.03,25,0.04,0.252221464,0.208868782
0.04,25,0.04,0.288730531,0.181789116
0.05,25,0.04,0.317702253,0.15467963
0.06,25,0.04,0.34244573,0.13199244
0.07,25,0.04,0.364525722,0.113899176
0.08,25,0.04,0.384732511,0.099586156
0.09,25,0.04,0.403502777,0.088149735
0.1,25,0.04,0.421099501,0.078874312
0.11,25,0.04,0.437696246,0.07124233
0.12,25,0.04,0.453419641,0.064869528
0.13,25,0.04,0.468369531,0.05946714
0.14,25,0.04,0.482627256,0.054826708
0.15,25,0.04,0.496259639,0.050800939
0.16,25,0.04,0.509322453,0.047279865
0.17,25,0.04,0.521863634,0.044174672
0.18,25,0.04,0.533925335,0.041412979
0.19,25,0.04,0.545544696,0.038938892
0.2,25,0.04,0.556754105,0.03671083
0.21,25,0.04,0.56758171,0.034696374
0.22,25,0.04,0.578052313,0.03286751
0.23,25,0.04,0.588188267,0.031198922
0.24,25,0.04,0.598009984,0.029668816
0.25,25,0.04,0.607536047,0.028259985
0.001,30,0.04,0.019160403,0.084410958
0.002,30,0.04,0.033683756,0.098301787
0.003,30,0.04,0.045799593,0.110821726
0.004,30,0.04,0.056481612,0.122255497
0.005,30,0.04,0.066220333,0.132802846
0.006,30,0.04,0.075287747,0.142602085
0.007,30,0.04,0.083845189,0.151745781
0.008,30,0.04,0.091993094,0.160292243
0.009,30,0.04,0.099796202,0.168274147
0.01,30,0.04,0.107297304,0.175705351
0.02,30,0.04,0.169296536,0.218587562
0.03,30,0.04,0.212550338,0.212207339
0.04,30,0.04,0.243925422,0.186232806
0.05,30,0.04,0.268852922,0.15935857
0.06,30,0.04,0.290163119,0.13655009
0.07,30,0.04,0.309209452,0.118206526
0.08,30,0.04,0.32667706,0.1036285
0.09,30,0.04,0.342943959,0.091954804
0.1,30,0.04,0.358236452,0.08247181
0.11,30,0.04,0.372701784,0.074659056
0.12,30,0.04,0.386445437,0.06813356
0.13,30,0.04,0.399549863,0.06260432
0.14,30,0.04,0.412082513,0.05785516
0.15,30,0.04,0.424099086,0.053731804
0.16,30,0.04,0.435645845,0.050122536
0.17,30,0.04,0.446762091,0.046939916
0.18,30,0.04,0.457482233,0.044111482
0.19,30,0.04,0.46783687,0.041578336
0.2,30,0.04,0.477853078,0.03929529
0.21,30,0.04,0.487554519,0.037228473
0.22,30,0.04,0.496961831,0.035350929
0.23,30,0.04,0.5060933,0.033638943
0.24,30,0.04,0.514965514,0.032070827
0.25,30,0.04,0.523593731,0.030627648
0.001,35,0.04,0.016473684,0.083702458
0.002,35,0.04,0.028953746,0.097503383
0.003,35,0.04,0.039361805,0.109949186
0.004,35,0.04,0.048537256,0.121322598
0.005,35,0.04,0.056903106,0.131822698
0.006,35,0.04,0.064694041,0.141588164
0.007,35,0.04,0.072049381,0.150712664
0.008,35,0.04,0.079055949,0.15925592
0.009,35,0.04,0.085769777,0.167252154
0.01,35,0.04,0.092227948,0.174716686
0.02,35,0.04,0.145851551,0.218958813
0.03,35,0.04,0.18358574,0.214356208
0.04,35,0.04,0.211060908,0.189220549
0.05,35,0.04,0.232907045,0.162548906
0.06,35,0.04,0.251592802,0.139675763
0.07,35,0.04,0.268308982,0.121164912
0.08,35,0.04,0.283659606,0.106400866
0.09,35,0.04,0.297977713,0.094558165
0.1,35,0.04,0.311462051,0.084927337
0.11,35,0.04,0.324240823,0.076984868
0.12,35,0.04,0.336404639,0.070348067
0.13,35,0.04,0.348023673,0.064725892
0.14,35,0.04,0.35915539,0.059898165
0.15,35,0.04,0.369847508,0.055705193
0.16,35,0.04,0.380139679,0.052032409
0.17,35,0.04,0.390065332,0.048792677
0.18,35,0.04,0.399653501,0.045914416
0.19,35,0.04,0.408930039,0.043337929
0.2,35,0.04,0.417918049,0.041015684
0.21,35,0.04,0.426637931,0.038911698
0.22,35,0.04,0.435107498,0.036998516
0.23,35,0.04,0.443342375,0.035253345
0.24,35,0.04,0.451356551,0.033655535
0.25,35,0.04,0.45916284,0.032186169
0.001,40,0.04,0.014447251,0.083144659
0.002,40,0.04,0.025387485,0.096873411
0.003,40,0.04,0.034509107,0.109259166
0.004,40,0.04,0.042549745,0.120582866
0.005,40,0.04,0.049881217,0.131043087
0.006,40,0.04,0.056709893,0.140778647
0.007,40,0.04,0.063158356,0.149883914
0.008,40,0.04,0.069303058,0.158419632
0.009,40,0.04,0.075193385,0.166421133
0.01,40,0.04,0.080862054,0.173904854
0.02,40,0.04,0.128087359,0.219109608
0.03,40,0.04,0.161532614,0.215841308
0.04,40,0.04,0.185955423,0.19136189
0.05,40,0.04,0.205385435,0.164861197
0.06,40,0.04,0.222009735,0.141951547
0.07,40,0.04,0.23689061,0.123321863
0.08,40,0.04,0.250567807,0.108420398
0.09,40,0.04,0.263338824,0.096451242
0.1,40,0.04,0.275380869,0.086709924
0.11,40,0.04,0.286807614,0.078670378
0.12,40,0.04,0.297698603,0.071949498
0.13,40,0.04,0.308114919,0.066256648
0.14,40,0.04,0.318106545,0.061369572
0.15,40,0.04,0.327715174,0.057124669
0.16,40,0.04,0.336975534,0.053404515
0.17,40,0.04,0.345916786,0.050121523
0.18,40,0.04,0.354564073,0.047204888
0.19,40,0.04,0.362939723,0.044595017
0.2,40,0.04,0.3710638,0.042243169
0.21,40,0.04,0.378954177,0.040111648
0.22,40,0.04,0.386626547,0.038171972
0.23,40,0.04,0.394094633,0.036401521
0.24,40,0.04,0.401370592,0.034780452
0.25,40,0.04,0.408465467,0.03329041
0.001,45,0.04,0.012864475,0.082697659
0.002,45,0.04,0.02260283,0.096367781
0.003,45,0.04,0.030720717,0.108704335
0.004,45,0.04,0.037875996,0.11998697
0.005,45,0.04,0.044400342,0.130413676
0.006,45,0.04,0.050477899,0.140123382
0.007,45,0.04,0.056218098,0.149210911
0.008,45,0.04,0.061689231,0.157737802
0.009,45,0.04,0.066935445,0.165740173
0.01,45,0.04,0.07198601,0.173235367
0.02,45,0.04,0.114168756,0.21915324
0.03,45,0.04,0.144190955,0.216920741
0.04,45,0.04,0.166164234,0.192967053
0.05,45,0.04,0.183652881,0.166610774
0.06,45,0.04,0.198619063,0.143680436
0.07,45,0.04,0.212021167,0.124963126
0.08,45,0.04,0.224346857,0.109956915
0.09,45,0.04,0.235864872,0.097890204
0.1,45,0.04,0.246735101,0.088063594
0.11,45,0.04,0.257059717,0.079949013
0.12,45,0.04,0.266909686,0.0731626
0.13,45,0.04,0.276339106,0.067414196
0.14,45,0.04,0.28539217,0.0624805
0.15,45,0.04,0.294105864,0.058195174
0.16,45,0.04,0.302511091,0.054438331
0.17,45,0.04,0.310633748,0.051121585
0.18,45,0.04,0.318496037,0.048174619
0.19,45,0.04,0.326117595,0.045538222
0.2,45,0.04,0.333516107,0.043163087
0.21,45,0.04,0.340707437,0.041010278
0.22,45,0.04,0.3477056,0.039050272
0.23,45,0.04,0.354522857,0.037260185
0.24,45,0.04,0.361170004,0.035620647
0.25,45,0.04,0.367656762,0.034113894
0.001,50,0.04,0.011594112,0.082331754
0.002,50,0.04,0.020368359,0.09595348
0.003,50,0.04,0.027681332,0.108249286
0.004,50,0.04,0.034126687,0.119497617
0.005,50,0.04,0.040003774,0.129896045
0.006,50,0.04,0.045478833,0.13958352
0.007,50,0.04,0.05065069,0.148655234
0.008,50,0.04,0.055581046,0.157173278
0.009,50,0.04,0.060309815,0.165174491
0.01,50,0.04,0.064863474,0.172676792
0.02,50,0.04,0.102971909,0.219143629
0.03,50,0.04,0.130201263,0.217738558
0.04,50,0.04,0.150167326,0.194215276
0.05,50,0.04,0.166063725,0.167981769
0.06,50,0.04,0.179669071,0.145039523
0.07,50,0.04,0.191856131,0.126254878
0.08,50,0.04,0.203069545,0.111165869
0.09,50,0.04,0.213554321,0.099021213
0.1,50,0.04,0.223456112,0.089126419
0.11,50,0.04,0.23286774,0.080951908
0.12,50,0.04,0.241853308,0.074112949
0.13,50,0.04,0.250461378,0.068319747
0.14,50,0.04,0.258731536,0.063348479
0.15,50,0.04,0.266696997,0.059030837
0.16,50,0.04,0.274385591,0.055244846
0.17,50,0.04,0.281820629,0.051901205
0.18,50,0.04,0.28902201,0.048929849
0.19,50,0.04,0.296007259,0.046271975
0.2,50,0.04,0.302792166,0.043878053
0.21,50,0.04,0.309390966,0.041708306
0.22,50,0.04,0.315816308,0.039732289
0.23,50,0.04,0.322079282,0.037926686
0.24,50,0.04,0.328189623,0.036272333
0.25,50,0.04,0.334156031,0.034751939
0.001,55,0.04,0.010552099,0.082026077
0.002,55,0.04,0.018535893,0.095607043
0.003,55,0.04,0.025189099,0.107868514
0.004,55,0.04,0.031052592,0.119087777
0.005,55,0.04,0.03639914,0.129462062
0.006,55,0.04,0.041380252,0.139130291
0.007,55,0.04,0.046086022,0.148187981
0.008,55,0.04,0.050572723,0.156697627
0.009,55,0.04,0.054876773,0.164696594
0.01,55,0.04,0.059022346,0.172203423
0.02,55,0.04,0.093771398,0.219105148
0.03,55,0.04,0.118680048,0.218376123
0.04,55,0.04,0.136972357,0.19521167
0.05,55,0.04,0.151540104,0.169083675
0.06,55,0.04,0.164009395,0.146135018
0.07,55,0.04,0.175181271,0.127297372
0.08,55,0.04,0.185464265,0.112141531
0.09,55,0.04,0.19508348,0.099933378
0.1,55,0.04,0.204172653,0.089982977
0.11,55,0.04,0.212816847,0.081759636
0.12,55,0.04,0.221074537,0.074877721
0.13,55,0.04,0.228989789,0.069047712
0.14,55,0.04,0.236598447,0.064045542
0.15,55,0.04,0.243930634,0.059701456
0.16,55,0.04,0.251011663,0.055891766
0.17,55,0.04,0.257862736,0.052526237
0.18,55,0.04,0.264501895,0.049534878
0.19,55,0.04,0.27094497,0.046859268
0.2,55,0.04,0.277206211,0.044449848
0.21,55,0.04,0.283298512,0.04226626
0.22,55,0.04,0.289233387,0.040277286
0.23,55,0.04,0.295020962,0.038459154
0.24,55,0.04,0.300670112,0.036792717
0.25,55,0.04,0.306188726,0.035261045
0.001,60,0.04,0.009681881,0.081767766
0.002,60,0.04,0.017005809,0.095314069
0.003,60,0.04,0.023108375,0.107546333
0.004,60,0.04,0.028486288,0.118740764
0.005,60,0.04,0.03339007,0.129094336
0.006,60,0.04,0.037958894,0.138745856
0.007,60,0.04,0.042275541,0.147791113
0.008,60,0.04,0.046391732,0.156292999
0.009,60,0.04,0.050340952,0.164289309
0.01,60,0.04,0.054145439,0.171798965
0.02,60,0.04,0.086077661,0.219053373
0.03,60,0.04,0.109028093,0.218886797
0.04,60,0.04,0.12590398,0.196025828
0.05,60,0.04,0.139346727,0.169989191
0.06,60,0.04,0.150853794,0.147037411
0.07,60,0.04,0.161165304,0.128157016
0.08,60,0.04,0.170659063,0.112946132
0.09,60,0.04,0.179543242,0.100685217
0.1,60,0.04,0.187941464,0.090688549
0.11,60,0.04,0.195932238,0.082424601
0.12,60,0.04,0.203569339,0.075506889
0.13,60,0.04,0.21089311,0.069646058
0.14,60,0.04,0.21793629,0.064617943
0.15,60,0.04,0.224726433,0.060251737
0.16,60,0.04,0.231286744,0.0564223
0.17,60,0.04,0.237636674,0.053038551
0.18,60,0.04,0.243792733,0.050030437
0.19,60,0.04,0.249769357,0.047339867
0.2,60,0.04,0.255579529,0.044917367
0.21,60,0.04,0.26123502,0.042722164
0.22,60,0.04,0.266746388,0.040722426
0.23,60,0.04,0.272122949,0.038893936
0.24,60,0.04,0.277372863,0.037217463
0.25,60,0.04,0.282503356,0.035676331
0.001,65,0.04,0.008944223,0.081546893
0.002,65,0.04,0.015708996,0.09506359
0.003,65,0.04,0.021345056,0.107270554
0.004,65,0.04,0.026311615,0.118443506
0.005,65,0.04,0.030840304,0.128779103
0.006,65,0.04,0.035059817,0.138416077
0.007,65,0.04,0.039046718,0.147450395
0.008,65,0.04,0.042848855,0.155945162
0.009,65,0.04,0.04649722,0.163938615
0.01,65,0.04,0.050012401,0.171450085
0.02,65,0.04,0.079549104,0.218996012
0.03,65,0.04,0.100825466,0.219304577
0.04,65,0.04,0.116487499,0.196703436
0.05,65,0.04,0.1289657,0.170746343
0.06,65,0.04,0.139647601,0.147793338
0.07,65,0.04,0.149220951,0.128877558
0.08,65,0.04,0.158037106,0.113620321
0.09,65,0.04,0.16628966,0.101314651
0.1,65,0.04,0.174093541,0.091278715
0.11,65,0.04,0.181521651,0.082980392
0.12,65,0.04,0.188623774,0.07603238
0.13,65,0.04,0.195437113,0.070145428
0.14,65,0.04,0.201991798,0.065095355
0.15,65,0.04,0.208313209,0.060710528
0.16,65,0.04,0.214422766,0.0568646
0.17,65,0.04,0.220338436,0.053465675
0.18,65,0.04,0.226075443,0.050443584
0.19,65,0.04,0.231647059,0.047740479
0.2,65,0.04,0.237065204,0.045307005
0.21,65,0.04,0.242340701,0.043102108
0.22,65,0.04,0.247483294,0.041093454
0.23,65,0.04,0.252501606,0.039256386
0.24,65,0.04,0.257403193,0.037571568
0.25,65,0.04,0.262194729,0.036022479
0.001,70,0.04,0.008310986,0.081355799
0.002,70,0.04,0.014595901,0.094846812
0.003,70,0.04,0.019831685,0.10703184
0.004,70,0.04,0.024445317,0.118186197
0.005,70,0.04,0.028652183,0.128506009
0.006,70,0.04,0.032571967,0.138130192
0.007,70,0.04,0.036275882,0.147154691
0.008,70,0.04,0.039808446,0.155643001
0.009,70,0.04,0.043198501,0.163633599
0.01,70,0.04,0.046465212,0.171146126
0.02,70,0.04,0.073939985,0.218936705
0.03,70,0.04,0.093769018,0.219651588
0.04,70,0.04,0.108379414,0.197275094
0.05,70,0.04,0.120021653,0.171387752
0.06,70,0.04,0.129988269,0.148434762
0.07,70,0.04,0.138921523,0.129489521
0.08,70,0.04,0.14714976,0.114193141
0.09,70,0.04,0.154853899,0.101849547
0.1,70,0.04,0.162141312,0.091780329
0.11,70,0.04,0.169080044,0.083452879
0.12,70,0.04,0.175716449,0.076479146
0.13,70,0.04,0.182085051,0.07056992
0.14,70,0.04,0.188213754,0.065501039
0.15,70,0.04,0.194126079,0.061100242
0.16,70,0.04,0.199841913,0.057240178
0.17,70,0.04,0.205377955,0.053828227
0.18,70,0.04,0.210748332,0.050794067
0.19,70,0.04,0.215965329,0.048080064
0.2,70,0.04,0.221039962,0.045636981
0.21,70,0.04,0.225982246,0.043423606
0.22,70,0.04,0.230801221,0.041407191
0.23,70,0.04,0.235504911,0.039562698
0.24,70,0.04,0.240100354,0.037870642
0.25,70,0.04,0.244593751,0.036314608
0.001,5,0.05,0.100711101,0.088443915
0.002,5,0.05,0.177146998,0.101141173
0.003,5,0.05,0.240393756,0.111792785
0.004,5,0.05,0.295237019,0.120630447
0.005,5,0.05,0.344049809,0.127786876
0.006,5,0.05,0.38812918,0.133341771
0.007,5,0.05,0.428244818,0.137355337
0.008,5,0.05,0.46489402,0.139891766
0.009,5,0.05,0.498430655,0.141033365
0.01,5,0.05,0.529133431,0.140886307
0.02,5,0.05,0.725732664,0.099444227
0.03,5,0.05,0.817977757,0.051139309
0.04,5,0.05,0.869839361,0.021592528
0.05,5,0.05,0.90173191,0.008026783
0.06,5,0.05,0.922193235,0.003067187
0.07,5,0.05,0.935864227,0.001309028
0.08,5,0.05,0.945425266,0.000627755
0.09,5,0.05,0.952411996,0.000332416
0.1,5,0.05,0.957714682,0.000190663
0.11,5,0.05,0.961867328,0.000116581
0.12,5,0.05,0.965203931,7.50644E-05
0.13,5,0.05,0.967942139,5.04239E-05
0.14,5,0.05,0.970229144,3.50837E-05
0.15,5,0.05,0.972167781,2.51444E-05
0.16,5,0.05,0.973831951,1.8482E-05
0.17,5,0.05,0.975276081,1.38834E-05
0.18,5,0.05,0.97654112,1.06274E-05
0.19,5,0.05,0.977658458,8.27085E-06
0.2,5,0.05,0.978652557,6.53249E-06
0.21,5,0.05,0.979542759,5.22798E-06
0.22,5,0.05,0.98034456,4.23322E-06
0.23,5,0.05,0.981070518,3.46358E-06
0.24,5,0.05,0.98173092,2.86128E-06
0.25,5,0.05,0.982334271,2.3831E-06
0.001,10,0.05,0.055274411,0.099463468
0.002,10,0.05,0.097489569,0.115383329
0.003,10,0.05,0.132843819,0.129601902
0.004,10,0.05,0.164034571,0.142442493
0.005,10,0.05,0.192412299,0.154116228
0.006,10,0.05,0.218718681,0.164754947
0.007,10,0.05,0.243387871,0.174434362
0.008,10,0.05,0.266685848,0.18319151
0.009,10,0.05,0.288781379,0.191038573
0.01,10,0.05,0.309785061,0.197974232
0.02,10,0.05,0.470754119,0.219627936
0.03,10,0.05,0.568235135,0.188993651
0.04,10,0.05,0.633598112,0.151232835
0.05,10,0.05,0.683229071,0.119913016
0.06,10,0.05,0.723916307,0.095868193
0.07,10,0.05,0.758631755,0.077500174
0.08,10,0.05,0.788851164,0.063249887
0.09,10,0.05,0.815416647,0.051956967
0.1,10,0.05,0.838876883,0.042807365
0.11,10,0.05,0.859625444,0.035251531
0.12,10,0.05,0.877961757,0.028905935
0.13,10,0.05,0.89412235,0.023500182
0.14,10,0.05,0.908298192,0.018844054
0.15,10,0.05,0.920646293,0.014799755
0.16,10,0.05,0.931298917,0.011272573
0.17,10,0.05,0.940372283,0.008206484
0.18,10,0.05,0.947977436,0.005592804
0.19,10,0.05,0.954235296,0.003493874
0.2,10,0.05,0.959294099,0.002013073
0.21,10,0.05,0.963337171,0.001126394
0.22,10,0.05,0.966566433,0.000646737
0.23,10,0.05,0.969170414,0.000390715
0.24,10,0.05,0.971302435,0.000249067
0.25,10,0.05,0.973077419,0.000166575
0.001,15,0.05,0.037813163,0.098519197
0.002,15,0.05,0.066656032,0.11454967
0.003,15,0.05,0.090820611,0.128962907
0.004,15,0.05,0.112178702,0.142090546
0.005,15,0.05,0.131670847,0.154159012
0.006,15,0.05,0.149816383,0.165319088
0.007,15,0.05,0.166921422,0.175666207
0.008,15,0.05,0.183174857,0.185255214
0.009,15,0.05,0.198697069,0.194111764
0.01,15,0.05,0.213566595,0.202241738
0.02,15,0.05,0.333035549,0.24254207
0.03,15,0.05,0.411110245,0.225823398
0.04,15,0.05,0.465076628,0.192150864
0.05,15,0.05,0.506727934,0.160566619
0.06,15,0.05,0.541599844,0.134888358
0.07,15,0.05,0.572207527,0.114714166
0.08,15,0.05,0.599790805,0.098836659
0.09,15,0.05,0.625025121,0.086179284
0.1,15,0.05,0.64831877,0.07593194
0.11,15,0.05,0.6699477,0.067489722
0.12,15,0.05,0.69011721,0.06041724
0.13,15,0.05,0.708988524,0.054412498
0.14,15,0.05,0.726691846,0.049255595
0.15,15,0.05,0.743335353,0.044776163
0.16,15,0.05,0.759011194,0.040845321
0.17,15,0.05,0.773798491,0.03736904
0.18,15,0.05,0.787765153,0.034274608
0.19,15,0.05,0.800969982,0.03150088
0.2,15,0.05,0.813464729,0.028997581
0.21,15,0.05,0.825295308,0.026726282
0.22,15,0.05,0.836502313,0.024656982
0.23,15,0.05,0.847121622,0.022763402
0.24,15,0.05,0.857185282,0.021022001
0.25,15,0.05,0.866722231,0.019413615
0.001,20,0.05,0.02869476,0.096939866
0.002,20,0.05,0.050554263,0.112822326
0.003,20,0.05,0.068859699,0.127135074
0.004,20,0.05,0.085043302,0.140207573
0.005,20,0.05,0.099825862,0.152268966
0.006,20,0.05,0.113606352,0.163475789
0.007,20,0.05,0.126620757,0.173930972
0.008,20,0.05,0.139015341,0.183697457
0.009,20,0.05,0.150883771,0.192808482
0.01,20,0.05,0.162287398,0.201276057
0.02,20,0.05,0.255774064,0.248963374
0.03,20,0.05,0.319124326,0.239762472
0.04,20,0.05,0.363574172,0.209066442
0.05,20,0.05,0.398019006,0.177903422
0.06,20,0.05,0.426975177,0.151656274
0.07,20,0.05,0.452553046,0.130635802
0.08,20,0.05,0.475798518,0.113928338
0.09,20,0.05,0.497277001,0.100527928
0.1,20,0.05,0.517321751,0.089640578
0.11,20,0.05,0.536148249,0.080669891
0.12,20,0.05,0.553910835,0.073162388
0.13,20,0.05,0.570729662,0.066785896
0.14,20,0.05,0.586702071,0.061306892
0.15,20,0.05,0.601908074,0.056555046
0.16,20,0.05,0.61641474,0.052395638
0.17,20,0.05,0.630279904,0.048720588
0.18,20,0.05,0.64355434,0.045447831
0.19,20,0.05,0.656282551,0.042516822
0.2,20,0.05,0.668503259,0.039879725
0.21,20,0.05,0.680250322,0.037494821
0.22,20,0.05,0.691553902,0.035325528
0.23,20,0.05,0.702441326,0.03334224
0.24,20,0.05,0.712937381,0.031522559
0.25,20,0.05,0.723064335,0.029848812
0.001,25,0.05,0.02310948,0.095645822
0.002,25,0.05,0.040697131,0.111377548
0.003,25,0.05,0.055418303,0.125570838
0.004,25,0.05,0.068432603,0.138551961
0.005,25,0.05,0.080324111,0.150550064
0.006,25,0.05,0.091416572,0.161723873
0.007,25,0.05,0.101901851,0.172179815
0.008,25,0.05,0.111899186,0.181985044
0.009,25,0.05,0.121485184,0.191177147
0.01,25,0.05,0.13071019,0.199772034
0.02,25,0.05,0.207172756,0.251217068
0.03,25,0.05,0.260091815,0.246590479
0.04,25,0.05,0.297573809,0.217985114
0.05,25,0.05,0.32667219,0.187280606
0.06,25,0.05,0.351162916,0.160808068
0.07,25,0.05,0.372846527,0.139325469
0.08,25,0.05,0.392620177,0.122129528
0.09,25,0.05,0.410968119,0.108281963
0.1,25,0.05,0.42817336,0.09699783
0.11,25,0.05,0.444415078,0.087686376
0.12,25,0.05,0.459817828,0.07989586
0.13,25,0.05,0.474476782,0.073281941
0.14,25,0.05,0.48846919,0.067594798
0.15,25,0.05,0.501858966,0.062657189
0.16,25,0.05,0.514699333,0.058335922
0.17,25,0.05,0.527035462,0.054522762
0.18,25,0.05,0.538906821,0.051129289
0.19,25,0.05,0.55034852,0.048087326
0.2,25,0.05,0.561391711,0.045346341
0.21,25,0.05,0.572063711,0.042867022
0.22,25,0.05,0.582388427,0.040615306
0.23,25,0.05,0.592387097,0.038560219
0.24,25,0.05,0.602079013,0.036674974
0.25,25,0.05,0.611481907,0.034938387
0.001,30,0.05,0.019341369,0.094652993
0.002,30,0.05,0.034050539,0.110261214
0.003,30,0.05,0.046357485,0.124352819
0.004,30,0.05,0.057236336,0.137251407
0.005,30,0.05,0.067178011,0.149185433
0.006,30,0.05,0.076454846,0.160314526
0.007,30,0.05,0.08522845,0.17074705
0.008,30,0.05,0.09359943,0.180552668
0.009,30,0.05,0.101632568,0.189771748
0.01,30,0.05,0.109370541,0.198422751
0.02,30,0.05,0.173950825,0.252088889
0.03,30,0.05,0.219266053,0.250508097
0.04,30,0.05,0.251572578,0.223421662
0.05,30,0.05,0.276680789,0.193114218
0.06,30,0.05,0.297821507,0.166547498
0.07,30,0.05,0.316558799,0.144784264
0.08,30,0.05,0.333675455,0.127271508
0.09,30,0.05,0.349593936,0.113128743
0.1,30,0.05,0.364560257,0.101580253
0.11,30,0.05,0.378728551,0.09203681
0.12,30,0.05,0.39220391,0.084049955
0.13,30,0.05,0.405065173,0.077272307
0.14,30,0.05,0.417376056,0.07144419
0.15,30,0.05,0.429189636,0.066379967
0.16,30,0.05,0.440550266,0.061944623
0.17,30,0.05,0.451495286,0.05803166
0.18,30,0.05,0.462056923,0.054552295
0.19,30,0.05,0.472263785,0.05143429
0.2,30,0.05,0.482141566,0.048622436
0.21,30,0.05,0.491713154,0.046075595
0.22,30,0.05,0.500998667,0.043761116
0.23,30,0.05,0.51001576,0.041650129
0.24,30,0.05,0.518780178,0.039716005
0.25,30,0.05,0.527306292,0.037935352
0.001,35,0.05,0.016628462,0.093884351
0.002,35,0.05,0.029267425,0.109393512
0.003,35,0.05,0.039838889,0.123402304
0.004,35,0.05,0.049182616,0.136231903
0.005,35,0.05,0.057721962,0.148110031
0.006,35,0.05,0.065691923,0.159196746
0.007,35,0.05,0.073232071,0.169601603
0.008,35,0.05,0.080429399,0.179395835
0.009,35,0.05,0.087340013,0.188621702
0.01,35,0.05,0.094000943,0.197299503
0.02,35,0.05,0.149854566,0.252414133
0.03,35,0.05,0.189427654,0.252998449
0.04,35,0.05,0.217776256,0.22705811
0.05,35,0.05,0.239825372,0.197081538
0.06,35,0.05,0.258392578,0.170477678
0.07,35,0.05,0.274857861,0.148530277
0.08,35,0.05,0.289914379,0.130797312
0.09,35,0.05,0.303936305,0.116445794
0.1,35,0.05,0.31714115,0.104709554
0.11,35,0.05,0.329664403,0.094999606
0.12,35,0.05,0.34159729,0.08686967
0.13,35,0.05,0.353007233,0.079972342
0.14,35,0.05,0.363948345,0.074042584
0.15,35,0.05,0.374465868,0.068887995
0.16,35,0.05,0.384597831,0.064370296
0.17,35,0.05,0.394376201,0.060383576
0.18,35,0.05,0.403828309,0.05684011
0.19,35,0.05,0.412978235,0.053666435
0.2,35,0.05,0.421847667,0.050804191
0.21,35,0.05,0.430456147,0.048209487
0.22,35,0.05,0.438821044,0.045849068
0.23,35,0.05,0.446957612,0.043695322
0.24,35,0.05,0.454879304,0.041723022
0.25,35,0.05,0.462598221,0.039908817
0.001,40,0.05,0.014582379,0.093275526
0.002,40,0.05,0.025661326,0.108704788
0.003,40,0.05,0.034925575,0.122646094
0.004,40,0.05,0.043113079,0.135418734
0.005,40,0.05,0.050595962,0.147249737
0.006,40,0.05,0.057580872,0.158299298
0.007,40,0.05,0.064190623,0.168677741
0.008,40,0.05,0.070501832,0.178457468
0.009,40,0.05,0.076563972,0.187682068
0.01,40,0.05,0.08240974,0.196373194
0.02,40,0.05,0.13159567,0.252501004
0.03,40,0.05,0.166695383,0.254701001
0.04,40,0.05,0.191932179,0.229653213
0.05,40,0.05,0.211572353,0.199950835
0.06,40,0.05,0.228111216,0.173335736
0.07,40,0.05,0.24278223,0.151259592
0.08,40,0.05,0.256206788,0.133365189
0.09,40,0.05,0.268720436,0.118858402
0.1,40,0.05,0.280518028,0.106982217
0.11,40,0.05,0.291720526,0.097147617
0.12,40,0.05,0.302408684,0.0889095
0.13,40,0.05,0.312641487,0.081921203
0.14,40,0.05,0.322465934,0.07591477
0.15,40,0.05,0.331921374,0.070692786
0.16,40,0.05,0.341041057,0.06611357
0.17,40,0.05,0.349852976,0.062070864
0.18,40,0.05,0.358380936,0.058477992
0.19,40,0.05,0.366645745,0.055261505
0.2,40,0.05,0.374666103,0.05236131
0.21,40,0.05,0.382458974,0.049731229
0.22,40,0.05,0.390039587,0.047336688
0.23,40,0.05,0.397421395,0.045150336
0.24,40,0.05,0.404616223,0.043148069
0.25,40,0.05,0.411634593,0.041307312
0.001,45,0.05,0.012984341,0.0927858
0.002,45,0.05,0.022845729,0.108149785
0.003,45,0.05,0.03109011,0.122035652
0.004,45,0.05,0.038375632,0.134761125
0.005,45,0.05,0.045034243,0.146552523
0.006,45,0.05,0.051250339,0.157570164
0.007,45,0.05,0.057133562,0.167924835
0.008,45,0.05,0.062752363,0.177689876
0.009,45,0.05,0.068150977,0.186909742
0.01,45,0.05,0.073358675,0.195607202
0.02,45,0.05,0.117289512,0.252478292
0.03,45,0.05,0.148812728,0.255926873
0.04,45,0.05,0.171544136,0.231591765
0.05,45,0.05,0.18924263,0.202118311
0.06,45,0.05,0.204145926,0.175505
0.07,45,0.05,0.217368449,0.15333527
0.08,45,0.05,0.229472998,0.135318517
0.09,45,0.05,0.240763584,0.120692446
0.1,45,0.05,0.251416641,0.10870846
0.11,45,0.05,0.261541448,0.098777482
0.12,45,0.05,0.27121053,0.090454984
0.13,45,0.05,0.280476378,0.083395223
0.14,45,0.05,0.289380528,0.077328674
0.15,45,0.05,0.297957757,0.072054315
0.16,45,0.05,0.306237578,0.067427444
0.17,45,0.05,0.314244903,0.063341001
0.18,45,0.05,0.322000855,0.059709021
0.19,45,0.05,0.329523779,0.056458503
0.2,45,0.05,0.336830098,0.053528503
0.21,45,0.05,0.343934752,0.050871137
0.22,45,0.05,0.350851255,0.048450448
0.23,45,0.05,0.357591633,0.046238786
0.24,45,0.05,0.364166461,0.044212703
0.25,45,0.05,0.370585091,0.042350451
0.001,50,0.05,0.011701791,0.092383787
0.002,50,0.05,0.020586553,0.107693772
0.003,50,0.05,0.028013142,0.121533625
0.004,50,0.05,0.034575472,0.134219636
0.005,50,0.05,0.040573141,0.145977666
0.006,50,0.05,0.046172617,0.156967977
0.007,50,0.05,0.05147292,0.167301748
0.008,50,0.05,0.056535903,0.177052986
0.009,50,0.05,0.061401565,0.1862669
0.01,50,0.05,0.066096401,0.194967071
0.02,50,0.05,0.105781304,0.252405671
0.03,50,0.05,0.13438286,0.256847948
0.04,50,0.05,0.155056243,0.233094702
0.05,50,0.05,0.17115839,0.203814253
0.06,50,0.05,0.184716781,0.177208818
0.07,50,0.05,0.196747388,0.154968071
0.08,50,0.05,0.207764342,0.136855089
0.09,50,0.05,0.21804546,0.1221341
0.1,50,0.05,0.227751908,0.110064154
0.11,50,0.05,0.236983354,0.100056232
0.12,50,0.05,0.24580566,0.091666037
0.13,50,0.05,0.254266148,0.08454864
0.14,50,0.05,0.262402035,0.078433689
0.15,50,0.05,0.270244456,0.073117492
0.16,50,0.05,0.27781992,0.068452747
0.17,50,0.05,0.285150872,0.064331405
0.18,50,0.05,0.292256317,0.060667921
0.19,50,0.05,0.299152677,0.05738982
0.2,50,0.05,0.305854591,0.054435784
0.21,50,0.05,0.312375386,0.051756741
0.22,50,0.05,0.318727182,0.049315485
0.23,50,0.05,0.324920837,0.047083828
0.24,50,0.05,0.330965926,0.045038625
0.25,50,0.05,0.336870888,0.0431588
0.001,55,0.05,0.010649826,0.092047132
0.002,55,0.05,0.018733916,0.107311653
0.003,55,0.05,0.025490225,0.121112656
0.004,55,0.05,0.031459864,0.133765235
0.005,55,0.05,0.036915826,0.145494783
0.006,55,0.05,0.042009829,0.156461511
0.007,55,0.05,0.046832147,0.166776953
0.008,55,0.05,0.051439194,0.176515522
0.009,55,0.05,0.055867475,0.185723108
0.01,55,0.05,0.060141187,0.194423977
0.02,55,0.05,0.096325381,0.252309024
0.03,55,0.05,0.122496953,0.257560687
0.04,55,0.05,0.141450927,0.234291374
0.05,55,0.05,0.156218459,0.205175695
0.06,55,0.05,0.168652382,0.178581269
0.07,55,0.05,0.179685972,0.156285275
0.08,55,0.05,0.189792341,0.138094957
0.09,55,0.05,0.199227217,0.123296887
0.1,55,0.05,0.20813891,0.111156981
0.11,55,0.05,0.216619037,0.101086375
0.12,55,0.05,0.224727943,0.092640802
0.13,55,0.05,0.232508733,0.085476039
0.14,55,0.05,0.239995125,0.079321298
0.15,55,0.05,0.24721529,0.073970901
0.16,55,0.05,0.254193276,0.069275363
0.17,55,0.05,0.260949502,0.065125584
0.18,55,0.05,0.267501252,0.061436229
0.19,55,0.05,0.273863405,0.058135325
0.2,55,0.05,0.280049168,0.055161462
0.21,55,0.05,0.286070557,0.052464722
0.22,55,0.05,0.291938547,0.050006856
0.23,55,0.05,0.297663018,0.04775906
0.24,55,0.05,0.303252721,0.045698259
0.25,55,0.05,0.308715356,0.043803886
0.001,60,0.05,0.009771333,0.091762341
0.002,60,0.05,0.017187059,0.106988061
0.003,60,0.05,0.023383987,0.120755962
0.004,60,0.05,0.028859042,0.133379916
0.005,60,0.05,0.033862953,0.145085004
0.006,60,0.05,0.038535087,0.156031327
0.007,60,0.05,0.04295839,0.166330628
0.008,60,0.05,0.047184717,0.176057792
0.009,60,0.05,0.051247637,0.185259187
0.01,60,0.05,0.055169416,0.193959561
0.02,60,0.05,0.088418471,0.25220451
0.03,60,0.05,0.112538161,0.258127835
0.04,60,0.05,0.130034846,0.235267021
0.05,60,0.05,0.143670576,0.206293284
0.06,60,0.05,0.155150909,0.179711112
0.07,60,0.05,0.165338732,0.157371009
0.08,60,0.05,0.174672134,0.139117211
0.09,60,0.05,0.183387976,0.124255259
0.1,60,0.05,0.191623601,0.112057249
0.11,60,0.05,0.199463778,0.101934539
0.12,60,0.05,0.206964204,0.093442795
0.13,60,0.05,0.214164474,0.086238357
0.14,60,0.05,0.221095413,0.080050247
0.15,60,0.05,0.227782736,0.074671271
0.16,60,0.05,0.23424844,0.069950104
0.17,60,0.05,0.24051125,0.065776649
0.18,60,0.05,0.246587022,0.062065613
0.19,60,0.05,0.252489363,0.058745472
0.2,60,0.05,0.258230309,0.055754879
0.21,60,0.05,0.263820796,0.053043315
0.22,60,0.05,0.269270838,0.050571676
0.23,60,0.05,0.274589494,0.048310557
0.24,60,0.05,0.279784816,0.046236802
0.25,60,0.05,0.284863892,0.044330215
0.001,65,0.05,0.009026686,0.091518424
0.002,65,0.05,0.015876081,0.106710973
0.003,65,0.05,0.021599123,0.12045023
0.004,65,0.05,0.026655224,0.133049499
0.005,65,0.05,0.031276204,0.144733382
0.006,65,0.05,0.035590937,0.155661904
0.007,65,0.05,0.039676142,0.165947028
0.008,65,0.05,0.043579795,0.175663928
0.009,65,0.05,0.047332967,0.184859397
0.01,65,0.05,0.050956277,0.193558674
0.02,65,0.05,0.081709372,0.252099566
0.03,65,0.05,0.104073935,0.258589028
0.04,65,0.05,0.120320174,0.236077406
0.05,65,0.05,0.132984278,0.20722686
0.06,65,0.05,0.143646002,0.180657046
0.07,65,0.05,0.153107624,0.158280788
0.08,65,0.05,0.161776991,0.139973701
0.09,65,0.05,0.169874674,0.12505773
0.1,65,0.05,0.177528546,0.112810518
0.11,65,0.05,0.184817484,0.102643736
0.12,65,0.05,0.19179321,0.094112899
0.13,65,0.05,0.198492346,0.086874817
0.14,65,0.05,0.204943288,0.080658454
0.15,65,0.05,0.211169683,0.075255415
0.16,65,0.05,0.217191793,0.070512809
0.17,65,0.05,0.223026906,0.066319587
0.18,65,0.05,0.22868967,0.062590406
0.19,65,0.05,0.234192628,0.059254097
0.2,65,0.05,0.239546837,0.056249431
0.21,65,0.05,0.24476233,0.053525476
0.22,65,0.05,0.24984831,0.051042419
0.23,65,0.05,0.254813134,0.048770267
0.24,65,0.05,0.259664258,0.04668574
0.25,65,0.05,0.264408248,0.044768862
0.001,70,0.05,0.00838747,0.091307256
0.002,70,0.05,0.014750868,0.106470974
0.003,70,0.05,0.020067321,0.120185365
0.004,70,0.05,0.024763992,0.13276314
0.005,70,0.05,0.029056444,0.14442839
0.006,70,0.05,0.033064529,0.155341301
0.007,70,0.05,0.036859606,0.165613835
0.008,70,0.05,0.040486311,0.175321487
0.009,70,0.05,0.043973565,0.184511419
0.01,70,0.05,0.047340564,0.193209193
0.02,70,0.05,0.075945421,0.251997295
0.03,70,0.05,0.09679189,0.258970019
0.04,70,0.05,0.111953653,0.236759967
0.05,70,0.05,0.123774746,0.208017202
0.06,70,0.05,0.133726251,0.1814595
0.07,70,0.05,0.14255773,0.15905339
0.08,70,0.05,0.150650666,0.14070141
0.09,70,0.05,0.15821142,0.125739698
0.1,70,0.05,0.165359612,0.113450788
0.11,70,0.05,0.172168991,0.103246631
0.12,70,0.05,0.178687839,0.094682561
0.13,70,0.05,0.184950231,0.087415759
0.14,70,0.05,0.190982488,0.081175181
0.15,70,0.05,0.196806501,0.075751527
0.16,70,0.05,0.202441044,0.070990575
0.17,70,0.05,0.207902173,0.066780407
0.18,70,0.05,0.213203499,0.063035563
0.19,70,0.05,0.218356663,0.059685212
0.2,70,0.05,0.223371892,0.056668255
0.21,70,0.05,0.228258453,0.053933494
0.22,70,0.05,0.233024854,0.051440532
0.23,70,0.05,0.237678849,0.049158866
0.24,70,0.05,0.242227375,0.047065017
0.25,70,0.05,0.246676553,0.045139192
0.001,5,0.06,0.101251686,0.094286334
0.002,5,0.06,0.17822954,0.107870226
0.003,5,0.06,0.242016671,0.119298575
0.004,5,0.06,0.29739426,0.128818682
0.005,5,0.06,0.346729294,0.136570163
0.006,5,0.06,0.391311406,0.142633908
0.007,5,0.06,0.431901931,0.147068092
0.008,5,0.06,0.468989582,0.149933835
0.009,5,0.06,0.502920245,0.151311168
0.01,5,0.06,0.533966051,0.151306117
0.02,5,0.06,0.731149166,0.107649923
0.03,5,0.06,0.821566327,0.055750788
0.04,5,0.06,0.871759734,0.023847931
0.05,5,0.06,0.90264895,0.009051922
0.06,5,0.06,0.92261846,0.003529703
0.07,5,0.06,0.936068942,0.001528059
0.08,5,0.06,0.945530721,0.000739367
0.09,5,0.06,0.952470334,0.000393689
0.1,5,0.06,0.957749096,0.000226603
0.11,5,0.06,0.961888774,0.000138879
0.12,5,0.06,0.965217927,8.9566E-05
0.13,5,0.06,0.967951634,6.02339E-05
0.14,5,0.06,0.9702358,4.19441E-05
0.15,5,0.06,0.972172579,3.00799E-05
0.16,5,0.06,0.973835494,2.21202E-05
0.17,5,0.06,0.975278752,1.66222E-05
0.18,5,0.06,0.976543172,1.27287E-05
0.19,5,0.06,0.977660059,9.90845E-06
0.2,5,0.06,0.978653825,7.82816E-06
0.21,5,0.06,0.979543775,6.2652E-06
0.22,5,0.06,0.980345384,5.07375E-06
0.23,5,0.06,0.981071193,4.1516E-06
0.24,5,0.06,0.981731478,3.42967E-06
0.25,5,0.06,0.982334737,2.85749E-06
0.001,10,0.06,0.055687204,0.107674335
0.002,10,0.06,0.098326849,0.124962694
0.003,10,0.06,0.134118272,0.140438872
0.004,10,0.06,0.165759674,0.154457222
0.005,10,0.06,0.194602011,0.167250431
0.006,10,0.06,0.221387033,0.178964873
0.007,10,0.06,0.246548436,0.189685229
0.008,10,0.06,0.270351115,0.199453014
0.009,10,0.06,0.292962047,0.208281156
0.01,10,0.06,0.314489296,0.216166046
0.02,10,0.06,0.480247565,0.244223519
0.03,10,0.06,0.579794569,0.213180986
0.04,10,0.06,0.645044128,0.172029977
0.05,10,0.06,0.693703224,0.137081695
0.06,10,0.06,0.733183743,0.109897284
0.07,10,0.06,0.76669675,0.088955052
0.08,10,0.06,0.795802212,0.072618829
0.09,10,0.06,0.8213633,0.059628656
0.1,10,0.06,0.843925132,0.049082841
0.11,10,0.06,0.863870963,0.040364432
0.12,10,0.06,0.881489584,0.033040286
0.13,10,0.06,0.897008569,0.026804032
0.14,10,0.06,0.91061247,0.021439994
0.15,10,0.06,0.922454428,0.016792806
0.16,10,0.06,0.932665391,0.01275639
0.17,10,0.06,0.941362765,0.009268415
0.18,10,0.06,0.948660579,0.006317467
0.19,10,0.06,0.954682337,0.003963992
0.2,10,0.06,0.959574195,0.002305642
0.21,10,0.06,0.96350917,0.00130514
0.22,10,0.06,0.966672891,0.000756948
0.23,10,0.06,0.969238166,0.00046065
0.24,10,0.06,0.971347138,0.000295102
0.25,10,0.06,0.973108009,0.000198016
0.001,15,0.06,0.03810891,0.107111014
0.002,15,0.06,0.067255948,0.124580813
0.003,15,0.06,0.091733946,0.140316292
0.004,15,0.06,0.113415486,0.154682235
0.005,15,0.06,0.133241798,0.167929161
0.006,15,0.06,0.151732773,0.180225374
0.007,15,0.06,0.169194876,0.19167867
0.008,15,0.06,0.185817098,0.202352156
0.009,15,0.06,0.201719603,0.212276317
0.01,15,0.06,0.216980338,0.221458902
0.02,15,0.06,0.340549024,0.270574539
0.03,15,0.06,0.42139676,0.256495099
0.04,15,0.06,0.476250477,0.22079327
0.05,15,0.06,0.517763705,0.185842011
0.06,15,0.06,0.552082184,0.156853441
0.07,15,0.06,0.582002048,0.133794816
0.08,15,0.06,0.60888433,0.115496298
0.09,15,0.06,0.633454979,0.100828834
0.1,15,0.06,0.656139652,0.08891126
0.11,15,0.06,0.677215331,0.079069912
0.12,15,0.06,0.696882032,0.0708119
0.13,15,0.06,0.715294976,0.063791496
0.14,15,0.06,0.732578993,0.057755927
0.15,15,0.06,0.748837122,0.052509035
0.16,15,0.06,0.764156805,0.047901587
0.17,15,0.06,0.778613461,0.043824081
0.18,15,0.06,0.792272215,0.040192031
0.19,15,0.06,0.805189421,0.036934735
0.2,15,0.06,0.817414491,0.033993858
0.21,15,0.06,0.82899133,0.031324398
0.22,15,0.06,0.839959009,0.028891194
0.23,15,0.06,0.850352156,0.026663754
0.24,15,0.06,0.860201596,0.024614833
0.25,15,0.06,0.86953509,0.022722018
0.001,20,0.06,0.028920568,0.105572027
0.002,20,0.06,0.051012176,0.122902105
0.003,20,0.06,0.069556644,0.13854307
0.004,20,0.06,0.085986824,0.152857728
0.005,20,0.06,0.101024085,0.166099802
0.006,20,0.06,0.115067915,0.178444082
0.007,20,0.06,0.128354708,0.190006842
0.008,20,0.06,0.141031003,0.200860555
0.009,20,0.06,0.153190563,0.211044778
0.01,20,0.06,0.164894613,0.22057506
0.02,20,0.06,0.261672805,0.277767355
0.03,20,0.06,0.327601365,0.272694825
0.04,20,0.06,0.373146033,0.24089768
0.05,20,0.06,0.407740642,0.206673778
0.06,20,0.06,0.436417812,0.177125365
0.07,20,0.06,0.461549878,0.153113035
0.08,20,0.06,0.484302915,0.133838633
0.09,20,0.06,0.505296758,0.11827652
0.1,20,0.06,0.524888146,0.10557776
0.11,20,0.06,0.543299958,0.095085003
0.12,20,0.06,0.560685397,0.086287615
0.13,20,0.06,0.577160332,0.078805857
0.14,20,0.06,0.592817982,0.072370187
0.15,20,0.06,0.607735113,0.066783497
0.16,20,0.06,0.62197578,0.061889918
0.17,20,0.06,0.635594722,0.057563895
0.18,20,0.06,0.648639934,0.05370933
0.19,20,0.06,0.661153904,0.050255055
0.2,20,0.06,0.673173997,0.047145218
0.21,20,0.06,0.684732899,0.044331496
0.22,20,0.06,0.695859482,0.041771413
0.23,20,0.06,0.70657975,0.039430163
0.24,20,0.06,0.716917425,0.037281137
0.25,20,0.06,0.726894074,0.035303447
0.001,25,0.06,0.023290844,0.104244488
0.002,25,0.06,0.041064836,0.12141902
0.003,25,0.06,0.055977829,0.136935064
0.004,25,0.06,0.069189929,0.151152023
0.005,25,0.06,0.081285696,0.164323658
0.006,25,0.06,0.092589312,0.176627079
0.007,25,0.06,0.103293022,0.188182493
0.008,25,0.06,0.113516355,0.199067112
0.009,25,0.06,0.123336088,0.209325488
0.01,25,0.06,0.132802593,0.218977932
0.02,25,0.06,0.211968126,0.280178641
0.03,25,0.06,0.26716916,0.280511388
0.04,25,0.06,0.305744828,0.251429521
0.05,25,0.06,0.335099893,0.217910848
0.06,25,0.06,0.359443429,0.188180225
0.07,25,0.06,0.380810748,0.163662131
0.08,25,0.06,0.400210444,0.143822918
0.09,25,0.06,0.418178947,0.127727828
0.1,25,0.06,0.435023365,0.114547826
0.11,25,0.06,0.45093253,0.103637554
0.12,25,0.06,0.466032413,0.094490998
0.13,25,0.06,0.480415485,0.086715481
0.14,25,0.06,0.494155408,0.080022556
0.15,25,0.06,0.507313269,0.074206358
0.16,25,0.06,0.519940181,0.069112267
0.17,25,0.06,0.532079266,0.064614694
0.18,25,0.06,0.543767771,0.060610496
0.19,25,0.06,0.55503875,0.057019431
0.2,25,0.06,0.565921859,0.053781759
0.21,25,0.06,0.576443501,0.05085134
0.22,25,0.06,0.586626914,0.048188661
0.23,25,0.06,0.596492576,0.045757856
0.24,25,0.06,0.606058852,0.043527562
0.25,25,0.06,0.615342569,0.041472591
0.001,30,0.06,0.019492486,0.10320568
0.002,30,0.06,0.034356875,0.12024969
0.003,30,0.06,0.046823555,0.135656865
0.004,30,0.06,0.05786707,0.149783711
0.005,30,0.06,0.067978744,0.162883229
0.006,30,0.06,0.07743129,0.175133497
0.007,30,0.06,0.086386654,0.186656807
0.008,30,0.06,0.094945715,0.197533117
0.009,30,0.06,0.103173442,0.207810142
0.01,30,0.06,0.111112595,0.217511229
0.02,30,0.06,0.177972484,0.281036579
0.03,30,0.06,0.225302066,0.284932409
0.04,30,0.06,0.258643772,0.257809559
0.05,30,0.06,0.284047176,0.224879853
0.06,30,0.06,0.305111359,0.195101375
0.07,30,0.06,0.323609979,0.170283729
0.08,30,0.06,0.340427624,0.150082678
0.09,30,0.06,0.356035318,0.133638502
0.1,30,0.06,0.370702205,0.120139183
0.11,30,0.06,0.384592607,0.108945398
0.12,30,0.06,0.397814336,0.099557149
0.13,30,0.06,0.410444733,0.091579266
0.14,30,0.06,0.422544516,0.084712121
0.15,30,0.06,0.434164113,0.078739731
0.16,30,0.06,0.445346049,0.073504838
0.17,30,0.06,0.456126198,0.068883715
0.18,30,0.06,0.466535186,0.064773032
0.19,30,0.06,0.476599881,0.061088047
0.2,30,0.06,0.486344448,0.057763395
0.21,30,0.06,0.495790742,0.054750298
0.22,30,0.06,0.504958292,0.052010444
0.23,30,0.06,0.513864329,0.0495104
0.24,30,0.06,0.522524069,0.047219344
0.25,30,0.06,0.530951189,0.045109868
0.001,35,0.06,0.01675781,0.102393361
0.002,35,0.06,0.029529602,0.119331437
0.003,35,0.06,0.040237729,0.134649048
0.004,35,0.06,0.049722307,0.14870001
0.005,35,0.06,0.058407039,0.161736452
0.006,35,0.06,0.066527249,0.173936871
0.007,35,0.06,0.074222808,0.185424828
0.008,35,0.06,0.08158096,0.196282026
0.009,35,0.06,0.088657994,0.206558278
0.01,35,0.06,0.095491043,0.216279057
0.02,35,0.06,0.153310556,0.281297676
0.03,35,0.06,0.194674926,0.28770734
0.04,35,0.06,0.22398742,0.26205485
0.05,35,0.06,0.246341544,0.229606826
0.06,35,0.06,0.264873114,0.199833485
0.07,35,0.06,0.281150201,0.17482366
0.08,35,0.06,0.295958854,0.1543735
0.09,35,0.06,0.309718114,0.137684047
0.1,35,0.06,0.322667233,0.123958764
0.11,35,0.06,0.334951754,0.112561852
0.12,35,0.06,0.34666624,0.102997691
0.13,35,0.06,0.357877433,0.094871983
0.14,35,0.06,0.368636992,0.087879181
0.15,35,0.06,0.378987705,0.081795279
0.16,35,0.06,0.388965884,0.076458835
0.17,35,0.06,0.398602304,0.071746559
0.18,35,0.06,0.407923113,0.06755643
0.19,35,0.06,0.416951009,0.06380251
0.2,35,0.06,0.425706282,0.060415834
0.21,35,0.06,0.434207387,0.057344181
0.22,35,0.06,0.442471039,0.054548159
0.23,35,0.06,0.450512144,0.051995546
0.24,35,0.06,0.458343849,0.049657206
0.25,35,0.06,0.465977816,0.047506059
0.001,40,0.06,0.014695362,0.101746129
0.002,40,0.06,0.025890314,0.118598279
0.003,40,0.06,0.035273896,0.133842509
0.004,40,0.06,0.043584368,0.147830521
0.005,40,0.06,0.051194159,0.160813692
0.006,40,0.06,0.058310208,0.172970652
0.007,40,0.06,0.065055593,0.184425699
0.008,40,0.06,0.071507163,0.195261852
0.009,40,0.06,0.077714562,0.205530346
0.01,40,0.06,0.083710599,0.215258253
0.02,40,0.06,0.134622381,0.281308628
0.03,40,0.06,0.171329725,0.289583272
0.04,40,0.06,0.19746045,0.265071225
0.05,40,0.06,0.217402685,0.233018066
0.06,40,0.06,0.233930891,0.203270401
0.07,40,0.06,0.248448555,0.178128984
0.08,40,0.06,0.261662125,0.157497606
0.09,40,0.06,0.273948601,0.140626662
0.1,40,0.06,0.285523152,0.126733473
0.11,40,0.06,0.296516398,0.115184673
0.12,40,0.06,0.307012696,0.10548757
0.13,40,0.06,0.317070889,0.097249508
0.14,40,0.06,0.326735974,0.090161854
0.15,40,0.06,0.336045055,0.083994717
0.16,40,0.06,0.345029743,0.078582427
0.17,40,0.06,0.353716972,0.073801042
0.18,40,0.06,0.362129623,0.069549738
0.19,40,0.06,0.370287408,0.065742757
0.2,40,0.06,0.378207813,0.062309257
0.21,40,0.06,0.385906737,0.059194268
0.22,40,0.06,0.393398703,0.056356607
0.23,40,0.06,0.400696802,0.053764097
0.24,40,0.06,0.407812643,0.051388815
0.25,40,0.06,0.414756474,0.049204699
0.001,45,0.06,0.013084596,0.101223444
0.002,45,0.06,0.023048907,0.118005091
0.003,45,0.06,0.03139915,0.133188842
0.004,45,0.06,0.038793744,0.147124628
0.005,45,0.06,0.045564908,0.160063027
0.006,45,0.06,0.051897297,0.172182736
0.007,45,0.06,0.057900794,0.183608599
0.008,45,0.06,0.063644056,0.19442451
0.009,45,0.06,0.069171486,0.204682812
0.01,45,0.06,0.074512463,0.214411757
0.02,45,0.06,0.119980237,0.28121125
0.03,45,0.06,0.152959081,0.290920628
0.04,45,0.06,0.176520099,0.26731642
0.05,45,0.06,0.194511967,0.235590507
0.06,45,0.06,0.209420446,0.205876532
0.07,45,0.06,0.222514799,0.180641289
0.08,45,0.06,0.234436082,0.159873394
0.09,45,0.06,0.24552671,0.14286357
0.1,45,0.06,0.255982075,0.128841317
0.11,45,0.06,0.265920648,0.117175202
0.12,45,0.06,0.275418625,0.107374453
0.13,45,0.06,0.28452871,0.099048153
0.14,45,0.06,0.293290802,0.091886151
0.15,45,0.06,0.301737631,0.08565433
0.16,45,0.06,0.309897145,0.080183299
0.17,45,0.06,0.317793275,0.075347972
0.18,45,0.06,0.325446383,0.071048299
0.19,45,0.06,0.33287393,0.06719914
0.2,45,0.06,0.340091296,0.063728794
0.21,45,0.06,0.347112425,0.060580318
0.22,45,0.06,0.353950107,0.057710762
0.23,45,0.06,0.36061597,0.055087367
0.24,45,0.06,0.367120403,0.052682851
0.25,45,0.06,0.373472579,0.050472133
0.001,50,0.06,0.011791874,0.100793201
0.002,50,0.06,0.020769108,0.117516448
0.003,50,0.06,0.028290798,0.132649855
0.004,50,0.06,0.034951102,0.146541866
0.005,50,0.06,0.041049863,0.159442553
0.006,50,0.06,0.04675378,0.171530439
0.007,50,0.06,0.052162093,0.182930798
0.008,50,0.06,0.057336845,0.193728251
0.009,50,0.06,0.062318192,0.203975964
0.01,50,0.06,0.067132734,0.213703095
0.02,50,0.06,0.108202333,0.281069626
0.03,50,0.06,0.13813242,0.291916607
0.04,50,0.06,0.159577676,0.269051687
0.05,50,0.06,0.175962084,0.237600241
0.06,50,0.06,0.189535961,0.207921681
0.07,50,0.06,0.20145726,0.182616478
0.08,50,0.06,0.212312476,0.161741791
0.09,50,0.06,0.222415126,0.144621848
0.1,50,0.06,0.231944103,0.130496937
0.11,50,0.06,0.24100778,0.11873727
0.12,50,0.06,0.249675664,0.108853403
0.13,50,0.06,0.257995528,0.100455964
0.14,50,0.06,0.266003233,0.093234082
0.15,50,0.06,0.273728055,0.086950564
0.16,50,0.06,0.281195014,0.081432841
0.17,50,0.06,0.288425625,0.076554487
0.18,50,0.06,0.295438234,0.072215857
0.19,50,0.06,0.302248539,0.068332503
0.2,50,0.06,0.308870282,0.0648324
0.21,50,0.06,0.315315874,0.061657259
0.22,50,0.06,0.32159672,0.058762595
0.23,50,0.06,0.327723253,0.056114841
0.24,50,0.06,0.333704859,0.053686919
0.25,50,0.06,0.339549853,0.051454518
0.001,55,0.06,0.010731599,0.100432242
0.002,55,0.06,0.018899623,0.11710615
0.003,55,0.06,0.025742245,0.132197016
0.004,55,0.06,0.031800795,0.146051865
0.005,55,0.06,0.03734849,0.158920308
0.006,55,0.06,0.04253726,0.170980819
0.007,55,0.06,0.047457578,0.182358952
0.008,55,0.06,0.052166034,0.193139782
0.009,55,0.06,0.05669928,0.203377216
0.01,55,0.06,0.061081612,0.213101131
0.02,55,0.06,0.098525348,0.280910401
0.03,55,0.06,0.125917977,0.292681113
0.04,55,0.06,0.145592414,0.270429714
0.05,55,0.06,0.16063029,0.239211567
0.06,55,0.06,0.173086505,0.209567931
0.07,55,0.06,0.184025336,0.184209228
0.08,55,0.06,0.193987125,0.163249094
0.09,55,0.06,0.203260918,0.146039983
0.1,55,0.06,0.212011638,0.131831677
0.11,55,0.06,0.220339141,0.119995866
0.12,55,0.06,0.228307338,0.110044036
0.13,55,0.06,0.235959939,0.101588128
0.14,55,0.06,0.243329535,0.094317018
0.15,55,0.06,0.250442602,0.087991228
0.16,55,0.06,0.257321775,0.082435533
0.17,55,0.06,0.263986582,0.077522127
0.18,55,0.06,0.270453721,0.073151529
0.19,55,0.06,0.276737459,0.069239904
0.2,55,0.06,0.28285023,0.065715225
0.21,55,0.06,0.288803218,0.062518288
0.22,55,0.06,0.294606697,0.059603313
0.23,55,0.06,0.300270116,0.056935916
0.24,55,0.06,0.305802023,0.054488949
0.25,55,0.06,0.311210019,0.052238643
0.001,60,0.06,0.009846191,0.100126312
0.002,60,0.06,0.017338749,0.116758146
0.003,60,0.06,0.02361468,0.131812698
0.004,60,0.06,0.029171111,0.145635789
0.005,60,0.06,0.034258974,0.158476562
0.006,60,0.06,0.039017831,0.170513381
0.007,60,0.06,0.043530812,0.181872023
0.008,60,0.06,0.047849934,0.192638026
0.009,60,0.06,0.052008906,0.202865874
0.01,60,0.06,0.056030088,0.21258596
0.02,60,0.06,0.090434061,0.2807498
0.03,60,0.06,0.115682939,0.29328509
0.04,60,0.06,0.133854372,0.271550638
0.05,60,0.06,0.147748535,0.240532825
0.06,60,0.06,0.159255682,0.210922314
0.07,60,0.06,0.169360239,0.185521556
0.08,60,0.06,0.178563033,0.16449155
0.09,60,0.06,0.187132133,0.147208717
0.1,60,0.06,0.195220497,0.132931265
0.11,60,0.06,0.202920694,0.121032217
0.12,60,0.06,0.210291882,0.111023737
0.13,60,0.06,0.217374366,0.102518872
0.14,60,0.06,0.224198022,0.09520648
0.15,60,0.06,0.230787017,0.088845368
0.16,60,0.06,0.237162007,0.083258074
0.17,60,0.06,0.243340863,0.078315503
0.18,60,0.06,0.249338904,0.07391814
0.19,60,0.06,0.255169211,0.069982686
0.2,60,0.06,0.260843148,0.066437271
0.21,60,0.06,0.266370893,0.063222052
0.22,60,0.06,0.27176179,0.060290231
0.23,60,0.06,0.277024461,0.057606621
0.24,60,0.06,0.282166744,0.055143864
0.25,60,0.06,0.28719564,0.05287856
0.001,65,0.06,0.009095703,0.099864048
0.002,65,0.06,0.01601593,0.116459753
0.003,65,0.06,0.021811802,0.131482911
0.004,65,0.06,0.026942915,0.145278552
0.005,65,0.06,0.031641277,0.158095338
0.006,65,0.06,0.036035942,0.170111519
0.007,65,0.06,0.040203799,0.181453075
0.008,65,0.06,0.044192976,0.192205878
0.009,65,0.06,0.048034673,0.202424807
0.01,65,0.06,0.051749603,0.212140901
0.02,65,0.06,0.083568901,0.280594651
0.03,65,0.06,0.106983329,0.293772971
0.04,65,0.06,0.123863592,0.272479772
0.05,65,0.06,0.136774618,0.241635441
0.06,65,0.06,0.147466146,0.212055622
0.07,65,0.06,0.156853762,0.186620851
0.08,65,0.06,0.165404101,0.165532404
0.09,65,0.06,0.173367066,0.148187385
0.1,65,0.06,0.18088525,0.133851504
0.11,65,0.06,0.188044921,0.12189902
0.12,65,0.06,0.194901148,0.111842594
0.13,65,0.06,0.201491331,0.103296213
0.14,65,0.06,0.207843059,0.09594884
0.15,65,0.06,0.213978563,0.089557958
0.16,65,0.06,0.21991683,0.083944196
0.17,65,0.06,0.225674329,0.078977248
0.18,65,0.06,0.231265206,0.074557452
0.19,65,0.06,0.236701546,0.070601942
0.2,65,0.06,0.241993816,0.067039055
0.21,65,0.06,0.247151355,0.063808507
0.22,65,0.06,0.252182733,0.060862688
0.23,65,0.06,0.257095868,0.058165637
0.24,65,0.06,0.261897995,0.055689754
0.25,65,0.06,0.266595597,0.053411838
0.001,70,0.06,0.008451488,0.099636741
0.002,70,0.06,0.014880584,0.116201045
0.003,70,0.06,0.020264584,0.131196856
0.004,70,0.06,0.025030823,0.144968616
0.005,70,0.06,0.029395037,0.157764345
0.006,70,0.06,0.033477245,0.16976243
0.007,70,0.06,0.037348965,0.181088868
0.008,70,0.06,0.041054975,0.191829857
0.009,70,0.06,0.044624317,0.202040659
0.01,70,0.06,0.048076277,0.211752688
0.02,70,0.06,0.077671184,0.28044734
0.03,70,0.06,0.099498402,0.294173562
0.04,70,0.06,0.115257791,0.273261014
0.05,70,0.06,0.127314879,0.242568205
0.06,70,0.06,0.137298128,0.213016714
0.07,70,0.06,0.146063193,0.187554256
0.08,70,0.06,0.154046846,0.166416712
0.09,70,0.06,0.161483106,0.149019097
0.1,70,0.06,0.168505506,0.1346337
0.11,70,0.06,0.175194814,0.122635889
0.12,70,0.06,0.181602539,0.11253868
0.13,70,0.06,0.187763575,0.103956828
0.14,70,0.06,0.193703557,0.096579484
0.15,70,0.06,0.199443066,0.090163087
0.16,70,0.06,0.204999671,0.084526691
0.17,70,0.06,0.210388635,0.079538855
0.18,70,0.06,0.215623102,0.075099737
0.19,70,0.06,0.220714302,0.071126837
0.2,70,0.06,0.225671939,0.067548705
0.21,70,0.06,0.230504649,0.064304812
0.22,70,0.06,0.235220338,0.061346861
0.23,70,0.06,0.239826327,0.058638236
0.24,70,0.06,0.244329328,0.056151032
0.25,70,0.06,0.248735376,0.05386218
0.001,5,0.07,0.101684632,0.098965435
0.002,5,0.07,0.179096896,0.113261689
0.003,5,0.07,0.243317914,0.125316671
0.004,5,0.07,0.299125664,0.135390568
0.005,5,0.07,0.348882625,0.143628729
0.006,5,0.07,0.393872706,0.150112934
0.007,5,0.07,0.434850629,0.154899401
0.008,5,0.07,0.472298127,0.158046185
0.009,5,0.07,0.506554422,0.159630715
0.01,5,0.07,0.53788597,0.159758016
0.02,5,0.07,0.735622878,0.114427345
0.03,5,0.07,0.824588849,0.059634868
0.04,5,0.07,0.873424079,0.02580264
0.05,5,0.07,0.903471936,0.009971921
0.06,5,0.07,0.92301264,0.003958452
0.07,5,0.07,0.936263333,0.001736043
0.08,5,0.07,0.945632465,0.000847052
0.09,5,0.07,0.952527198,0.000453415
0.1,5,0.07,0.957782866,0.000261871
0.11,5,0.07,0.961909914,0.00016086
0.12,5,0.07,0.965231766,0.000103905
0.13,5,0.07,0.967961043,6.9955E-05
0.14,5,0.07,0.970242407,4.87541E-05
0.15,5,0.07,0.972177348,3.49856E-05
0.16,5,0.07,0.973839019,2.574E-05
0.17,5,0.07,0.975281412,1.93497E-05
0.18,5,0.07,0.976545216,1.48219E-05
0.19,5,0.07,0.977661655,1.15409E-05
0.2,5,0.07,0.978655088,9.11872E-06
0.21,5,0.07,0.979544789,7.30038E-06
0.22,5,0.07,0.980346206,5.91223E-06
0.23,5,0.07,0.981071867,4.83861E-06
0.24,5,0.07,0.981732036,3.99805E-06
0.25,5,0.07,0.982335202,3.33085E-06
0.001,10,0.07,0.056031884,0.114530366
0.002,10,0.07,0.099026263,0.132964726
0.003,10,0.07,0.135183464,0.149496447
0.004,10,0.07,0.167202546,0.164506313
0.005,10,0.07,0.196435111,0.178245624
0.006,10,0.07,0.223623249,0.19087352
0.007,10,0.07,0.249200596,0.202482859
0.008,10,0.07,0.273431495,0.213119578
0.009,10,0.07,0.296481792,0.222797854
0.01,10,0.07,0.31845779,0.231512666
0.02,10,0.07,0.488486393,0.265568642
0.03,10,0.07,0.590059453,0.234659563
0.04,10,0.07,0.655336746,0.190731421
0.05,10,0.07,0.703192122,0.152635395
0.06,10,0.07,0.741617299,0.122664045
0.07,10,0.07,0.774053324,0.099403744
0.08,10,0.07,0.802146723,0.081170253
0.09,10,0.07,0.826787505,0.066626343
0.1,10,0.07,0.84852259,0.054797938
0.11,10,0.07,0.867728595,0.045010199
0.12,10,0.07,0.884686223,0.036786509
0.13,10,0.07,0.899615849,0.02978858
0.14,10,0.07,0.912696668,0.023777853
0.15,10,0.07,0.924078518,0.01858299
0.16,10,0.07,0.933891017,0.014087265
0.17,10,0.07,0.942252019,0.010221816
0.18,10,0.07,0.949276978,0.006971329
0.19,10,0.07,0.955089916,0.00439261
0.2,10,0.07,0.959833512,0.002576507
0.21,10,0.07,0.963671173,0.001473498
0.22,10,0.07,0.966774723,0.000862371
0.23,10,0.07,0.969303752,0.000528349
0.24,10,0.07,0.971390782,0.000340047
0.25,10,0.07,0.973138053,0.000228897
0.001,15,0.07,0.038358998,0.11437638
0.002,15,0.07,0.067763388,0.133065673
0.003,15,0.07,0.092506783,0.14992319
0.004,15,0.07,0.114462526,0.165342142
0.005,15,0.07,0.13457256,0.179593937
0.006,15,0.07,0.153357399,0.192862227
0.007,15,0.07,0.171124,0.205265937
0.008,15,0.07,0.18806166,0.216875868
0.009,15,0.07,0.204290618,0.227727372
0.01,15,0.07,0.219888605,0.237830563
0.02,15,0.07,0.347126546,0.295115006
0.03,15,0.07,0.430685366,0.284191297
0.04,15,0.07,0.486539961,0.247168745
0.05,15,0.07,0.528048267,0.209396898
0.06,15,0.07,0.561929596,0.177488072
0.07,15,0.07,0.591255169,0.151820767
0.08,15,0.07,0.617508988,0.131296958
0.09,15,0.07,0.641471288,0.114759712
0.1,15,0.07,0.663589576,0.101274948
0.11,15,0.07,0.684146107,0.090113359
0.12,15,0.07,0.703338381,0.080732568
0.13,15,0.07,0.721316947,0.072747411
0.14,15,0.07,0.738202154,0.065875095
0.15,15,0.07,0.754092833,0.059896066
0.16,15,0.07,0.769072378,0.054642398
0.17,15,0.07,0.783212731,0.04998995
0.18,15,0.07,0.796576353,0.045843031
0.19,15,0.07,0.809217442,0.04212208
0.2,15,0.07,0.821183388,0.038761349
0.21,15,0.07,0.832516232,0.035709627
0.22,15,0.07,0.843253532,0.032926755
0.23,15,0.07,0.853428737,0.030378232
0.24,15,0.07,0.863071614,0.028033407
0.25,15,0.07,0.872208883,0.025866856
0.001,20,0.07,0.029112501,0.112909219
0.002,20,0.07,0.051401461,0.131471215
0.003,20,0.07,0.070149285,0.148243758
0.004,20,0.07,0.086789412,0.163618328
0.005,20,0.07,0.102043782,0.177869951
0.006,20,0.07,0.116312417,0.19118939
0.007,20,0.07,0.129832184,0.203704871
0.008,20,0.07,0.14275,0.21549759
0.009,20,0.07,0.155159883,0.226613196
0.01,20,0.07,0.167123156,0.237071075
0.02,20,0.07,0.266839809,0.302998212
0.03,20,0.07,0.335276486,0.302511816
0.04,20,0.07,0.382012172,0.270382038
0.05,20,0.07,0.41687168,0.233696309
0.06,20,0.07,0.445368855,0.201268513
0.07,20,0.07,0.470133902,0.174558929
0.08,20,0.07,0.492455148,0.15292445
0.09,20,0.07,0.513010059,0.135346891
0.1,20,0.07,0.532182182,0.12094127
0.11,20,0.07,0.550205263,0.109003457
0.12,20,0.07,0.567234427,0.098975889
0.13,20,0.07,0.583383088,0.090437193
0.14,20,0.07,0.598740997,0.083084546
0.15,20,0.07,0.613381986,0.076695696
0.16,20,0.07,0.627367649,0.071095375
0.17,20,0.07,0.64075024,0.066142144
0.18,20,0.07,0.653575278,0.061726748
0.19,20,0.07,0.665883187,0.057767607
0.2,20,0.07,0.677709887,0.05420095
0.21,20,0.07,0.68908702,0.050972254
0.22,20,0.07,0.70004245,0.048033736
0.23,20,0.07,0.710601071,0.045345818
0.24,20,0.07,0.720785539,0.042877767
0.25,20,0.07,0.730616607,0.040605391
0.001,25,0.07,0.023445379,0.111571162
0.002,25,0.07,0.041378182,0.129976028
0.003,25,0.07,0.056454724,0.146621018
0.004,25,0.07,0.069835575,0.161894001
0.005,25,0.07,0.082105758,0.176070099
0.006,25,0.07,0.093589901,0.189342587
0.007,25,0.07,0.104480656,0.20184388
0.008,25,0.07,0.114897903,0.213660329
0.009,25,0.07,0.124918695,0.224843144
0.01,25,0.07,0.134593572,0.235417098
0.02,25,0.07,0.216166077,0.305532109
0.03,25,0.07,0.273577133,0.311224073
0.04,25,0.07,0.313327741,0.282466779
0.05,25,0.07,0.34304031,0.246770064
0.06,25,0.07,0.367322876,0.214226613
0.07,25,0.07,0.388442113,0.186981668
0.08,25,0.07,0.407520176,0.164714525
0.09,25,0.07,0.425148577,0.14652324
0.1,25,0.07,0.441661248,0.131554357
0.11,25,0.07,0.457259385,0.119122253
0.12,25,0.07,0.472073065,0.108677649
0.13,25,0.07,0.486194086,0.099786864
0.14,25,0.07,0.499693458,0.092126478
0.15,25,0.07,0.512629618,0.085463418
0.16,25,0.07,0.525051694,0.079622671
0.17,25,0.07,0.537001179,0.074462739
0.18,25,0.07,0.548513599,0.069867159
0.19,25,0.07,0.559620196,0.065744367
0.2,25,0.07,0.570349056,0.062025476
0.21,25,0.07,0.580725497,0.05865738
0.22,25,0.07,0.590772078,0.055595266
0.23,25,0.07,0.600508715,0.052798864
0.24,25,0.07,0.609953101,0.050232779
0.25,25,0.07,0.619121274,0.047868082
0.001,30,0.07,0.019621416,0.110502661
0.002,30,0.07,0.034618253,0.128772252
0.003,30,0.07,0.047221276,0.145303176
0.004,30,0.07,0.058405415,0.160480301
0.005,30,0.07,0.068662376,0.174577829
0.006,30,0.07,0.078265251,0.187790079
0.007,30,0.07,0.087376334,0.200251621
0.008,30,0.07,0.096096819,0.212051783
0.009,30,0.07,0.104491934,0.223245199
0.01,30,0.07,0.112604623,0.233860058
0.02,30,0.07,0.181490372,0.306358152
0.03,30,0.07,0.230763912,0.316082159
0.04,30,0.07,0.265210139,0.289742433
0.05,30,0.07,0.290997973,0.254853365
0.06,30,0.07,0.312061837,0.222325946
0.07,30,0.07,0.330381872,0.194773197
0.08,30,0.07,0.346946498,0.172105697
0.09,30,0.07,0.362277958,0.153515454
0.1,30,0.07,0.37667089,0.138174571
0.11,30,0.07,0.390302011,0.125408057
0.12,30,0.07,0.403284118,0.114675604
0.13,30,0.07,0.415695001,0.105542373
0.14,30,0.07,0.427593494,0.097673329
0.15,30,0.07,0.439027648,0.090823844
0.16,30,0.07,0.450038132,0.084815085
0.17,30,0.07,0.460659508,0.079507049
0.18,30,0.07,0.470921205,0.074783241
0.19,30,0.07,0.480848737,0.070547576
0.2,30,0.07,0.490464858,0.066724983
0.21,30,0.07,0.499790254,0.063258901
0.22,30,0.07,0.508843697,0.060105146
0.23,30,0.07,0.517641978,0.057225826
0.24,30,0.07,0.526199953,0.054586386
0.25,30,0.07,0.53453083,0.052155936
0.001,35,0.07,0.01686825,0.10965853
0.002,35,0.07,0.029753466,0.127817092
0.003,35,0.07,0.040578318,0.144253193
0.004,35,0.07,0.050183249,0.159348834
0.005,35,0.07,0.058992291,0.173377319
0.006,35,0.07,0.067241091,0.186533295
0.007,35,0.07,0.075069823,0.198952646
0.008,35,0.07,0.082566013,0.210726588
0.009,35,0.07,0.089786187,0.221912005
0.01,35,0.07,0.096767658,0.232539431
0.02,35,0.07,0.156331454,0.306544924
0.03,35,0.07,0.199419688,0.3190923
0.04,35,0.07,0.229756044,0.294558104
0.05,35,0.07,0.252494978,0.260321517
0.06,35,0.07,0.271059108,0.227855063
0.07,35,0.07,0.287201641,0.20011041
0.08,35,0.07,0.30180343,0.177169992
0.09,35,0.07,0.31533082,0.158301137
0.1,35,0.07,0.32804691,0.142697993
0.11,35,0.07,0.34010917,0.129692511
0.12,35,0.07,0.351617419,0.118750995
0.13,35,0.07,0.362639494,0.10944079
0.14,35,0.07,0.37322577,0.101421056
0.15,35,0.07,0.38341697,0.094438323
0.16,35,0.07,0.393247635,0.088308534
0.17,35,0.07,0.402747344,0.082891583
0.18,35,0.07,0.411941326,0.078072306
0.19,35,0.07,0.420851272,0.073753583
0.2,35,0.07,0.429496315,0.069856641
0.21,35,0.07,0.4378938,0.066321014
0.22,35,0.07,0.446059616,0.063100871
0.23,35,0.07,0.454008186,0.06015919
0.24,35,0.07,0.461752387,0.057463129
0.25,35,0.07,0.469303617,0.054982373
0.001,40,0.07,0.014791876,0.108982012
0.002,40,0.07,0.026085929,0.12704988
0.003,40,0.07,0.035571474,0.143407842
0.004,40,0.07,0.043987055,0.158435618
0.005,40,0.07,0.051705387,0.172405648
0.006,40,0.07,0.05893369,0.185512643
0.007,40,0.07,0.065795313,0.197893309
0.008,40,0.07,0.072367353,0.209640163
0.009,40,0.07,0.078699674,0.220811683
0.01,40,0.07,0.084825253,0.231440104
0.02,40,0.07,0.137266403,0.306473895
0.03,40,0.07,0.175517424,0.321103702
0.04,40,0.07,0.202594646,0.297964514
0.05,40,0.07,0.222910985,0.264258864
0.06,40,0.07,0.239490179,0.231865712
0.07,40,0.07,0.253902909,0.203993222
0.08,40,0.07,0.266942461,0.180855882
0.09,40,0.07,0.27902953,0.161781883
0.1,40,0.07,0.290401503,0.145984456
0.11,40,0.07,0.301200304,0.13280063
0.12,40,0.07,0.311515533,0.121701331
0.13,40,0.07,0.321407495,0.112256685
0.14,40,0.07,0.330920342,0.104123091
0.15,40,0.07,0.340089398,0.097040725
0.16,40,0.07,0.34894461,0.090820522
0.17,40,0.07,0.357511773,0.08532116
0.18,40,0.07,0.365812985,0.080428546
0.19,40,0.07,0.373867187,0.076045899
0.2,40,0.07,0.381690933,0.072092637
0.21,40,0.07,0.389299131,0.068505337
0.22,40,0.07,0.396705473,0.065235966
0.23,40,0.07,0.403922517,0.062247176
0.24,40,0.07,0.410961598,0.05950719
0.25,40,0.07,0.417832791,0.056986822
0.001,45,0.07,0.013170265,0.108433503
0.002,45,0.07,0.023222528,0.126426712
0.003,45,0.07,0.031663248,0.142720084
0.004,45,0.07,0.039151093,0.157691379
0.005,45,0.07,0.046018535,0.171612176
0.006,45,0.07,0.052450481,0.184677274
0.007,45,0.07,0.058557054,0.197023872
0.008,45,0.07,0.064407137,0.208745449
0.009,45,0.07,0.07004533,0.21990158
0.01,45,0.07,0.075501172,0.230525837
0.02,45,0.07,0.122329521,0.306298124
0.03,45,0.07,0.156703557,0.322522683
0.04,45,0.07,0.181140825,0.300490671
0.05,45,0.07,0.199491653,0.267222765
0.06,45,0.07,0.214461524,0.234903868
0.07,45,0.07,0.227471809,0.206942689
0.08,45,0.07,0.239243476,0.183657993
0.09,45,0.07,0.25015941,0.164427595
0.1,45,0.07,0.260435714,0.148481176
0.11,45,0.07,0.270201509,0.135159784
0.12,45,0.07,0.279538102,0.123937616
0.13,45,0.07,0.288499851,0.114387467
0.14,45,0.07,0.297126128,0.106164605
0.15,45,0.07,0.305448132,0.099004742
0.16,45,0.07,0.313492259,0.092714496
0.17,45,0.07,0.321281345,0.087150893
0.18,45,0.07,0.328835044,0.082200426
0.19,45,0.07,0.336170196,0.077767022
0.2,45,0.07,0.343301428,0.073769362
0.21,45,0.07,0.350241818,0.070141983
0.22,45,0.07,0.357003363,0.066834821
0.23,45,0.07,0.363597132,0.063809628
0.24,45,0.07,0.370033216,0.061035065
0.25,45,0.07,0.376320639,0.058482916
0.001,50,0.07,0.011868869,0.107980827
0.002,50,0.07,0.02092514,0.12591201
0.003,50,0.07,0.028528124,0.142151434
0.004,50,0.07,0.035272204,0.157075351
0.005,50,0.07,0.041457448,0.170954684
0.006,50,0.07,0.047250781,0.183984016
0.007,50,0.07,0.052751661,0.196301009
0.008,50,0.07,0.058022334,0.207999835
0.009,50,0.07,0.063103139,0.219140995
0.01,50,0.07,0.068020825,0.22975903
0.02,50,0.07,0.110315204,0.30608512
0.03,50,0.07,0.141516761,0.323569469
0.04,50,0.07,0.16377571,0.302436821
0.05,50,0.07,0.180502529,0.269534711
0.06,50,0.07,0.194143526,0.237285912
0.07,50,0.07,0.205996,0.209260287
0.08,50,0.07,0.216720345,0.185860984
0.09,50,0.07,0.226667702,0.166507011
0.1,50,0.07,0.236036303,0.150442345
0.11,50,0.07,0.24494455,0.137011415
0.12,50,0.07,0.253466871,0.125690818
0.13,50,0.07,0.261652787,0.116055663
0.14,50,0.07,0.269537865,0.107760899
0.15,50,0.07,0.277150054,0.100539027
0.16,50,0.07,0.284512937,0.094193063
0.17,50,0.07,0.291646971,0.088578226
0.18,50,0.07,0.298569848,0.083581232
0.19,50,0.07,0.305296739,0.079106719
0.2,50,0.07,0.311840768,0.07507317
0.21,50,0.07,0.318213595,0.071413782
0.22,50,0.07,0.324425883,0.068076782
0.23,50,0.07,0.330487507,0.065022875
0.24,50,0.07,0.336407529,0.062220712
0.25,50,0.07,0.342194116,0.059642778
0.001,55,0.07,0.010801503,0.10760029
0.002,55,0.07,0.019041277,0.125478939
0.003,55,0.07,0.025957691,0.141672775
0.004,55,0.07,0.032092276,0.156556393
0.005,55,0.07,0.037718455,0.170400289
0.006,55,0.07,0.04298836,0.18339886
0.007,55,0.07,0.047992664,0.195690094
0.008,55,0.07,0.052788145,0.207368684
0.009,55,0.07,0.05741162,0.218495816
0.01,55,0.07,0.061887528,0.22910689
0.02,55,0.07,0.100444568,0.305861836
0.03,55,0.07,0.129004347,0.324365963
0.04,55,0.07,0.149437091,0.303978109
0.05,55,0.07,0.164800827,0.271385933
0.06,55,0.07,0.17732707,0.239201965
0.07,55,0.07,0.188208547,0.211128331
0.08,55,0.07,0.198054264,0.187637804
0.09,55,0.07,0.207188373,0.168184036
0.1,55,0.07,0.215793914,0.152023492
0.11,55,0.07,0.223980187,0.138503502
0.12,55,0.07,0.231815817,0.127102472
0.13,55,0.07,0.239346303,0.117397499
0.14,55,0.07,0.246604103,0.109043613
0.15,55,0.07,0.253614542,0.101771004
0.16,55,0.07,0.26039892,0.095379681
0.17,55,0.07,0.266975754,0.089723122
0.18,55,0.07,0.273361118,0.084687985
0.19,55,0.07,0.27956882,0.08017953
0.2,55,0.07,0.285610776,0.076116334
0.21,55,0.07,0.291497515,0.072430711
0.22,55,0.07,0.297238633,0.069069521
0.23,55,0.07,0.302843025,0.065992428
0.24,55,0.07,0.308318904,0.063167843
0.25,55,0.07,0.313673715,0.060568697
0.001,60,0.07,0.009910193,0.10727733
0.002,60,0.07,0.017468437,0.12511112
0.003,60,0.07,0.023811917,0.141265942
0.004,60,0.07,0.029437944,0.15611511
0.005,60,0.07,0.034597637,0.169928544
0.006,60,0.07,0.039430744,0.182900543
0.007,60,0.07,0.044020577,0.195169261
0.008,60,0.07,0.048419328,0.206829915
0.009,60,0.07,0.052660857,0.217944245
0.01,60,0.07,0.056767659,0.228548245
0.02,60,0.07,0.092191862,0.305644218
0.03,60,0.07,0.118518929,0.324990228
0.04,60,0.07,0.13739963,0.305228843
0.05,60,0.07,0.151603752,0.27290217
0.06,60,0.07,0.16318209,0.240777293
0.07,60,0.07,0.173238137,0.212666839
0.08,60,0.07,0.182336803,0.189102038
0.09,60,0.07,0.190779037,0.169565968
0.1,60,0.07,0.198734814,0.153326048
0.11,60,0.07,0.206305616,0.139732166
0.12,60,0.07,0.213555106,0.128264152
0.13,60,0.07,0.220525378,0.118500748
0.14,60,0.07,0.227246296,0.110097287
0.15,60,0.07,0.233741023,0.102782269
0.16,60,0.07,0.240028973,0.096353191
0.17,60,0.07,0.24612705,0.090661924
0.18,60,0.07,0.252049974,0.085594887
0.19,60,0.07,0.257810418,0.081057869
0.2,60,0.07,0.263419299,0.076969668
0.21,60,0.07,0.268886226,0.073262028
0.22,60,0.07,0.27421992,0.069880731
0.23,60,0.07,0.279428467,0.066784484
0.24,60,0.07,0.284519364,0.06394133
0.25,60,0.07,0.289499446,0.061324468
0.001,65,0.07,0.009154717,0.107000097
0.002,65,0.07,0.016135507,0.124795386
0.003,65,0.07,0.021993654,0.140916447
0.004,65,0.07,0.027188924,0.155735803
0.005,65,0.07,0.031953495,0.16952276
0.006,65,0.07,0.036416597,0.182471645
0.007,65,0.07,0.040655284,0.194720685
0.008,65,0.07,0.044717845,0.206365411
0.009,65,0.07,0.048635625,0.217468098
0.01,65,0.07,0.052429457,0.228065252
0.02,65,0.07,0.085190145,0.305438299
0.03,65,0.07,0.109606107,0.325490803
0.04,65,0.07,0.127152096,0.306263346
0.05,65,0.07,0.140358106,0.274166226
0.06,65,0.07,0.151120889,0.242094732
0.07,65,0.07,0.160466956,0.213955174
0.08,65,0.07,0.168922988,0.190328505
0.09,65,0.07,0.176769788,0.170723167
0.1,65,0.07,0.184165984,0.154416283
0.11,65,0.07,0.191206274,0.140760039
0.12,65,0.07,0.197950025,0.129235367
0.13,65,0.07,0.204436408,0.119422427
0.14,65,0.07,0.210693091,0.110976955
0.15,65,0.07,0.216741417,0.103626141
0.16,65,0.07,0.222599223,0.097165395
0.17,65,0.07,0.228282048,0.091445079
0.18,65,0.07,0.233803467,0.086351302
0.19,65,0.07,0.239175187,0.081790229
0.2,65,0.07,0.244407289,0.077680938
0.21,65,0.07,0.249508611,0.073954796
0.22,65,0.07,0.254487149,0.070556726
0.23,65,0.07,0.259350313,0.067444573
0.24,65,0.07,0.26410499,0.064585973
0.25,65,0.07,0.268757492,0.061954236
0.001,70,0.07,0.008506232,0.106759572
0.002,70,0.07,0.014991505,0.124521292
0.003,70,0.07,0.020433267,0.140612972
0.004,70,0.07,0.025259009,0.15540638
0.005,70,0.07,0.029684626,0.16917021
0.006,70,0.07,0.033830297,0.182098779
0.007,70,0.07,0.037767696,0.194330427
0.008,70,0.07,0.041541749,0.205960953
0.009,70,0.07,0.045181634,0.21705305
0.01,70,0.07,0.048706753,0.227643706
0.02,70,0.07,0.079175434,0.305245634
0.03,70,0.07,0.101937509,0.325898974
0.04,70,0.07,0.118323816,0.30713161
0.05,70,0.07,0.130661925,0.275234716
0.06,70,0.07,0.140715802,0.243211559
0.07,70,0.07,0.149444893,0.215048878
0.08,70,0.07,0.157342442,0.191370408
0.09,70,0.07,0.164671602,0.171706565
0.1,70,0.07,0.171581059,0.15534297
0.11,70,0.07,0.178159567,0.141633815
0.12,70,0.07,0.184462743,0.130060943
0.13,70,0.07,0.190527217,0.120205675
0.14,70,0.07,0.196378771,0.111724197
0.15,70,0.07,0.202037197,0.104342702
0.16,70,0.07,0.207518992,0.097854863
0.17,70,0.07,0.212838532,0.092109681
0.18,70,0.07,0.218008406,0.086992895
0.19,70,0.07,0.223039495,0.082411002
0.2,70,0.07,0.227941165,0.078283355
0.21,70,0.07,0.232721603,0.074541113
0.22,70,0.07,0.237388192,0.07112852
0.23,70,0.07,0.241947766,0.068002664
0.24,70,0.07,0.246406694,0.065130765
0.25,70,0.07,0.250770832,0.062486164
0.001,5,0.08,0.102039241,0.102797903
0.002,5,0.08,0.179807524,0.117678934
0.003,5,0.08,0.244384609,0.13025001
0.004,5,0.08,0.300546118,0.140782181
0.005,5,0.08,0.350651079,0.149425678
0.006,5,0.08,0.395978897,0.156263037
0.007,5,0.08,0.437278959,0.161348689
0.008,5,0.08,0.47502725,0.164737828
0.009,5,0.08,0.509557368,0.166505215
0.01,5,0.08,0.541130857,0.16675445
0.02,5,0.08,0.739387423,0.12013042
0.03,5,0.08,0.827177645,0.062961591
0.04,5,0.08,0.874885756,0.027519323
0.05,5,0.08,0.904216841,0.010804634
0.06,5,0.08,0.923379702,0.004357704
0.07,5,0.08,0.936448326,0.001933973
0.08,5,0.08,0.945730733,0.000951058
0.09,5,0.08,0.952582657,0.000511664
0.1,5,0.08,0.957816013,0.000296488
0.11,5,0.08,0.961930755,0.00018253
0.12,5,0.08,0.965245451,0.000118084
0.13,5,0.08,0.967970368,7.95893E-05
0.14,5,0.08,0.970248966,5.55146E-05
0.15,5,0.08,0.972182088,3.98614E-05
0.16,5,0.08,0.973842526,2.93413E-05
0.17,5,0.08,0.975284061,2.20659E-05
0.18,5,0.08,0.976547252,1.69068E-05
0.19,5,0.08,0.977663246,1.31683E-05
0.2,5,0.08,0.978656348,1.04062E-05
0.21,5,0.08,0.9795458,8.3325E-06
0.22,5,0.08,0.980347027,6.7497E-06
0.23,5,0.08,0.98107254,5.5246E-06
0.24,5,0.08,0.981732592,4.5644E-06
0.25,5,0.08,0.982335667,3.80421E-06
0.001,10,0.08,0.056324801,0.120356779
0.002,10,0.08,0.099620803,0.13976689
0.003,10,0.08,0.136089283,0.157198837
0.004,10,0.08,0.168430154,0.173056166
0.005,10,0.08,0.197995726,0.187606414
0.006,10,0.08,0.22552857,0.201020034
0.007,10,0.08,0.251462498,0.213397353
0.008,10,0.08,0.276061632,0.224788573
0.009,10,0.08,0.299491131,0.235209454
0.01,10,0.08,0.321856076,0.244654226
0.02,10,0.08,0.495708114,0.284278649
0.03,10,0.08,0.59923713,0.253863232
0.04,10,0.08,0.664637534,0.207630733
0.05,10,0.08,0.711819989,0.166777739
0.06,10,0.08,0.749314964,0.134316809
0.07,10,0.08,0.780782047,0.108960686
0.08,10,0.08,0.807953697,0.088997159
0.09,10,0.08,0.831750001,0.073028386
0.1,10,0.08,0.852723528,0.060020122
0.11,10,0.08,0.871247169,0.049247636
0.12,10,0.08,0.887595562,0.040196039
0.13,10,0.08,0.901983266,0.032498558
0.14,10,0.08,0.914584938,0.025895938
0.15,10,0.08,0.925547474,0.020202175
0.16,10,0.08,0.934999064,0.015290463
0.17,10,0.08,0.943057371,0.011085262
0.18,10,0.08,0.949838136,0.007566592
0.19,10,0.08,0.955464551,0.004786584
0.2,10,0.08,0.960075119,0.002828873
0.21,10,0.08,0.963824404,0.00163274
0.22,10,0.08,0.96687237,0.000963461
0.23,10,0.08,0.969367327,0.000593972
0.24,10,0.08,0.971433425,0.000383961
0.25,10,0.08,0.973167572,0.000259237
0.001,15,0.08,0.038574098,0.120625301
0.002,15,0.08,0.068199916,0.140364819
0.003,15,0.08,0.093171789,0.158189673
0.004,15,0.08,0.115363778,0.174517782
0.005,15,0.08,0.135718522,0.189638852
0.006,15,0.08,0.154757173,0.203750111
0.007,15,0.08,0.172787238,0.216980507
0.008,15,0.08,0.189998434,0.229408
0.009,15,0.08,0.206511244,0.24107269
0.01,15,0.08,0.222403423,0.251987361
0.02,15,0.08,0.352941025,0.31680859
0.03,15,0.08,0.439124515,0.309354636
0.04,15,0.08,0.496055082,0.271559263
0.05,15,0.08,0.537660556,0.231412069
0.06,15,0.08,0.571199105,0.196911745
0.07,15,0.08,0.600009542,0.16887511
0.08,15,0.08,0.625698444,0.146300313
0.09,15,0.08,0.649102266,0.128020956
0.1,15,0.08,0.670693209,0.113063941
0.11,15,0.08,0.690761915,0.100654939
0.12,15,0.08,0.709505832,0.090209323
0.13,15,0.08,0.727072206,0.081306671
0.14,15,0.08,0.743577656,0.073636673
0.15,15,0.08,0.759117509,0.066958372
0.16,15,0.08,0.773771735,0.061086709
0.17,15,0.08,0.787609134,0.055883852
0.18,15,0.08,0.800689627,0.051243441
0.19,15,0.08,0.813065421,0.047077564
0.2,15,0.08,0.824782141,0.043313616
0.21,15,0.08,0.835880153,0.039894585
0.22,15,0.08,0.846395565,0.036775526
0.23,15,0.08,0.856360682,0.033918085
0.24,15,0.08,0.865804311,0.031288414
0.25,15,0.08,0.874752262,0.028858305
0.001,20,0.08,0.029278401,0.119251224
0.002,20,0.08,0.051737979,0.138878795
0.003,20,0.08,0.070661672,0.156630802
0.004,20,0.08,0.087483462,0.172923717
0.005,20,0.08,0.102925833,0.18805128
0.006,20,0.08,0.117389329,0.20221836
0.007,20,0.08,0.131111306,0.215563914
0.008,20,0.08,0.144239105,0.228177124
0.009,20,0.08,0.156867086,0.240109453
0.01,20,0.08,0.169056791,0.251384136
0.02,20,0.08,0.271410747,0.325318435
0.03,20,0.08,0.342266665,0.329667883
0.04,20,0.08,0.39025753,0.297801989
0.05,20,0.08,0.425471611,0.259147074
0.06,20,0.08,0.453869769,0.224197553
0.07,20,0.08,0.478334725,0.195047454
0.08,20,0.08,0.500277447,0.171237833
0.09,20,0.08,0.520434838,0.151778732
0.1,20,0.08,0.539219405,0.135763851
0.11,20,0.08,0.556878132,0.12245341
0.12,20,0.08,0.573570454,0.111251486
0.13,20,0.08,0.58940912,0.10170082
0.14,20,0.08,0.604481277,0.093468349
0.15,20,0.08,0.61885814,0.086308224
0.16,20,0.08,0.632599143,0.080027026
0.17,20,0.08,0.645754529,0.074468764
0.18,20,0.08,0.65836773,0.069512041
0.19,20,0.08,0.670477217,0.065065308
0.2,20,0.08,0.682117402,0.061056991
0.21,20,0.08,0.693318879,0.057426543
0.22,20,0.08,0.704108655,0.054121252
0.23,20,0.08,0.714510728,0.051097208
0.24,20,0.08,0.7245468,0.048319795
0.25,20,0.08,0.734236777,0.04576154
0.001,25,0.08,0.023579276,0.117919366
0.002,25,0.08,0.041649694,0.137390613
0.003,25,0.08,0.056867985,0.155014536
0.004,25,0.08,0.070395148,0.171203933
0.005,25,0.08,0.08281664,0.186252662
0.006,25,0.08,0.094457513,0.20036822
0.007,25,0.08,0.10551083,0.213694
0.008,25,0.08,0.116096842,0.226324657
0.009,25,0.08,0.126292926,0.238317647
0.01,25,0.08,0.136149871,0.249702166
0.02,25,0.08,0.219878124,0.327950967
0.03,25,0.08,0.279412594,0.339192774
0.04,25,0.08,0.320391887,0.311380697
0.05,25,0.08,0.350541275,0.274032104
0.06,25,0.08,0.374833861,0.239055009
0.07,25,0.08,0.395763167,0.209352973
0.08,25,0.08,0.414565657,0.184850887
0.09,25,0.08,0.431889665,0.164702329
0.1,25,0.08,0.448097777,0.14804501
0.11,25,0.08,0.463405407,0.134164372
0.12,25,0.08,0.477948693,0.122476737
0.13,25,0.08,0.491820532,0.112514068
0.14,25,0.08,0.505090396,0.103921988
0.15,25,0.08,0.517814459,0.096442018
0.16,25,0.08,0.530039946,0.089879623
0.17,25,0.08,0.541806904,0.08407831
0.18,25,0.08,0.553149504,0.078909419
0.19,25,0.08,0.564097508,0.074270989
0.2,25,0.08,0.574677531,0.070085366
0.21,25,0.08,0.584913712,0.066292459
0.22,25,0.08,0.594827832,0.062842113
0.23,25,0.08,0.604439288,0.059689859
0.24,25,0.08,0.613765274,0.056796675
0.25,25,0.08,0.622821216,0.054130265
0.001,30,0.08,0.019733271,0.116833258
0.002,30,0.08,0.034845018,0.136166214
0.003,30,0.08,0.047566345,0.153672467
0.004,30,0.08,0.058872535,0.169761693
0.005,30,0.08,0.06925565,0.184726713
0.006,30,0.08,0.078989139,0.198776142
0.007,30,0.08,0.08823564,0.212055543
0.008,30,0.08,0.097096672,0.224662748
0.009,30,0.08,0.105637752,0.236658832
0.01,30,0.08,0.113902061,0.248076676
0.02,30,0.08,0.184599107,0.328734663
0.03,30,0.08,0.235734414,0.344429698
0.04,30,0.08,0.27133036,0.319505657
0.05,30,0.08,0.297573246,0.283207526
0.06,30,0.08,0.318699855,0.248326631
0.07,30,0.08,0.336892677,0.218318482
0.08,30,0.08,0.353244849,0.193383713
0.09,30,0.08,0.368331481,0.172790247
0.1,30,0.08,0.382474336,0.155710661
0.11,30,0.08,0.395864069,0.141445856
0.12,30,0.08,0.408620054,0.129424108
0.13,30,0.08,0.420822113,0.119177946
0.14,30,0.08,0.432528372,0.110341632
0.15,30,0.08,0.443785041,0.102644234
0.16,30,0.08,0.454630997,0.095886168
0.17,30,0.08,0.465099503,0.08991171
0.18,30,0.08,0.475218989,0.084592072
0.19,30,0.08,0.485013936,0.079820854
0.2,30,0.08,0.494505931,0.07551402
0.21,30,0.08,0.50371452,0.071607424
0.22,30,0.08,0.512657595,0.068050872
0.23,30,0.08,0.521351403,0.064801911
0.24,30,0.08,0.529810464,0.061822411
0.25,30,0.08,0.538047665,0.059078378
0.001,35,0.08,0.016964136,0.115966281
0.002,35,0.08,0.029947826,0.135184386
0.003,35,0.08,0.040874025,0.152591727
0.004,35,0.08,0.050583475,0.168594978
0.005,35,0.08,0.059500509,0.183485953
0.006,35,0.08,0.067861079,0.197473576
0.007,35,0.08,0.075805658,0.210704789
0.008,35,0.08,0.083422053,0.223279336
0.009,35,0.08,0.090767049,0.235260685
0.01,35,0.08,0.097878178,0.246684236
0.02,35,0.08,0.158999391,0.328842289
0.03,35,0.08,0.203734346,0.347632271
0.04,35,0.08,0.235133037,0.324854716
0.05,35,0.08,0.258320167,0.289397783
0.06,35,0.08,0.276973488,0.254646273
0.07,35,0.08,0.293027434,0.224454264
0.08,35,0.08,0.307458574,0.199227614
0.09,35,0.08,0.320782107,0.178325288
0.1,35,0.08,0.333286465,0.16094913
0.11,35,0.08,0.345142375,0.146410596
0.12,35,0.08,0.356456245,0.134146824
0.13,35,0.08,0.367298388,0.123693973
0.14,35,0.08,0.377719039,0.114681075
0.15,35,0.08,0.387757466,0.106827981
0.16,35,0.08,0.39744657,0.099929041
0.17,35,0.08,0.406814679,0.093827677
0.18,35,0.08,0.415886165,0.088396159
0.19,35,0.08,0.424681958,0.083527137
0.2,35,0.08,0.433220307,0.079132943
0.21,35,0.08,0.441517577,0.075145322
0.22,35,0.08,0.449588779,0.07151198
0.23,35,0.08,0.457447721,0.068190883
0.24,35,0.08,0.465106931,0.065145399
0.25,35,0.08,0.472577592,0.062342184
0.001,40,0.08,0.01487571,0.115267246
0.002,40,0.08,0.02625584,0.134390932
0.003,40,0.08,0.035829951,0.151716315
0.004,40,0.08,0.044336844,0.167647602
0.005,40,0.08,0.052149496,0.182475699
0.006,40,0.08,0.059475393,0.196409564
0.007,40,0.08,0.066438146,0.20959696
0.008,40,0.08,0.073115099,0.222138943
0.009,40,0.08,0.079556348,0.234100654
0.01,40,0.08,0.085795072,0.245519332
0.02,40,0.08,0.139600267,0.328687141
0.03,40,0.08,0.179322827,0.349746624
0.04,40,0.08,0.207379738,0.328621196
0.05,40,0.08,0.228127535,0.293844977
0.06,40,0.08,0.244809053,0.259224406
0.07,40,0.08,0.259158413,0.228914524
0.08,40,0.08,0.272056639,0.203479136
0.09,40,0.08,0.283969573,0.182350503
0.1,40,0.08,0.295158183,0.1647553
0.11,40,0.08,0.305776876,0.150012909
0.12,40,0.08,0.315921646,0.137566809
0.13,40,0.08,0.32565546,0.126957112
0.14,40,0.08,0.335022697,0.11781069
0.15,40,0.08,0.34405755,0.109840961
0.16,40,0.08,0.352788482,0.102836682
0.17,40,0.08,0.361240088,0.096639442
0.18,40,0.08,0.369433671,0.091122241
0.19,40,0.08,0.377387557,0.086178052
0.2,40,0.08,0.385117622,0.081717513
0.21,40,0.08,0.392637966,0.077669404
0.22,40,0.08,0.399961468,0.073978983
0.23,40,0.08,0.407100045,0.070603531
0.24,40,0.08,0.414064641,0.067507199
0.25,40,0.08,0.420865129,0.064657693
0.001,45,0.08,0.013244703,0.11469834
0.002,45,0.08,0.023373381,0.133743954
0.003,45,0.08,0.03189271,0.15100132
0.004,45,0.08,0.039461584,0.166872547
0.005,45,0.08,0.046412708,0.181647651
0.006,45,0.08,0.052931221,0.195535549
0.007,45,0.08,0.059127478,0.208684485
0.008,45,0.08,0.065070587,0.221196587
0.009,45,0.08,0.070805354,0.233138073
0.01,45,0.08,0.076361505,0.244547633
0.02,45,0.08,0.124402289,0.328432217
0.03,45,0.08,0.160104068,0.351221795
0.04,45,0.08,0.185446598,0.331403733
0.05,45,0.08,0.204208678,0.297186533
0.06,45,0.08,0.219286852,0.262688881
0.07,45,0.08,0.232250983,0.232300508
0.08,45,0.08,0.243902816,0.206710095
0.09,45,0.08,0.254667069,0.185409586
0.1,45,0.08,0.264781811,0.167646791
0.11,45,0.08,0.274387879,0.152747394
0.12,45,0.08,0.283572702,0.140159515
0.13,45,0.08,0.292393352,0.129426881
0.14,45,0.08,0.300889658,0.120175772
0.15,45,0.08,0.309091946,0.112115213
0.16,45,0.08,0.317025282,0.105029267
0.17,45,0.08,0.324711354,0.098757348
0.18,45,0.08,0.332169056,0.093172704
0.19,45,0.08,0.339414699,0.08816895
0.2,45,0.08,0.346462373,0.083656085
0.21,45,0.08,0.353324489,0.079560891
0.22,45,0.08,0.36001232,0.075826501
0.23,45,0.08,0.366536306,0.07240904
0.24,45,0.08,0.372906116,0.069272833
0.25,45,0.08,0.379130557,0.066386416
0.001,50,0.08,0.011935785,0.114227559
0.002,50,0.08,0.021060739,0.13320814
0.003,50,0.08,0.028734368,0.150408615
0.004,50,0.08,0.035551256,0.16622942
0.005,50,0.08,0.041811675,0.180959732
0.006,50,0.08,0.047682764,0.194808407
0.007,50,0.08,0.053264187,0.207924062
0.008,50,0.08,0.058618393,0.220409525
0.009,50,0.08,0.063785909,0.232331985
0.01,50,0.08,0.068793653,0.243731107
0.02,50,0.08,0.112178674,0.328147813
0.03,50,0.08,0.14458854,0.352299019
0.04,50,0.08,0.167686837,0.333540309
0.05,50,0.08,0.184804069,0.299788882
0.06,50,0.08,0.198555354,0.265402701
0.07,50,0.08,0.210373846,0.234959598
0.08,50,0.08,0.220994664,0.209249412
0.09,50,0.08,0.230807846,0.187813562
0.1,50,0.08,0.240032133,0.169918044
0.11,50,0.08,0.248796928,0.154893821
0.12,50,0.08,0.257182483,0.142192503
0.13,50,0.08,0.265241014,0.131360912
0.14,50,0.08,0.273008695,0.122025498
0.15,50,0.08,0.280512796,0.113892187
0.16,50,0.08,0.287775709,0.106741183
0.17,50,0.08,0.294816809,0.100409711
0.18,50,0.08,0.301653049,0.094770904
0.19,50,0.08,0.308299122,0.08971899
0.2,50,0.08,0.31476771,0.085163823
0.21,50,0.08,0.321069922,0.081030933
0.22,50,0.08,0.327215783,0.077261707
0.23,50,0.08,0.333214567,0.073811047
0.24,50,0.08,0.339074904,0.070643059
0.25,50,0.08,0.344804724,0.067726821
0.001,55,0.08,0.010862266,0.113831008
0.002,55,0.08,0.019164401,0.132756469
0.003,55,0.08,0.026144948,0.149908724
0.004,55,0.08,0.032345621,0.165686559
0.005,55,0.08,0.038040027,0.180378639
0.006,55,0.08,0.043380491,0.194193582
0.007,55,0.08,0.048457873,0.20728032
0.008,55,0.08,0.053329136,0.219742212
0.009,55,0.08,0.058031271,0.231647198
0.01,55,0.08,0.062588871,0.243035796
0.02,55,0.08,0.102136695,0.327860876
0.03,55,0.08,0.131804341,0.353110861
0.04,55,0.08,0.15301831,0.335227588
0.05,55,0.08,0.168752244,0.301869858
0.06,55,0.08,0.181388478,0.267584009
0.07,55,0.08,0.192244824,0.23710191
0.08,55,0.08,0.201999739,0.211296953
0.09,55,0.08,0.211013675,0.189752122
0.1,55,0.08,0.219488877,0.171749184
0.11,55,0.08,0.227544988,0.156623579
0.12,55,0.08,0.235256167,0.143829661
0.13,55,0.08,0.242670546,0.132916857
0.14,55,0.08,0.249821286,0.123512132
0.15,55,0.08,0.256733185,0.115319243
0.16,55,0.08,0.263426476,0.108115231
0.17,55,0.08,0.269918652,0.101735239
0.18,55,0.08,0.276225074,0.096052069
0.19,55,0.08,0.282359106,0.090960453
0.2,55,0.08,0.288332287,0.086370367
0.21,55,0.08,0.294154684,0.08220654
0.22,55,0.08,0.29983533,0.078408985
0.23,55,0.08,0.305382561,0.074931469
0.24,55,0.08,0.310804155,0.071737667
0.25,55,0.08,0.316107308,0.068796968
0.001,60,0.08,0.009965833,0.113494051
0.002,60,0.08,0.017581174,0.132372311
0.003,60,0.08,0.023983367,0.149483258
0.004,60,0.08,0.029669889,0.165224276
0.005,60,0.08,0.034892029,0.17988349
0.006,60,0.08,0.039789709,0.193669295
0.007,60,0.08,0.044446415,0.206730865
0.008,60,0.08,0.048914504,0.219171953
0.009,60,0.08,0.053227999,0.231061148
0.01,60,0.08,0.057409538,0.242439594
0.02,60,0.08,0.093741236,0.32758684
0.03,60,0.08,0.121090708,0.353741602
0.04,60,0.08,0.140701332,0.336593387
0.05,60,0.08,0.155256585,0.303572249
0.06,60,0.08,0.166943307,0.269376219
0.07,60,0.08,0.176980812,0.238865561
0.08,60,0.08,0.185998834,0.212983824
0.09,60,0.08,0.19433233,0.191349339
0.1,60,0.08,0.20216931,0.173257602
0.11,60,0.08,0.209621005,0.158047981
0.12,60,0.08,0.21675633,0.145177006
0.13,60,0.08,0.223619935,0.134196285
0.14,60,0.08,0.230242448,0.124733478
0.15,60,0.08,0.236646618,0.116490768
0.16,60,0.08,0.242850903,0.109242601
0.17,60,0.08,0.24887124,0.102822243
0.18,60,0.08,0.25472166,0.097102004
0.19,60,0.08,0.260414418,0.091977035
0.2,60,0.08,0.2659601,0.087357538
0.21,60,0.08,0.27136792,0.083167735
0.22,60,0.08,0.276646102,0.079346583
0.23,60,0.08,0.281802216,0.075846834
0.24,60,0.08,0.286843332,0.072631655
0.25,60,0.08,0.291776025,0.06967056
0.001,65,0.08,0.009206025,0.113204326
0.002,65,0.08,0.016239464,0.132042159
0.003,65,0.08,0.022151744,0.149117335
0.004,65,0.08,0.027402784,0.164826477
0.005,65,0.08,0.032224921,0.179457162
0.006,65,0.08,0.03674754,0.193217589
0.007,65,0.08,0.041047859,0.206257131
0.008,65,0.08,0.045174319,0.218679834
0.009,65,0.08,0.049158414,0.23055478
0.01,65,0.08,0.053021114,0.241923748
0.02,65,0.08,0.086618805,0.327330825
0.03,65,0.08,0.111983669,0.354243185
0.04,65,0.08,0.13021415,0.337720546
0.05,65,0.08,0.143753558,0.304990027
0.06,65,0.08,0.154622374,0.270874182
0.07,65,0.08,0.163954895,0.240341925
0.08,65,0.08,0.172338553,0.21439654
0.09,65,0.08,0.180086115,0.192686767
0.1,65,0.08,0.187373201,0.174520232
0.11,65,0.08,0.194303719,0.159239775
0.12,65,0.08,0.200942025,0.146303676
0.13,65,0.08,0.207329761,0.135265418
0.14,65,0.08,0.213495391,0.12575338
0.15,65,0.08,0.219459939,0.117468589
0.16,65,0.08,0.225240376,0.110183328
0.17,65,0.08,0.230851331,0.103729143
0.18,65,0.08,0.236305715,0.097977821
0.19,65,0.08,0.241614833,0.092824757
0.2,65,0.08,0.246788472,0.088180443
0.21,65,0.08,0.251835128,0.083968775
0.22,65,0.08,0.256762356,0.080127889
0.23,65,0.08,0.261577087,0.076609621
0.24,65,0.08,0.266285799,0.073376639
0.25,65,0.08,0.270894535,0.070398435
0.001,70,0.08,0.008553832,0.112952884
0.002,70,0.08,0.015087944,0.131755236
0.003,70,0.08,0.020579919,0.148799288
0.004,70,0.08,0.025457388,0.164480701
0.005,70,0.08,0.029936392,0.179086363
0.006,70,0.08,0.034137256,0.192824545
0.007,70,0.08,0.038131803,0.205844607
0.008,70,0.08,0.041965104,0.218250989
0.009,70,0.08,0.045666473,0.230113108
0.01,70,0.08,0.04925544,0.241473249
0.02,70,0.08,0.080500717,0.327093571
0.03,70,0.08,0.104147862,0.354648987
0.04,70,0.08,0.121178252,0.338664768
0.05,70,0.08,0.133833377,0.306187465
0.06,70,0.08,0.143990533,0.272143516
0.07,70,0.08,0.15270993,0.241594981
0.08,70,0.08,0.160541946,0.215596512
0.09,70,0.08,0.167779881,0.193823256
0.1,70,0.08,0.174588472,0.175593419
0.11,70,0.08,0.181065196,0.160252879
0.12,70,0.08,0.187270414,0.147261378
0.13,70,0.08,0.19324314,0.136173957
0.14,70,0.08,0.199009968,0.126619725
0.15,70,0.08,0.204590446,0.118298854
0.16,70,0.08,0.210000283,0.110981842
0.17,70,0.08,0.215252997,0.1044987
0.18,70,0.08,0.220360539,0.098720663
0.19,70,0.08,0.225333401,0.093543331
0.2,70,0.08,0.230180681,0.08887746
0.21,70,0.08,0.234910267,0.08464679
0.22,70,0.08,0.239529149,0.080788816
0.23,70,0.08,0.244043719,0.077254592
0.24,70,0.08,0.24845995,0.074006279
0.25,70,0.08,0.252783432,0.071013311
0.001,5,0.09,0.102335046,0.105994841
0.002,5,0.09,0.180400436,0.12136446
0.003,5,0.09,0.245274987,0.134367903
0.004,5,0.09,0.30173255,0.145285518
0.005,5,0.09,0.352129464,0.154271788
0.006,5,0.09,0.397741521,0.161409919
0.007,5,0.09,0.439313743,0.166752777
0.008,5,0.09,0.477317311,0.170352918
0.009,5,0.09,0.51208104,0.172282536
0.01,5,0.09,0.543862199,0.172643608
0.02,5,0.09,0.74260411,0.12500352
0.03,5,0.09,0.829425596,0.065850312
0.04,5,0.09,0.876183471,0.029043439
0.05,5,0.09,0.90489592,0.011563762
0.06,5,0.09,0.923722868,0.004730965
0.07,5,0.09,0.936624724,0.002122706
0.08,5,0.09,0.945825738,0.00105161
0.09,5,0.09,0.952636771,0.000568501
0.1,5,0.09,0.957848559,0.000330478
0.11,5,0.09,0.961951304,0.000203896
0.12,5,0.09,0.965258985,0.000132107
0.13,5,0.09,0.967979611,8.9139E-05
0.14,5,0.09,0.970255476,6.22246E-05
0.15,5,0.09,0.972186799,4.47074E-05
0.16,5,0.09,0.973846015,3.29242E-05
0.17,5,0.09,0.975286697,2.47687E-05
0.18,5,0.09,0.97654928,1.89835E-05
0.19,5,0.09,0.977664831,1.47895E-05
0.2,5,0.09,0.978657605,1.16906E-05
0.21,5,0.09,0.979546808,9.36156E-06
0.22,5,0.09,0.980347845,7.5841E-06
0.23,5,0.09,0.981073211,6.20855E-06
0.24,5,0.09,0.981733148,5.13075E-06
0.25,5,0.09,0.98233613,4.27554E-06
0.001,10,0.09,0.056577285,0.125378939
0.002,10,0.09,0.100133371,0.145631208
0.003,10,0.09,0.136870416,0.163840993
0.004,10,0.09,0.16948916,0.180431767
0.005,10,0.09,0.199342629,0.195685329
0.006,10,0.09,0.227173943,0.209782231
0.007,10,0.09,0.253417222,0.222829602
0.008,10,0.09,0.278336586,0.234881746
0.009,10,0.09,0.302096802,0.245956181
0.01,10,0.09,0.324802112,0.256046884
0.02,10,0.09,0.502092135,0.300818346
0.03,10,0.09,0.607492029,0.271136051
0.04,10,0.09,0.673079971,0.222970442
0.05,10,0.09,0.71969279,0.179682419
0.06,10,0.09,0.756362029,0.144984692
0.07,10,0.09,0.78695363,0.117726312
0.08,10,0.09,0.813283643,0.096181106
0.09,10,0.09,0.836303782,0.078903151
0.1,10,0.09,0.856574915,0.064807779
0.11,10,0.09,0.874468476,0.053127074
0.12,10,0.09,0.890254648,0.04331229
0.13,10,0.09,0.904143279,0.034971121
0.14,10,0.09,0.916305133,0.027825492
0.15,10,0.09,0.926884413,0.021675841
0.16,10,0.09,0.936007768,0.016385788
0.17,10,0.09,0.943792171,0.011873067
0.18,10,0.09,0.950352824,0.008112562
0.19,10,0.09,0.955811235,0.005151165
0.2,10,0.09,0.960301421,0.003065252
0.21,10,0.09,0.963969858,0.001783899
0.22,10,0.09,0.966966209,0.001060608
0.23,10,0.09,0.96942903,0.000657662
0.24,10,0.09,0.971475118,0.000426896
0.25,10,0.09,0.973196588,0.000289061
0.001,15,0.09,0.038761646,0.126073803
0.002,15,0.09,0.068580575,0.146729785
0.003,15,0.09,0.093751782,0.165399387
0.004,15,0.09,0.116149997,0.182522272
0.005,15,0.09,0.136718516,0.198404285
0.006,15,0.09,0.155979118,0.213254785
0.007,15,0.09,0.174239878,0.227211787
0.008,15,0.09,0.191690986,0.240359864
0.009,15,0.09,0.208453268,0.252743691
0.01,15,0.09,0.224604653,0.264378862
0.02,15,0.09,0.358123296,0.336143432
0.03,15,0.09,0.44683219,0.33233691
0.04,15,0.09,0.504886808,0.294198005
0.05,15,0.09,0.546668345,0.252042743
0.06,15,0.09,0.579941166,0.215230183
0.07,15,0.09,0.60830362,0.185032756
0.08,15,0.09,0.633483234,0.160562307
0.09,15,0.09,0.656373401,0.140656858
0.1,15,0.09,0.677472745,0.124315072
0.11,15,0.09,0.697082502,0.110726115
0.12,15,0.09,0.715402111,0.099269401
0.13,15,0.09,0.732576836,0.089493194
0.14,15,0.09,0.748720286,0.081062012
0.15,15,0.09,0.763924826,0.073715175
0.16,15,0.09,0.77826754,0.067251885
0.17,15,0.09,0.791814453,0.061521583
0.18,15,0.09,0.804623111,0.0564078
0.19,15,0.09,0.816743843,0.051814689
0.2,15,0.09,0.82822069,0.047663231
0.21,15,0.09,0.839092535,0.043891018
0.22,15,0.09,0.849394135,0.040448565
0.23,15,0.09,0.859156685,0.037293809
0.24,15,0.09,0.868408097,0.03438987
0.25,15,0.09,0.877173365,0.031705937
0.001,20,0.09,0.029423743,0.124807341
0.002,20,0.09,0.05203281,0.145368743
0.003,20,0.09,0.071110623,0.16397949
0.004,20,0.09,0.088091664,0.18107811
0.005,20,0.09,0.103698921,0.196974873
0.006,20,0.09,0.118333438,0.211887256
0.007,20,0.09,0.132233049,0.225963858
0.008,20,0.09,0.145545536,0.239301214
0.009,20,0.09,0.158365635,0.251956201
0.01,20,0.09,0.170755187,0.263955922
0.02,20,0.09,0.275488261,0.345229233
0.03,20,0.09,0.348665202,0.354525486
0.04,20,0.09,0.39795256,0.323391822
0.05,20,0.09,0.433591818,0.283178136
0.06,20,0.09,0.461957689,0.246012648
0.07,20,0.09,0.486179552,0.214646576
0.08,20,0.09,0.507790473,0.188827153
0.09,20,0.09,0.52758767,0.167608725
0.1,20,0.09,0.546013962,0.150075302
0.11,20,0.09,0.563331189,0.135460306
0.12,20,0.09,0.579704873,0.123136481
0.13,20,0.09,0.59524867,0.112615882
0.14,20,0.09,0.610048087,0.103538356
0.15,20,0.09,0.624172107,0.095636058
0.16,20,0.09,0.637678224,0.088698465
0.17,20,0.09,0.65061498,0.082556052
0.18,20,0.09,0.663024077,0.077076232
0.19,20,0.09,0.674942246,0.072158088
0.2,20,0.09,0.686402407,0.067722463
0.21,20,0.09,0.697434061,0.063702879
0.22,20,0.09,0.708063417,0.060041928
0.23,20,0.09,0.718313728,0.056691697
0.24,20,0.09,0.728205886,0.053613991
0.25,20,0.09,0.737758996,0.05077818
0.001,25,0.09,0.023696858,0.123494058
0.002,25,0.09,0.041888124,0.143901779
0.003,25,0.09,0.057230904,0.162385585
0.004,25,0.09,0.070886588,0.179380299
0.005,25,0.09,0.083441031,0.195196341
0.006,25,0.09,0.095219689,0.21005397
0.007,25,0.09,0.106416015,0.224106368
0.008,25,0.09,0.117150636,0.237455826
0.009,25,0.09,0.127501268,0.250165589
0.01,25,0.09,0.137518988,0.262269115
0.02,25,0.09,0.223188546,0.347944216
0.03,25,0.09,0.284752987,0.36478867
0.04,25,0.09,0.326994875,0.338407071
0.05,25,0.09,0.357644235,0.299847606
0.06,25,0.09,0.38200581,0.262762684
0.07,25,0.09,0.402794918,0.23084024
0.08,25,0.09,0.421362333,0.204276152
0.09,25,0.09,0.438414187,0.182297393
0.1,25,0.09,0.454342933,0.164045357
0.11,25,0.09,0.469379477,0.148785646
0.12,25,0.09,0.483667422,0.135907342
0.13,25,0.09,0.497302186,0.124913748
0.14,25,0.09,0.510352804,0.11542347
0.15,25,0.09,0.522873742,0.107154755
0.16,25,0.09,0.534910465,0.099894489
0.17,25,0.09,0.546501655,0.093471836
0.18,25,0.09,0.557680346,0.087746755
0.19,25,0.09,0.568475112,0.082607727
0.2,25,0.09,0.578911293,0.077968895
0.21,25,0.09,0.589011861,0.073763348
0.22,25,0.09,0.598797732,0.069935555
0.23,25,0.09,0.608287743,0.066436887
0.24,25,0.09,0.617498666,0.063224925
0.25,25,0.09,0.626445463,0.060264335
0.001,30,0.09,0.019831622,0.122399577
0.002,30,0.09,0.0350444,0.142667318
0.003,30,0.09,0.047869745,0.16103112
0.004,30,0.09,0.059283257,0.177922491
0.005,30,0.09,0.069777328,0.193650834
0.006,30,0.09,0.079625736,0.208437436
0.007,30,0.09,0.088991451,0.222437798
0.008,30,0.09,0.097976308,0.235757438
0.009,30,0.09,0.106646122,0.248463415
0.01,30,0.09,0.115044337,0.260593114
0.02,30,0.09,0.187370127,0.348680319
0.03,30,0.09,0.24027991,0.370353362
0.04,30,0.09,0.277053257,0.347336656
0.05,30,0.09,0.303807777,0.310092326
0.06,30,0.09,0.325049824,0.273199048
0.07,30,0.09,0.343159521,0.240981521
0.08,30,0.09,0.359334975,0.213958273
0.09,30,0.09,0.374205169,0.191492433
0.1,30,0.09,0.388120107,0.17277031
0.11,30,0.09,0.401285462,0.157078056
0.12,30,0.09,0.413828326,0.14381975
0.13,30,0.09,0.425831756,0.13250111
0.14,30,0.09,0.437354242,0.122730101
0.15,30,0.09,0.448440814,0.114212134
0.16,30,0.09,0.459128773,0.106728039
0.17,30,0.09,0.469450085,0.100106841
0.18,30,0.09,0.479432243,0.094207979
0.19,30,0.09,0.489098907,0.088915514
0.2,30,0.09,0.498470738,0.084137183
0.21,30,0.09,0.507566277,0.079801692
0.22,30,0.09,0.516402515,0.075852893
0.23,30,0.09,0.52499505,0.072243653
0.24,30,0.09,0.533358012,0.068932248
0.25,30,0.09,0.541504021,0.065881776
0.001,35,0.09,0.017048508,0.121516597
0.002,35,0.09,0.030118839,0.141666702
0.003,35,0.09,0.041134205,0.159928448
0.004,35,0.09,0.050935615,0.176730224
0.005,35,0.09,0.059947681,0.192380361
0.006,35,0.09,0.068406636,0.20710045
0.007,35,0.09,0.076453235,0.221047349
0.008,35,0.09,0.084175559,0.234328553
0.009,35,0.09,0.091630654,0.247013599
0.01,35,0.09,0.098856287,0.25914251
0.02,35,0.09,0.161376323,0.348707571
0.03,35,0.09,0.207676974,0.373711393
0.04,35,0.09,0.240160797,0.353183579
0.05,35,0.09,0.263847087,0.316985247
0.06,35,0.09,0.282637126,0.280301661
0.07,35,0.09,0.298642039,0.247915641
0.08,35,0.09,0.312934487,0.220586153
0.09,35,0.09,0.326079516,0.1977842
0.1,35,0.09,0.338391919,0.178733147
0.11,35,0.09,0.350056639,0.162733611
0.12,35,0.09,0.361187634,0.149200817
0.13,35,0.09,0.371858713,0.137645599
0.14,35,0.09,0.382120946,0.127671478
0.15,35,0.09,0.392012849,0.118974689
0.16,35,0.09,0.401565961,0.11132941
0.17,35,0.09,0.410807371,0.104563074
0.18,35,0.09,0.419760574,0.098535693
0.19,35,0.09,0.42844585,0.093130274
0.2,35,0.09,0.436880776,0.088251012
0.21,35,0.09,0.445080923,0.083822473
0.22,35,0.09,0.453060483,0.079786147
0.23,35,0.09,0.460832578,0.076094898
0.24,35,0.09,0.468409289,0.072708158
0.25,35,0.09,0.475801549,0.069589556
0.001,40,0.09,0.014949512,0.120800357
0.002,40,0.09,0.026405409,0.140853103
0.003,40,0.09,0.036057473,0.159029772
0.004,40,0.09,0.044644736,0.175756193
0.005,40,0.09,0.052540415,0.191339682
0.006,40,0.09,0.059952241,0.206001859
0.007,40,0.09,0.067004068,0.219900341
0.008,40,0.09,0.073773485,0.233144046
0.009,40,0.09,0.080310816,0.245804175
0.01,40,0.09,0.086649452,0.257922687
0.02,40,0.09,0.141678649,0.348468761
0.03,40,0.09,0.182797593,0.375900872
0.04,40,0.09,0.211853219,0.357281478
0.05,40,0.09,0.233078681,0.321925828
0.06,40,0.09,0.249905744,0.285440257
0.07,40,0.09,0.264227575,0.252952204
0.08,40,0.09,0.27701336,0.225405858
0.09,40,0.09,0.288775051,0.202358841
0.1,40,0.09,0.299798152,0.183065579
0.11,40,0.09,0.310250417,0.166837693
0.12,40,0.09,0.320235068,0.153098526
0.13,40,0.09,0.329818611,0.141364033
0.14,40,0.09,0.33904653,0.131236298
0.15,40,0.09,0.347952577,0.122405314
0.16,40,0.09,0.356564061,0.114639355
0.17,40,0.09,0.364904412,0.107763463
0.18,40,0.09,0.372994084,0.10163792
0.19,40,0.09,0.380850832,0.096145878
0.2,40,0.09,0.388490012,0.091189875
0.21,40,0.09,0.395925109,0.086691591
0.22,40,0.09,0.403168296,0.082589978
0.23,40,0.09,0.410230831,0.078836963
0.24,40,0.09,0.417123172,0.07539245
0.25,40,0.09,0.423854912,0.072220913
0.001,45,0.09,0.013310253,0.120215148
0.002,45,0.09,0.023506214,0.140187122
0.003,45,0.09,0.03209475,0.158292902
0.004,45,0.09,0.039734961,0.17495626
0.005,45,0.09,0.046759761,0.190483472
0.006,45,0.09,0.053354505,0.205096089
0.007,45,0.09,0.059629766,0.218952262
0.008,45,0.09,0.065654864,0.232161865
0.009,45,0.09,0.071474815,0.24479733
0.01,45,0.09,0.077119534,0.256902067
0.02,45,0.09,0.126247457,0.348135879
0.03,45,0.09,0.163207149,0.377410703
0.04,45,0.09,0.189471031,0.36029693
0.05,45,0.09,0.208686543,0.325631094
0.06,45,0.09,0.223912614,0.289324761
0.07,45,0.09,0.236863339,0.256773208
0.08,45,0.09,0.248421682,0.229067202
0.09,45,0.09,0.259055113,0.205834801
0.1,45,0.09,0.269024559,0.186356653
0.11,45,0.09,0.278483365,0.169953187
0.12,45,0.09,0.287525816,0.156053783
0.13,45,0.09,0.296212468,0.144178969
0.14,45,0.09,0.3045844,0.133930849
0.15,45,0.09,0.312671716,0.124995253
0.16,45,0.09,0.320498511,0.117135619
0.17,45,0.09,0.328085391,0.110174404
0.18,45,0.09,0.33545043,0.103971748
0.19,45,0.09,0.342609402,0.098411219
0.2,45,0.09,0.349575972,0.093394719
0.21,45,0.09,0.356362065,0.088842015
0.22,45,0.09,0.362978358,0.084689926
0.23,45,0.09,0.369434685,0.080889094
0.24,45,0.09,0.375740223,0.077399365
0.25,45,0.09,0.381903469,0.074185828
0.001,50,0.09,0.011994725,0.119729717
0.002,50,0.09,0.021180166,0.139634108
0.003,50,0.09,0.028916002,0.157680511
0.004,50,0.09,0.035796998,0.174290782
0.005,50,0.09,0.042123614,0.189770367
0.006,50,0.09,0.048063182,0.204340712
0.007,50,0.09,0.05371556,0.218160289
0.008,50,0.09,0.05914339,0.231339735
0.009,50,0.09,0.064387385,0.243952391
0.01,50,0.09,0.06947464,0.256042777
0.02,50,0.09,0.113836988,0.347781545
0.03,50,0.09,0.147390095,0.378501234
0.04,50,0.09,0.171341523,0.362604434
0.05,50,0.09,0.188887914,0.328511931
0.06,50,0.09,0.202785993,0.292364765
0.07,50,0.09,0.214600641,0.259772193
0.08,50,0.09,0.225142138,0.231943763
0.09,50,0.09,0.234840299,0.2085659
0.1,50,0.09,0.243935208,0.188941654
0.11,50,0.09,0.252567997,0.172398797
0.12,50,0.09,0.260825407,0.158371367
0.13,50,0.09,0.268763027,0.146383731
0.14,50,0.09,0.276418356,0.136038702
0.15,50,0.09,0.283818602,0.127019258
0.16,50,0.09,0.290985333,0.119084904
0.17,50,0.09,0.297936928,0.112055618
0.18,50,0.09,0.304689548,0.105791084
0.19,50,0.09,0.311257374,0.100175275
0.2,50,0.09,0.317652719,0.095109911
0.21,50,0.09,0.323886298,0.09051357
0.22,50,0.09,0.329967633,0.086321363
0.23,50,0.09,0.335905454,0.082482649
0.24,50,0.09,0.34170791,0.078956884
0.25,50,0.09,0.347382603,0.075709514
0.001,55,0.09,0.010915795,0.119319942
0.002,55,0.09,0.019272858,0.139167073
0.003,55,0.09,0.026309885,0.157162993
0.004,55,0.09,0.032568756,0.173728002
0.005,55,0.09,0.038323246,0.1891669
0.006,55,0.09,0.043725854,0.203700857
0.007,55,0.09,0.048867618,0.217488714
0.008,55,0.09,0.053805674,0.230641574
0.009,55,0.09,0.058577183,0.243233554
0.01,55,0.09,0.0632069,0.255310057
0.02,55,0.09,0.10364211,0.347432507
0.03,55,0.09,0.134356799,0.37931454
0.04,55,0.09,0.156363937,0.364421307
0.05,55,0.09,0.172503865,0.33081242
0.06,55,0.09,0.185283941,0.294806392
0.07,55,0.09,0.196143065,0.262187222
0.08,55,0.09,0.205829561,0.234262585
0.09,55,0.09,0.214741028,0.210767946
0.1,55,0.09,0.223099694,0.191025659
0.11,55,0.09,0.231036226,0.174369733
0.12,55,0.09,0.238630915,0.160237889
0.13,55,0.09,0.245935144,0.148157759
0.14,55,0.09,0.252983423,0.137733095
0.15,55,0.09,0.259800602,0.128644942
0.16,55,0.09,0.266406216,0.12064964
0.17,55,0.09,0.27281684,0.113564862
0.18,55,0.09,0.279047074,0.107249673
0.19,55,0.09,0.285109788,0.101588356
0.2,55,0.09,0.291016191,0.096482706
0.21,55,0.09,0.296776017,0.091850526
0.22,55,0.09,0.302397878,0.087625627
0.23,55,0.09,0.307889618,0.083756185
0.24,55,0.09,0.31325856,0.080201126
0.25,55,0.09,0.318511563,0.076926045
0.001,60,0.09,0.010014854,0.118971224
0.002,60,0.09,0.017680492,0.138769208
0.003,60,0.09,0.024134398,0.156721925
0.004,60,0.09,0.029874198,0.173248094
0.005,60,0.09,0.035151335,0.188651993
0.006,60,0.09,0.04010589,0.20315455
0.007,60,0.09,0.04482151,0.216914785
0.008,60,0.09,0.049350712,0.230044241
0.009,60,0.09,0.053727676,0.242617715
0.01,60,0.09,0.057975187,0.254681196
0.02,60,0.09,0.095119318,0.347103582
0.03,60,0.09,0.12343415,0.379940267
0.04,60,0.09,0.143785155,0.365888187
0.05,60,0.09,0.158724785,0.332692104
0.06,60,0.09,0.170551435,0.296811113
0.07,60,0.09,0.180596378,0.264174521
0.08,60,0.09,0.189554573,0.236172431
0.09,60,0.09,0.197795785,0.212581961
0.1,60,0.09,0.205526797,0.192742247
0.11,60,0.09,0.212869223,0.175992711
0.12,60,0.09,0.219897782,0.161774069
0.13,60,0.09,0.226660238,0.149616647
0.14,60,0.09,0.233188574,0.139125292
0.15,60,0.09,0.23950567,0.129979679
0.16,60,0.09,0.245629388,0.121933573
0.17,60,0.09,0.251574818,0.114802599
0.18,60,0.09,0.257355268,0.108445117
0.19,60,0.09,0.262982508,0.102745622
0.2,60,0.09,0.268466823,0.097606084
0.21,60,0.09,0.273817141,0.092943824
0.22,60,0.09,0.279041325,0.088691648
0.23,60,0.09,0.284146507,0.084796722
0.24,60,0.09,0.289139327,0.081217376
0.25,60,0.09,0.294026026,0.077919215
0.001,65,0.09,0.009251235,0.118671177
0.002,65,0.09,0.016331055,0.138426906
0.003,65,0.09,0.022291018,0.156342146
0.004,65,0.09,0.027591178,0.172834653
0.005,65,0.09,0.032464014,0.188208152
0.006,65,0.09,0.037039058,0.202683377
0.007,65,0.09,0.041393674,0.216419459
0.008,65,0.09,0.045576453,0.229528312
0.009,65,0.09,0.049619031,0.242085145
0.01,65,0.09,0.053542516,0.254136647
0.02,65,0.09,0.087889256,0.346798985
0.03,65,0.09,0.11414935,0.380433242
0.04,65,0.09,0.133073562,0.367095957
0.05,65,0.09,0.146977388,0.334255848
0.06,65,0.09,0.157981764,0.298485723
0.07,65,0.09,0.167325037,0.265837525
0.08,65,0.09,0.175655772,0.237771573
0.09,65,0.09,0.183319466,0.214100827
0.1,65,0.09,0.190509427,0.194179184
0.11,65,0.09,0.197339363,0.177350799
0.12,65,0.09,0.203879134,0.163058851
0.13,65,0.09,0.210173364,0.150835996
0.14,65,0.09,0.216251857,0.140288124
0.15,65,0.09,0.222135827,0.13109395
0.16,65,0.09,0.227841731,0.123005101
0.17,65,0.09,0.23338342,0.115835378
0.18,65,0.09,0.238773109,0.109442393
0.19,65,0.09,0.244021641,0.103710758
0.2,65,0.09,0.249138512,0.098542627
0.21,65,0.09,0.254131971,0.093855029
0.22,65,0.09,0.259009261,0.089579994
0.23,65,0.09,0.263776919,0.085663779
0.24,65,0.09,0.268441021,0.082064165
0.25,65,0.09,0.273007284,0.078746641
0.001,70,0.09,0.008595776,0.118410286
0.002,70,0.09,0.015172918,0.138129184
0.003,70,0.09,0.020709125,0.156011744
0.004,70,0.09,0.025632155,0.172474954
0.005,70,0.09,0.03015818,0.187821792
0.006,70,0.09,0.034407661,0.202273041
0.007,70,0.09,0.038452556,0.215987801
0.008,70,0.09,0.042338074,0.229078344
0.009,70,0.09,0.046093663,0.241620281
0.01,70,0.09,0.049738981,0.253660801
0.02,70,0.09,0.081679021,0.346518487
0.03,70,0.09,0.106160589,0.380828484
0.04,70,0.09,0.123843292,0.368105654
0.05,70,0.09,0.136844497,0.335575404
0.06,70,0.09,0.147132681,0.299904113
0.07,70,0.09,0.155865201,0.267248641
0.08,70,0.09,0.163649939,0.239129711
0.09,70,0.09,0.170811066,0.215391391
0.1,70,0.09,0.177530033,0.195400453
0.11,70,0.09,0.183913595,0.178505217
0.12,70,0.09,0.190027338,0.164150925
0.13,70,0.09,0.19591313,0.151872176
0.14,70,0.09,0.20159888,0.141275872
0.15,70,0.09,0.207104371,0.13204006
0.16,70,0.09,0.212444865,0.123914616
0.17,70,0.09,0.217633159,0.116711704
0.18,70,0.09,0.222680542,0.110288229
0.19,70,0.09,0.227597057,0.104528857
0.2,70,0.09,0.232391527,0.099335942
0.21,70,0.09,0.237071619,0.09462636
0.22,70,0.09,0.241644048,0.090331534
0.23,70,0.09,0.246114853,0.086396965
0.24,70,0.09,0.250489634,0.0827799
0.25,70,0.09,0.254773661,0.079445674
0.001,5,0.1,0.102585572,0.108702422
0.002,5,0.1,0.180902673,0.124486352
0.003,5,0.1,0.246029457,0.137857238
0.004,5,0.1,0.302738429,0.149103531
0.005,5,0.1,0.353383789,0.158383435
0.006,5,0.1,0.399238392,0.1657808
0.007,5,0.1,0.441043635,0.171347116
0.008,5,0.1,0.479266644,0.175132563
0.009,5,0.1,0.514232126,0.177206914
0.01,5,0.1,0.546193608,0.177670455
0.02,5,0.1,0.745388051,0.129221034
0.03,5,0.1,0.83140003,0.068387552
0.04,5,0.1,0.877346139,0.030408947
0.05,5,0.1,0.905518783,0.012260047
0.06,5,0.1,0.924044814,0.005081145
0.07,5,0.1,0.936793232,0.002302998
0.08,5,0.1,0.945917672,0.001148912
0.09,5,0.1,0.9526896,0.000623988
0.1,5,0.1,0.957880522,0.000363858
0.11,5,0.1,0.96197157,0.000224968
0.12,5,0.1,0.965272371,0.000145977
0.13,5,0.1,0.967988771,9.86028E-05
0.14,5,0.1,0.97026194,6.88872E-05
0.15,5,0.1,0.972191481,4.95236E-05
0.16,5,0.1,0.973849485,3.64875E-05
0.17,5,0.1,0.975289322,2.74603E-05
0.18,5,0.1,0.976551301,2.10531E-05
0.19,5,0.1,0.977666411,1.64057E-05
0.2,5,0.1,0.978658857,1.297E-05
0.21,5,0.1,0.979547814,1.03886E-05
0.22,5,0.1,0.980348661,8.41646E-06
0.23,5,0.1,0.98107388,6.89046E-06
0.24,5,0.1,0.981733702,5.69506E-06
0.25,5,0.1,0.982336593,4.74687E-06
0.001,10,0.1,0.056797483,0.129758898
0.002,10,0.1,0.100580447,0.150746228
0.003,10,0.1,0.137551862,0.169635487
0.004,10,0.1,0.17041325,0.186867725
0.005,10,0.1,0.200518336,0.202737386
0.006,10,0.1,0.228610814,0.217434082
0.007,10,0.1,0.255125188,0.231071154
0.008,10,0.1,0.28032571,0.243706791
0.009,10,0.1,0.304376963,0.255360387
0.01,10,0.1,0.327382621,0.266026007
0.02,10,0.1,0.507777096,0.31554692
0.03,10,0.1,0.614956566,0.28675509
0.04,10,0.1,0.680775185,0.236952465
0.05,10,0.1,0.726901061,0.191497836
0.06,10,0.1,0.762832584,0.154779851
0.07,10,0.1,0.792629927,0.125788472
0.08,10,0.1,0.818189454,0.102793384
0.09,10,0.1,0.840494935,0.084310096
0.1,10,0.1,0.860117281,0.069211292
0.11,10,0.1,0.877428217,0.056691505
0.12,10,0.1,0.892694756,0.046171915
0.13,10,0.1,0.906122919,0.037237211
0.14,10,0.1,0.9178801,0.029592143
0.15,10,0.1,0.928108002,0.023024565
0.16,10,0.1,0.936931633,0.017388988
0.17,10,0.1,0.944466898,0.012596466
0.18,10,0.1,0.950827885,0.008616495
0.19,10,0.1,0.95613388,0.005490465
0.2,10,0.1,0.960514342,0.003287655
0.21,10,0.1,0.964108361,0.001927835
0.22,10,0.1,0.967056561,0.001154146
0.23,10,0.1,0.969488983,0.000719547
0.24,10,0.1,0.971515908,0.000468902
0.25,10,0.1,0.973225119,0.000318386
0.001,15,0.1,0.038927015,0.130877977
0.002,15,0.1,0.068916244,0.152342477
0.003,15,0.1,0.094263281,0.171757673
0.004,15,0.1,0.116843473,0.189582546
0.005,15,0.1,0.137600733,0.206137346
0.006,15,0.1,0.15705744,0.221642313
0.007,15,0.1,0.175522228,0.236243675
0.008,15,0.1,0.193185784,0.250032136
0.009,15,0.1,0.210169329,0.26305672
0.01,15,0.1,0.226551056,0.275335851
0.02,15,0.1,0.362774679,0.353497553
0.03,15,0.1,0.453903812,0.35342264
0.04,15,0.1,0.513111143,0.315279796
0.05,15,0.1,0.555130052,0.271422718
0.06,15,0.1,0.588200437,0.232536965
0.07,15,0.1,0.616172078,0.200361253
0.08,15,0.1,0.640891143,0.174133842
0.09,15,0.1,0.663307889,0.152707729
0.1,15,0.1,0.683948336,0.135061784
0.11,15,0.1,0.703125823,0.120355498
0.12,15,0.1,0.721043393,0.107937657
0.13,15,0.1,0.737845544,0.097328852
0.14,15,0.1,0.753643572,0.088170644
0.15,15,0.1,0.768527338,0.080184119
0.16,15,0.1,0.782571474,0.073153945
0.17,15,0.1,0.795839593,0.066917763
0.18,15,0.1,0.808387061,0.061349575
0.19,15,0.1,0.820262434,0.056345982
0.2,15,0.1,0.831508296,0.05182191
0.21,15,0.1,0.842162208,0.04770991
0.22,15,0.1,0.852257692,0.043956222
0.23,15,0.1,0.861824888,0.040515236
0.24,15,0.1,0.87089085,0.03734716
0.25,15,0.1,0.879479833,0.034418737
0.001,20,0.1,0.029552489,0.129729028
0.002,20,0.1,0.05229398,0.15111773
0.003,20,0.1,0.071508334,0.170489452
0.004,20,0.1,0.088630487,0.188302313
0.005,20,0.1,0.104383894,0.204881372
0.006,20,0.1,0.119170068,0.220455428
0.007,20,0.1,0.133227301,0.235181804
0.008,20,0.1,0.146703812,0.249163782
0.009,20,0.1,0.159694731,0.262463341
0.01,20,0.1,0.17226223,0.275111284
0.02,20,0.1,0.279151801,0.363118565
0.03,20,0.1,0.354547822,0.37737881
0.04,20,0.1,0.405156269,0.347347767
0.05,20,0.1,0.441276747,0.305921031
0.06,20,0.1,0.469665726,0.266803105
0.07,20,0.1,0.493693214,0.233418331
0.08,20,0.1,0.515013332,0.205737141
0.09,20,0.1,0.534483889,0.182870806
0.1,20,0.1,0.552578818,0.163902932
0.11,20,0.1,0.569575902,0.14804726
0.12,20,0.1,0.585648048,0.134650955
0.13,20,0.1,0.600911112,0.1231999
0.14,20,0.1,0.615449909,0.11330991
0.15,20,0.1,0.629331662,0.104692846
0.16,20,0.1,0.642612122,0.097122035
0.17,20,0.1,0.655338339,0.090415233
0.18,20,0.1,0.667550569,0.084429474
0.19,20,0.1,0.679284041,0.079055109
0.2,20,0.1,0.690570268,0.074205714
0.21,20,0.1,0.701437645,0.06980901
0.22,20,0.1,0.71191158,0.065803013
0.23,20,0.1,0.722014667,0.062136047
0.24,20,0.1,0.731767119,0.058766606
0.25,20,0.1,0.741187324,0.055661092
0.001,25,0.1,0.023801256,0.128443681
0.002,25,0.1,0.042099814,0.149682715
0.003,25,0.1,0.057553118,0.168929898
0.004,25,0.1,0.071322914,0.186639702
0.005,25,0.1,0.083995424,0.20313738
0.006,25,0.1,0.095896474,0.218654569
0.007,25,0.1,0.107219892,0.233353388
0.008,25,0.1,0.118086665,0.247343049
0.009,25,0.1,0.128574848,0.260692173
0.01,25,0.1,0.138735829,0.273438342
0.02,25,0.1,0.226162502,0.365905383
0.03,25,0.1,0.289661315,0.388313728
0.04,25,0.1,0.333185046,0.363743764
0.05,25,0.1,0.364385124,0.324347172
0.06,25,0.1,0.388865105,0.285436846
0.07,25,0.1,0.409556733,0.251502651
0.08,25,0.1,0.427924702,0.223031754
0.09,25,0.1,0.444733435,0.199338881
0.1,25,0.1,0.460406018,0.179579231
0.11,25,0.1,0.475189737,0.163006002
0.12,25,0.1,0.48923666,0.148986863
0.13,25,0.1,0.502645821,0.137001225
0.14,25,0.1,0.515486803,0.126644301
0.15,25,0.1,0.52781299,0.117613326
0.16,25,0.1,0.539668328,0.10967771
0.17,25,0.1,0.551090194,0.102652848
0.18,25,0.1,0.562110603,0.096387901
0.19,25,0.1,0.572757157,0.090762481
0.2,25,0.1,0.583054132,0.085683119
0.21,25,0.1,0.593023425,0.081076393
0.22,25,0.1,0.602685054,0.076881447
0.23,25,0.1,0.612057234,0.073045477
0.24,25,0.1,0.621156318,0.069522763
0.25,25,0.1,0.629996899,0.066275171
0.001,30,0.1,0.019919055,0.127347975
0.002,30,0.1,0.03522164,0.148446454
0.003,30,0.1,0.04813944,0.167572294
0.004,30,0.1,0.059648345,0.185176568
0.005,30,0.1,0.070241045,0.201583442
0.006,30,0.1,0.080191625,0.217025633
0.007,30,0.1,0.089663363,0.231667568
0.008,30,0.1,0.0987584,0.245621823
0.009,30,0.1,0.107542842,0.258960957
0.01,30,0.1,0.116060405,0.271726633
0.02,30,0.1,0.189858597,0.366592196
0.03,30,0.1,0.244454459,0.394161459
0.04,30,0.1,0.282419853,0.373434929
0.05,30,0.1,0.309731759,0.335637963
0.06,30,0.1,0.331133704,0.29702921
0.07,30,0.1,0.349198296,0.262819784
0.08,30,0.1,0.36522854,0.233868781
0.09,30,0.1,0.3799079,0.209650282
0.1,30,0.1,0.393615354,0.189375125
0.11,30,0.1,0.40657237,0.172322479
0.12,30,0.1,0.418914571,0.15787811
0.13,30,0.1,0.430729151,0.14552575
0.14,30,0.1,0.442075861,0.134850948
0.15,30,0.1,0.452999229,0.125538136
0.16,30,0.1,0.463535307,0.117349971
0.17,30,0.1,0.473714829,0.110100819
0.18,30,0.1,0.483564362,0.103638712
0.19,30,0.1,0.493106848,0.097838676
0.2,30,0.1,0.502362216,0.092600862
0.21,30,0.1,0.511348173,0.087847336
0.22,30,0.1,0.52008086,0.083516214
0.23,30,0.1,0.528575179,0.079555666
0.24,30,0.1,0.536844796,0.075920304
0.25,30,0.1,0.544902046,0.072570355
0.001,35,0.1,0.017123569,0.126454399
0.002,35,0.1,0.030270969,0.147433251
0.003,35,0.1,0.041365643,0.166454683
0.004,35,0.1,0.051248841,0.183966467
0.005,35,0.1,0.060345428,0.200291688
0.006,35,0.1,0.068891897,0.215663344
0.007,35,0.1,0.077029264,0.230247205
0.008,35,0.1,0.084845872,0.244157848
0.009,35,0.1,0.09239902,0.257470392
0.01,35,0.1,0.099726716,0.270229252
0.02,35,0.1,0.16351005,0.36654026
0.03,35,0.1,0.211294955,0.397643086
0.04,35,0.1,0.244874998,0.379745697
0.05,35,0.1,0.269101788,0.343213938
0.06,35,0.1,0.288068839,0.304906465
0.07,35,0.1,0.30405894,0.270550885
0.08,35,0.1,0.318240924,0.241283659
0.09,35,0.1,0.331230336,0.216704649
0.1,35,0.1,0.343369038,0.196070131
0.11,35,0.1,0.354856886,0.178677913
0.12,35,0.1,0.365816076,0.16392726
0.13,35,0.1,0.376324671,0.151308523
0.14,35,0.1,0.386435369,0.140403708
0.15,35,0.1,0.396186592,0.130888362
0.16,35,0.1,0.405608903,0.122518208
0.17,35,0.1,0.414728253,0.115105391
0.18,35,0.1,0.423567241,0.108497943
0.19,35,0.1,0.432145519,0.102569554
0.2,35,0.1,0.440480121,0.097216824
0.21,35,0.1,0.448586003,0.09235774
0.22,35,0.1,0.456476647,0.087927944
0.23,35,0.1,0.464164499,0.083875301
0.24,35,0.1,0.471661122,0.080155208
0.25,35,0.1,0.478977129,0.076728178
0.001,40,0.1,0.0150152,0.125725142
0.002,40,0.1,0.026538523,0.146604331
0.003,40,0.1,0.036259949,0.165538151
0.004,40,0.1,0.044918718,0.182971737
0.005,40,0.1,0.052888267,0.199227132
0.006,40,0.1,0.060376547,0.214537217
0.007,40,0.1,0.067507643,0.229068609
0.008,40,0.1,0.074359371,0.242937291
0.009,40,0.1,0.080982278,0.256220085
0.01,40,0.1,0.087409968,0.268963384
0.02,40,0.1,0.143543699,0.36621993
0.03,40,0.1,0.185983917,0.399884043
0.04,40,0.1,0.216046664,0.384147651
0.05,40,0.1,0.237787332,0.348631348
0.06,40,0.1,0.254796716,0.310597952
0.07,40,0.1,0.269122104,0.276161783
0.08,40,0.1,0.281821002,0.246673109
0.09,40,0.1,0.293452134,0.221832588
0.1,40,0.1,0.304326215,0.200934253
0.11,40,0.1,0.314624983,0.183290236
0.12,40,0.1,0.324459491,0.168309777
0.13,40,0.1,0.333900435,0.155489516
0.14,40,0.1,0.342995099,0.144410786
0.15,40,0.1,0.351777411,0.134743242
0.16,40,0.1,0.360273937,0.126236637
0.17,40,0.1,0.368507079,0.118700307
0.18,40,0.1,0.376496426,0.111982086
0.19,40,0.1,0.384259134,0.105955483
0.2,40,0.1,0.391810121,0.100515389
0.21,40,0.1,0.399162399,0.095576948
0.22,40,0.1,0.406327576,0.091073296
0.23,40,0.1,0.413316301,0.086951222
0.24,40,0.1,0.420138507,0.083166338
0.25,40,0.1,0.426803429,0.079679743
0.001,45,0.1,0.013368614,0.125126916
0.002,45,0.1,0.023624468,0.145923124
0.003,45,0.1,0.032274602,0.164783724
0.004,45,0.1,0.039978297,0.182151665
0.005,45,0.1,0.04706866,0.198347908
0.006,45,0.1,0.053731242,0.213605292
0.007,45,0.1,0.060076818,0.228090903
0.008,45,0.1,0.066174911,0.241921722
0.009,45,0.1,0.072070732,0.255175754
0.01,45,0.1,0.07779439,0.267900939
0.02,45,0.1,0.127902706,0.365811487
0.03,45,0.1,0.166050832,0.401410383
0.04,45,0.1,0.193242461,0.387373706
0.05,45,0.1,0.212945692,0.352686314
0.06,45,0.1,0.228353442,0.314895761
0.07,45,0.1,0.241319226,0.280415699
0.08,45,0.1,0.252807409,0.250765603
0.09,45,0.1,0.263328881,0.225728089
0.1,45,0.1,0.273168061,0.204628855
0.11,45,0.1,0.282491391,0.186791545
0.12,45,0.1,0.291400556,0.171632933
0.13,45,0.1,0.299960161,0.158655171
0.14,45,0.1,0.308213147,0.147440235
0.15,45,0.1,0.316189976,0.13765398
0.16,45,0.1,0.323914176,0.129041325
0.17,45,0.1,0.331405442,0.121408783
0.18,45,0.1,0.338681014,0.114603642
0.19,45,0.1,0.345756093,0.108499561
0.2,45,0.1,0.35264395,0.102990662
0.21,45,0.1,0.359356139,0.097990221
0.22,45,0.1,0.365902882,0.093429295
0.23,45,0.1,0.372293485,0.089253349
0.24,45,0.1,0.378536622,0.085417773
0.25,45,0.1,0.384640415,0.081884079
0.001,50,0.1,0.012047212,0.124629475
0.002,50,0.1,0.021286508,0.145356017
0.003,50,0.1,0.029077721,0.164155089
0.004,50,0.1,0.036015778,0.181467678
0.005,50,0.1,0.04240131,0.197613817
0.006,50,0.1,0.048401824,0.212826216
0.007,50,0.1,0.054117359,0.227272278
0.008,50,0.1,0.059610737,0.241069697
0.009,50,0.1,0.064922851,0.254297495
0.01,50,0.1,0.070080967,0.267004656
0.02,50,0.1,0.115324209,0.36538961
0.03,50,0.1,0.149956049,0.402499935
0.04,50,0.1,0.174765475,0.389833631
0.05,50,0.1,0.192772526,0.355833707
0.06,50,0.1,0.206848613,0.318256035
0.07,50,0.1,0.218685656,0.283752495
0.08,50,0.1,0.229169291,0.253979736
0.09,50,0.1,0.238769761,0.228788212
0.1,50,0.1,0.247749099,0.207530582
0.11,50,0.1,0.256260709,0.189540047
0.12,50,0.1,0.264398315,0.174239278
0.13,50,0.1,0.272221387,0.161135044
0.14,50,0.1,0.279769288,0.149810539
0.15,50,0.1,0.2870697,0.139929088
0.16,50,0.1,0.294143766,0.131231752
0.17,50,0.1,0.301009052,0.123522383
0.18,50,0.1,0.307680933,0.116647534
0.19,50,0.1,0.31417303,0.110480999
0.2,50,0.1,0.320497292,0.104916596
0.21,50,0.1,0.326664124,0.099866411
0.22,50,0.1,0.33268268,0.095259857
0.23,50,0.1,0.338561234,0.091041117
0.24,50,0.1,0.344307471,0.087165106
0.25,50,0.1,0.349928615,0.083593529
0.001,55,0.1,0.010963472,0.124208804
0.002,55,0.1,0.019369446,0.144876131
0.003,55,0.1,0.02645676,0.163622859
0.004,55,0.1,0.032767437,0.18088816
0.005,55,0.1,0.038575407,0.196991433
0.006,55,0.1,0.044033329,0.212165138
0.007,55,0.1,0.049232401,0.226576924
0.008,55,0.1,0.054229925,0.240345028
0.009,55,0.1,0.059063223,0.253549196
0.01,55,0.1,0.063757209,0.266239377
0.02,55,0.1,0.104991889,0.364980742
0.03,55,0.1,0.136693496,0.403303204
0.04,55,0.1,0.159497499,0.39176456
0.05,55,0.1,0.17607252,0.358343457
0.06,55,0.1,0.18902543,0.32095277
0.07,55,0.1,0.199911661,0.286438264
0.08,55,0.1,0.209549602,0.256569912
0.09,55,0.1,0.218374625,0.231255148
0.1,55,0.1,0.22662952,0.209869761
0.11,55,0.1,0.234456484,0.19175509
0.12,55,0.1,0.241942396,0.17633851
0.13,55,0.1,0.24914234,0.163130678
0.14,55,0.1,0.256092671,0.151716202
0.15,55,0.1,0.262818779,0.141756729
0.16,55,0.1,0.269339884,0.132990245
0.17,55,0.1,0.275671839,0.125218199
0.18,55,0.1,0.281828504,0.118286296
0.19,55,0.1,0.287822204,0.11206841
0.2,55,0.1,0.2936638,0.106458293
0.21,55,0.1,0.299362763,0.101367265
0.22,55,0.1,0.304927394,0.096723463
0.23,55,0.1,0.310365149,0.092469931
0.24,55,0.1,0.315682926,0.088561003
0.25,55,0.1,0.320887216,0.084958414
0.001,60,0.1,0.010058521,0.123850189
0.002,60,0.1,0.017768953,0.144466824
0.003,60,0.1,0.024268904,0.163168576
0.004,60,0.1,0.030056135,0.180393298
0.005,60,0.1,0.035382228,0.196459703
0.006,60,0.1,0.040387409,0.211599964
0.007,60,0.1,0.045155472,0.225981933
0.008,60,0.1,0.049739086,0.239724288
0.009,60,0.1,0.054172577,0.252907419
0.01,60,0.1,0.058478877,0.2655819
0.02,60,0.1,0.096354678,0.364599059
0.03,60,0.1,0.125578617,0.403914478
0.04,60,0.1,0.14667279,0.393319298
0.05,60,0.1,0.162023812,0.360391541
0.06,60,0.1,0.174017447,0.323165408
0.07,60,0.1,0.184092503,0.288647393
0.08,60,0.1,0.193009355,0.258702651
0.09,60,0.1,0.201173186,0.233287031
0.1,60,0.1,0.208810099,0.21179637
0.11,60,0.1,0.216052563,0.193579023
0.12,60,0.1,0.222981526,0.178066247
0.13,60,0.1,0.22964828,0.164771942
0.14,60,0.1,0.236086604,0.153282157
0.15,60,0.1,0.242319968,0.143257442
0.16,60,0.1,0.248366001,0.13443329
0.17,60,0.1,0.25423915,0.126609044
0.18,60,0.1,0.259952025,0.119629511
0.19,60,0.1,0.26551587,0.113368587
0.2,60,0.1,0.270940635,0.107720075
0.21,60,0.1,0.276235012,0.10259478
0.22,60,0.1,0.281406605,0.097919889
0.23,60,0.1,0.286462205,0.093637448
0.24,60,0.1,0.291408069,0.089701187
0.25,60,0.1,0.296250084,0.086072762
0.001,65,0.1,0.00929151,0.123541281
0.002,65,0.1,0.01641264,0.144114141
0.003,65,0.1,0.022415063,0.162776956
0.004,65,0.1,0.027758957,0.179966535
0.005,65,0.1,0.032676925,0.19600086
0.006,65,0.1,0.037298635,0.211112018
0.007,65,0.1,0.041701586,0.225467946
0.008,65,0.1,0.045934507,0.239187631
0.009,65,0.1,0.050029171,0.252351947
0.01,65,0.1,0.05400682,0.265012129
0.02,65,0.1,0.089027928,0.364247788
0.03,65,0.1,0.116130437,0.404390964
0.04,65,0.1,0.135750456,0.394596317
0.05,65,0.1,0.150043895,0.362093497
0.06,65,0.1,0.161209185,0.325012583
0.07,65,0.1,0.17058444,0.290495368
0.08,65,0.1,0.178879534,0.260488054
0.09,65,0.1,0.186473286,0.234988164
0.1,65,0.1,0.193577209,0.213409106
0.11,65,0.1,0.200315261,0.19510537
0.12,65,0.1,0.206763197,0.179511417
0.13,65,0.1,0.212969006,0.166143956
0.14,65,0.1,0.218964233,0.154590384
0.15,65,0.1,0.224770708,0.144510507
0.16,65,0.1,0.230404723,0.135637787
0.17,65,0.1,0.235879551,0.127769693
0.18,65,0.1,0.241206754,0.120750153
0.19,65,0.1,0.246396662,0.114452987
0.2,65,0.1,0.251458452,0.108772089
0.21,65,0.1,0.256400156,0.103617932
0.22,65,0.1,0.26122879,0.098916936
0.23,65,0.1,0.265950599,0.094610299
0.24,65,0.1,0.270571308,0.090651181
0.25,65,0.1,0.2750963,0.087001069
0.001,70,0.1,0.008633146,0.123272557
0.002,70,0.1,0.015248614,0.143807184
0.003,70,0.1,0.020824211,0.162436002
0.004,70,0.1,0.025787808,0.179594887
0.005,70,0.1,0.030355693,0.195601115
0.006,70,0.1,0.034648451,0.210686729
0.007,70,0.1,0.038738166,0.225019666
0.008,70,0.1,0.042670175,0.238719268
0.009,70,0.1,0.046474051,0.251866754
0.01,70,0.1,0.050169578,0.26451391
0.02,70,0.1,0.082734942,0.363925859
0.03,70,0.1,0.108001179,0.404768998
0.04,70,0.1,0.126337705,0.395661612
0.05,70,0.1,0.139708587,0.36352836
0.06,70,0.1,0.150151647,0.326576408
0.07,70,0.1,0.158917244,0.292063015
0.08,70,0.1,0.16667093,0.262004145
0.09,70,0.1,0.173768317,0.236433455
0.1,70,0.1,0.180408064,0.214779707
0.11,70,0.1,0.186706625,0.196402754
0.12,70,0.1,0.19273518,0.180739784
0.13,70,0.1,0.198538805,0.167309844
0.14,70,0.1,0.204147096,0.155701634
0.15,70,0.1,0.209580462,0.145574464
0.16,70,0.1,0.214854053,0.136660142
0.17,70,0.1,0.219980147,0.128754488
0.18,70,0.1,0.224969416,0.121700586
0.19,70,0.1,0.229831413,0.11537219
0.2,70,0.1,0.234574646,0.10966326
0.21,70,0.1,0.239206583,0.10448409
0.22,70,0.1,0.243733741,0.099760519
0.23,70,0.1,0.248161901,0.095433017
0.24,70,0.1,0.252496344,0.091454212
0.25,70,0.1,0.256742024,0.087785394
0.001,5,0.11,0.102800489,0.111025156
0.002,5,0.11,0.181333573,0.127164816
0.003,5,0.11,0.246676948,0.140851807
0.004,5,0.11,0.303602077,0.152381678
0.005,5,0.11,0.354461435,0.161915932
0.006,5,0.11,0.400525456,0.169539042
0.007,5,0.11,0.442532491,0.175301298
0.008,5,0.11,0.48094621,0.179250757
0.009,5,0.11,0.51608776,0.181454928
0.01,5,0.11,0.548207374,0.182012418
0.02,5,0.11,0.747823705,0.132910913
0.03,5,0.11,0.833151084,0.070637737
0.04,5,0.11,0.878395893,0.031641842
0.05,5,0.11,0.90609311,0.012902075
0.06,5,0.11,0.924347789,0.00541069
0.07,5,0.11,0.93695447,0.002475512
0.08,5,0.11,0.946006711,0.00124315
0.09,5,0.11,0.952741198,0.000678182
0.1,5,0.11,0.957911922,0.000396651
0.11,5,0.11,0.961991558,0.000245751
0.12,5,0.11,0.965285612,0.000159696
0.13,5,0.11,0.967997852,0.000107985
0.14,5,0.11,0.970268357,7.55013E-05
0.15,5,0.11,0.972196136,5.43119E-05
0.16,5,0.11,0.973852939,4.00343E-05
0.17,5,0.11,0.975291936,3.01406E-05
0.18,5,0.11,0.976553314,2.31145E-05
0.19,5,0.11,0.977667986,1.80167E-05
0.2,5,0.11,0.978660106,1.42462E-05
0.21,5,0.11,0.979548817,1.14125E-05
0.22,5,0.11,0.980349476,9.24781E-06
0.23,5,0.11,0.981074549,7.57237E-06
0.24,5,0.11,0.981734255,6.25835E-06
0.25,5,0.11,0.982337055,5.21718E-06
0.001,10,0.11,0.056991428,0.133616658
0.002,10,0.11,0.100974244,0.15525168
0.003,10,0.11,0.138152169,0.174740037
0.004,10,0.11,0.171227451,0.192538346
0.005,10,0.11,0.201554487,0.208952367
0.006,10,0.11,0.229877544,0.224179871
0.007,10,0.11,0.25663155,0.238339895
0.008,10,0.11,0.282080975,0.251494286
0.009,10,0.11,0.306390357,0.26366435
0.01,10,0.11,0.329663,0.274844493
0.02,10,0.11,0.512872153,0.328747174
0.03,10,0.11,0.621738766,0.300946386
0.04,10,0.11,0.687816352,0.249746099
0.05,10,0.11,0.733522336,0.202351081
0.06,10,0.11,0.768790949,0.163799654
0.07,10,0.11,0.797864958,0.133223894
0.08,10,0.11,0.822717295,0.108896216
0.09,10,0.11,0.84436349,0.089300862
0.1,10,0.11,0.863385592,0.073274127
0.11,10,0.11,0.880156919,0.059977696
0.12,10,0.11,0.894942351,0.048805929
0.13,10,0.11,0.9079448,0.039322715
0.14,10,0.11,0.919328716,0.031217065
0.15,10,0.11,0.929233466,0.024265129
0.16,10,0.11,0.937782345,0.018312754
0.17,10,0.11,0.945089918,0.013264428
0.18,10,0.11,0.95126876,0.009084166
0.19,10,0.11,0.956435619,0.00580778
0.2,10,0.11,0.96071545,0.003497719
0.21,10,0.11,0.964240602,0.002065264
0.22,10,0.11,0.967143706,0.001244364
0.23,10,0.11,0.969547296,0.000779738
0.24,10,0.11,0.97155584,0.000510024
0.25,10,0.11,0.973253185,0.000347234
0.001,15,0.11,0.039074205,0.135154029
0.002,15,0.11,0.069215023,0.157338334
0.003,15,0.11,0.094718597,0.177417565
0.004,15,0.11,0.117460839,0.195867944
0.005,15,0.11,0.138386234,0.213022645
0.006,15,0.11,0.15801773,0.229111752
0.007,15,0.11,0.176664501,0.244288968
0.008,15,0.11,0.19451773,0.258650655
0.009,15,0.11,0.211699061,0.272249966
0.01,15,0.11,0.228287008,0.285108138
0.02,15,0.11,0.36697516,0.369169376
0.03,15,0.11,0.460417722,0.372845419
0.04,15,0.11,0.520792238,0.334969076
0.05,15,0.11,0.563096298,0.289667932
0.06,15,0.11,0.596016531,0.248915097
0.07,15,0.11,0.623646221,0.214921588
0.08,15,0.11,0.64794752,0.187061359
0.09,15,0.11,0.669926968,0.164210477
0.1,15,0.11,0.690138413,0.145334665
0.11,15,0.11,0.708908308,0.129569267
0.12,15,0.11,0.72644453,0.116236912
0.13,15,0.11,0.742891871,0.104833783
0.14,15,0.11,0.758359982,0.094980573
0.15,15,0.11,0.772936635,0.086381494
0.16,15,0.11,0.786694368,0.078807741
0.17,15,0.11,0.799694701,0.072085994
0.18,15,0.11,0.811991035,0.066081314
0.19,15,0.11,0.823630261,0.060683119
0.2,15,0.11,0.834653607,0.055800592
0.21,15,0.11,0.845097439,0.051361547
0.22,15,0.11,0.85499416,0.047308205
0.23,15,0.11,0.864372918,0.043591574
0.24,15,0.11,0.873259949,0.040169073
0.25,15,0.11,0.881678821,0.037005124
0.001,20,0.11,0.029667595,0.134129286
0.002,20,0.11,0.052527477,0.156257567
0.003,20,0.11,0.071863905,0.176309642
0.004,20,0.11,0.089112231,0.194761237
0.005,20,0.11,0.10499634,0.211950708
0.006,20,0.11,0.11991818,0.228117061
0.007,20,0.11,0.134116479,0.243425583
0.008,20,0.11,0.147739875,0.257985723
0.009,20,0.11,0.160883892,0.271864229
0.01,20,0.11,0.173611054,0.285095485
0.02,20,0.11,0.282464041,0.379292474
0.03,20,0.11,0.359976907,0.398470201
0.04,20,0.11,0.411918565,0.369835792
0.05,20,0.11,0.448564988,0.32748996
0.06,20,0.11,0.477023382,0.286648499
0.07,20,0.11,0.500898302,0.251419161
0.08,20,0.11,0.521963642,0.222009044
0.09,20,0.11,0.541137689,0.197596387
0.1,20,0.11,0.558925916,0.177271895
0.11,20,0.11,0.575622756,0.160235406
0.12,20,0.11,0.591409435,0.145813228
0.13,20,0.11,0.606405036,0.133468931
0.14,20,0.11,0.620694545,0.122797124
0.15,20,0.11,0.634343936,0.113491105
0.16,20,0.11,0.647407442,0.105309013
0.17,20,0.11,0.659930776,0.098056573
0.18,20,0.11,0.671952957,0.091581111
0.19,20,0.11,0.683507933,0.085764838
0.2,20,0.11,0.694625943,0.080514455
0.21,20,0.11,0.705334292,0.075752045
0.22,20,0.11,0.715657574,0.071411142
0.23,20,0.11,0.725617765,0.067436466
0.24,20,0.11,0.735234495,0.063783423
0.25,20,0.11,0.744525527,0.06041564
0.001,25,0.11,0.023894805,0.132878942
0.002,25,0.11,0.042289496,0.154862645
0.003,25,0.11,0.057841825,0.174793668
0.004,25,0.11,0.071713858,0.193144058
0.005,25,0.11,0.084492154,0.210252463
0.006,25,0.11,0.096502883,0.226360828
0.007,25,0.11,0.107940219,0.241639329
0.008,25,0.11,0.118925496,0.256203576
0.009,25,0.11,0.129537103,0.270127201
0.01,25,0.11,0.139826733,0.28345161
0.02,25,0.11,0.228851324,0.382144488
0.03,25,0.11,0.294189601,0.410017288
0.04,25,0.11,0.33900337,0.387558467
0.05,25,0.11,0.3707952,0.347644407
0.06,25,0.11,0.395435344,0.307155502
0.07,25,0.11,0.416066366,0.271394457
0.08,25,0.11,0.434266282,0.24115633
0.09,25,0.11,0.450858012,0.215855389
0.1,25,0.11,0.466295732,0.194668922
0.11,25,0.11,0.48084371,0.176843853
0.12,25,0.11,0.49466319,0.161731231
0.13,25,0.11,0.507857656,0.148790565
0.14,25,0.11,0.520498065,0.13759688
0.15,25,0.11,0.532637344,0.127828615
0.16,25,0.11,0.54431823,0.11923894
0.17,25,0.11,0.555576896,0.111630099
0.18,25,0.11,0.566444396,0.104840897
0.19,25,0.11,0.576947502,0.098742602
0.2,25,0.11,0.587109613,0.093234677
0.21,25,0.11,0.596951679,0.088237565
0.22,25,0.11,0.606492846,0.083685234
0.23,25,0.11,0.615750659,0.07952071
0.24,25,0.11,0.624741027,0.075695006
0.25,25,0.11,0.633478206,0.072167313
0.001,30,0.11,0.019997499,0.131787627
0.002,30,0.11,0.035380647,0.15363108
0.003,30,0.11,0.048381379,0.173440274
0.004,30,0.11,0.059975842,0.191683736
0.005,30,0.11,0.070657,0.208699006
0.006,30,0.11,0.080699222,0.224729162
0.007,30,0.11,0.090266071,0.239946712
0.008,30,0.11,0.099459977,0.254470686
0.009,30,0.11,0.108347326,0.268378729
0.01,30,0.11,0.116972103,0.281716523
0.02,30,0.11,0.192107923,0.382782726
0.03,30,0.11,0.248302769,0.416108964
0.04,30,0.11,0.287464968,0.397969809
0.05,30,0.11,0.315371482,0.359957807
0.06,30,0.11,0.336971176,0.319894209
0.07,30,0.11,0.355023638,0.283886202
0.08,30,0.11,0.370936509,0.253152282
0.09,30,0.11,0.3854481,0.227290622
0.1,30,0.11,0.39896685,0.205545572
0.11,30,0.11,0.411730558,0.187195747
0.12,30,0.11,0.42388397,0.171613508
0.13,30,0.11,0.435519086,0.1582646
0.14,30,0.11,0.446697639,0.146715494
0.15,30,0.11,0.457464282,0.136632167
0.16,30,0.11,0.467854208,0.127760664
0.17,30,0.11,0.47789705,0.119901414
0.18,30,0.11,0.487618466,0.112891392
0.19,30,0.11,0.497040719,0.106596932
0.2,30,0.11,0.506183133,0.100911075
0.21,30,0.11,0.515062738,0.095749739
0.22,30,0.11,0.523694929,0.091045624
0.23,30,0.11,0.532093914,0.086742288
0.24,30,0.11,0.54027284,0.082790636
0.25,30,0.11,0.548243713,0.079148002
0.001,35,0.11,0.017190963,0.130887836
0.002,35,0.11,0.030407548,0.152610333
0.003,35,0.11,0.041573406,0.172313317
0.004,35,0.11,0.051530007,0.190462051
0.005,35,0.11,0.060702443,0.207392841
0.006,35,0.11,0.069327445,0.223349005
0.007,35,0.11,0.077546273,0.238504441
0.008,35,0.11,0.085447515,0.252980185
0.009,35,0.11,0.093088712,0.266856501
0.01,35,0.11,0.100508107,0.280181908
0.02,35,0.11,0.165438143,0.382654356
0.03,35,0.11,0.214627519,0.419686845
0.04,35,0.11,0.249305959,0.404711902
0.05,35,0.11,0.274106965,0.368197137
0.06,35,0.11,0.293285519,0.328537204
0.07,35,0.11,0.309290598,0.292412067
0.08,35,0.11,0.323387106,0.261356099
0.09,35,0.11,0.336241547,0.235112274
0.1,35,0.11,0.348223339,0.212979298
0.11,35,0.11,0.359547744,0.194258872
0.12,35,0.11,0.370345712,0.17833933
0.13,35,0.11,0.380700114,0.164694531
0.14,35,0.11,0.390665892,0.152888342
0.15,35,0.11,0.400281962,0.142578324
0.16,35,0.11,0.409578327,0.133503546
0.17,35,0.11,0.418579982,0.125461772
0.18,35,0.11,0.427308644,0.118289393
0.19,35,0.11,0.435783328,0.111851005
0.2,35,0.11,0.444020588,0.106035973
0.21,35,0.11,0.452034891,0.100756173
0.22,35,0.11,0.459839142,0.095941831
0.23,35,0.11,0.467445167,0.091536022
0.24,35,0.11,0.474863988,0.087490119
0.25,35,0.11,0.482105838,0.083761435
0.001,40,0.11,0.015074205,0.130148887
0.002,40,0.11,0.026658083,0.151769954
0.003,40,0.11,0.036441792,0.171383304
0.004,40,0.11,0.045164761,0.189451483
0.005,40,0.11,0.053200621,0.206309674
0.006,40,0.11,0.060757532,0.222201127
0.007,40,0.11,0.067959787,0.237300507
0.008,40,0.11,0.074885415,0.251730261
0.009,40,0.11,0.081585177,0.265572425
0.01,40,0.11,0.088092882,0.278877504
0.02,40,0.11,0.145228521,0.382255726
0.03,40,0.11,0.188916757,0.421959264
0.04,40,0.11,0.219986946,0.409391882
0.05,40,0.11,0.242273459,0.374074804
0.06,40,0.11,0.259496763,0.334773585
0.07,40,0.11,0.273852853,0.298594727
0.08,40,0.11,0.286487521,0.267316084
0.09,40,0.11,0.298006771,0.240796511
0.1,40,0.11,0.30874701,0.218379625
0.11,40,0.11,0.318904417,0.199384993
0.12,40,0.11,0.328598334,0.183212872
0.13,40,0.11,0.337904126,0.169344613
0.14,40,0.11,0.346871405,0.157344168
0.15,40,0.11,0.355534813,0.146863652
0.16,40,0.11,0.363920584,0.137636261
0.17,40,0.11,0.372050307,0.129456709
0.18,40,0.11,0.379942738,0.122160768
0.19,40,0.11,0.387614412,0.115612477
0.2,40,0.11,0.395079817,0.109699304
0.21,40,0.11,0.40235159,0.104330288
0.22,40,0.11,0.409440895,0.099433199
0.23,40,0.11,0.416357863,0.09495001
0.24,40,0.11,0.423111914,0.090832129
0.25,40,0.11,0.429711875,0.087037205
0.001,45,0.11,0.013421055,0.129540446
0.002,45,0.11,0.023730713,0.15107662
0.003,45,0.11,0.032436173,0.170614788
0.004,45,0.11,0.040196879,0.188615099
0.005,45,0.11,0.047346111,0.205411692
0.006,45,0.11,0.054069601,0.221247666
0.007,45,0.11,0.060478307,0.236298145
0.008,45,0.11,0.066641942,0.250686614
0.009,45,0.11,0.072605906,0.264496284
0.01,45,0.11,0.078400489,0.277779203
0.02,45,0.11,0.129397614,0.38177489
0.03,45,0.11,0.168666649,0.423486955
0.04,45,0.11,0.196785026,0.412807358
0.05,45,0.11,0.217003958,0.378465473
0.06,45,0.11,0.232622498,0.339477671
0.07,45,0.11,0.245628252,0.303278961
0.08,45,0.11,0.257066993,0.27183991
0.09,45,0.11,0.26749355,0.24511355
0.1,45,0.11,0.277216308,0.222480997
0.11,45,0.11,0.28641523,0.203276221
0.12,45,0.11,0.295199816,0.186908601
0.13,45,0.11,0.30363914,0.172865951
0.14,45,0.11,0.311778472,0.160713508
0.15,45,0.11,0.319649109,0.150099967
0.16,45,0.11,0.327274418,0.140753848
0.17,45,0.11,0.334673406,0.13246691
0.18,45,0.11,0.341862542,0.125074093
0.19,45,0.11,0.348856416,0.118439246
0.2,45,0.11,0.355667896,0.112448882
0.21,45,0.11,0.362308223,0.107010129
0.22,45,0.11,0.368787274,0.102048737
0.23,45,0.11,0.375113924,0.097505367
0.24,45,0.11,0.381296388,0.09333114
0.25,45,0.11,0.387342381,0.089483941
0.001,50,0.11,0.012094384,0.129033068
0.002,50,0.11,0.021382071,0.150497943
0.003,50,0.11,0.029223032,0.169972758
0.004,50,0.11,0.036212339,0.187915699
0.005,50,0.11,0.042650781,0.204660059
0.006,50,0.11,0.048706021,0.220448617
0.007,50,0.11,0.054478265,0.235456896
0.008,50,0.11,0.060030503,0.249809043
0.009,50,0.11,0.065403798,0.263589302
0.01,50,0.11,0.07062558,0.276850799
0.02,50,0.11,0.11666706,0.381288395
0.03,50,0.11,0.152315118,0.424563694
0.04,50,0.11,0.17798061,0.415402198
0.05,50,0.11,0.196474012,0.381867498
0.06,50,0.11,0.210755064,0.343152033
0.07,50,0.11,0.22263751,0.306951102
0.08,50,0.11,0.233082362,0.275391469
0.09,50,0.11,0.242600814,0.248504079
0.1,50,0.11,0.2514773,0.225701856
0.11,50,0.11,0.259877904,0.206330753
0.12,50,0.11,0.267903706,0.189807334
0.13,50,0.11,0.275618433,0.175624829
0.14,50,0.11,0.28306373,0.16335021
0.15,50,0.11,0.290268182,0.152629985
0.16,50,0.11,0.297252891,0.14318897
0.17,50,0.11,0.304034845,0.134816217
0.18,50,0.11,0.310628706,0.127345705
0.19,50,0.11,0.317047505,0.120641164
0.2,50,0.11,0.3233028,0.114588604
0.21,50,0.11,0.329404722,0.109093906
0.22,50,0.11,0.335362145,0.104081207
0.23,50,0.11,0.341182986,0.099489926
0.24,50,0.11,0.346874525,0.095270685
0.25,50,0.11,0.352443599,0.091381461
0.001,55,0.11,0.011006327,0.128603212
0.002,55,0.11,0.019456257,0.150007297
0.003,55,0.11,0.026588751,0.169428095
0.004,55,0.11,0.032945965,0.187322035
0.005,55,0.11,0.038801969,0.204021632
0.006,55,0.11,0.044309563,0.219769406
0.007,55,0.11,0.049560096,0.234741123
0.008,55,0.11,0.054611022,0.249061466
0.009,55,0.11,0.059499816,0.262815382
0.01,55,0.11,0.064251542,0.276056995
0.02,55,0.11,0.1062104,0.380822385
0.03,55,0.11,0.138840796,0.425347508
0.04,55,0.11,0.162439071,0.417432521
0.05,55,0.11,0.179472898,0.384576291
0.06,55,0.11,0.192623724,0.346098468
0.07,55,0.11,0.20355843,0.309905345
0.08,55,0.11,0.213165491,0.278252689
0.09,55,0.11,0.221918572,0.251236879
0.1,55,0.11,0.230081462,0.228298076
0.11,55,0.11,0.237808264,0.208792371
0.12,55,0.11,0.245192797,0.192142155
0.13,55,0.11,0.25229419,0.177845212
0.14,55,0.11,0.259151006,0.165470341
0.15,55,0.11,0.265789576,0.154662684
0.16,55,0.11,0.272229162,0.145144122
0.17,55,0.11,0.278485132,0.136701303
0.18,55,0.11,0.284570688,0.129167193
0.19,55,0.11,0.29049759,0.122405389
0.2,55,0.11,0.296276317,0.116301662
0.21,55,0.11,0.301916088,0.110761047
0.22,55,0.11,0.307424971,0.105706425
0.23,55,0.11,0.312810125,0.101076126
0.24,55,0.11,0.31807809,0.096820183
0.25,55,0.11,0.323234996,0.092896542
0.001,60,0.11,0.010097777,0.128236307
0.002,60,0.11,0.017848467,0.14958818
0.003,60,0.11,0.024389794,0.168962634
0.004,60,0.11,0.030219635,0.186814427
0.005,60,0.11,0.035589701,0.203475459
0.006,60,0.11,0.040640347,0.219187965
0.007,60,0.11,0.045455505,0.234127901
0.008,60,0.11,0.050087981,0.248420338
0.009,60,0.11,0.054572242,0.262150901
0.01,60,0.11,0.058931357,0.275374333
0.02,60,0.11,0.097469704,0.380390337
0.03,60,0.11,0.127548475,0.425936636
0.04,60,0.11,0.14938276,0.419062679
0.05,60,0.11,0.165167169,0.386783935
0.06,60,0.11,0.177351226,0.348514252
0.07,60,0.11,0.187476335,0.312334215
0.08,60,0.11,0.196368307,0.28060792
0.09,60,0.11,0.204468249,0.253487329
0.1,60,0.11,0.212022005,0.230436159
0.11,60,0.11,0.219173257,0.210819249
0.12,60,0.11,0.226009505,0.194063805
0.13,60,0.11,0.232585885,0.179671422
0.14,60,0.11,0.238938305,0.167212706
0.15,60,0.11,0.245091185,0.15633195
0.16,60,0.11,0.251062262,0.146748697
0.17,60,0.11,0.256865569,0.138247485
0.18,60,0.11,0.262513113,0.130660276
0.19,60,0.11,0.268015597,0.123850512
0.2,60,0.11,0.273382599,0.117703858
0.21,60,0.11,0.278622575,0.112124762
0.22,60,0.11,0.283742924,0.107035137
0.23,60,0.11,0.288750191,0.102372378
0.24,60,0.11,0.293650315,0.098085917
0.25,60,0.11,0.298448849,0.094133582
0.001,65,0.11,0.00932772,0.127919841
0.002,65,0.11,0.016485981,0.149226693
0.003,65,0.11,0.022526561,0.168560892
0.004,65,0.11,0.027909745,0.186376171
0.005,65,0.11,0.032868254,0.20300365
0.006,65,0.11,0.037531875,0.21868548
0.007,65,0.11,0.041978232,0.233597633
0.008,65,0.11,0.046256182,0.247865545
0.009,65,0.11,0.050397626,0.261575273
0.01,65,0.11,0.054423934,0.27478227
0.02,65,0.11,0.09005553,0.379994574
0.03,65,0.11,0.117949581,0.426390273
0.04,65,0.11,0.138262024,0.420398245
0.05,65,0.11,0.152965571,0.388616375
0.06,65,0.11,0.164313763,0.35052977
0.07,65,0.11,0.173739689,0.314365273
0.08,65,0.11,0.182014547,0.282579158
0.09,65,0.11,0.189550969,0.255371256
0.1,65,0.11,0.196579079,0.232225869
0.11,65,0.11,0.203233424,0.212515488
0.12,65,0.11,0.209595958,0.195671324
0.13,65,0.11,0.215718321,0.181198245
0.14,65,0.11,0.22163411,0.168668547
0.15,65,0.11,0.2273661,0.15772599
0.16,65,0.11,0.232930736,0.148088208
0.17,65,0.11,0.238340939,0.139537898
0.18,65,0.11,0.243607715,0.131906048
0.19,65,0.11,0.24874088,0.125055893
0.2,65,0.11,0.253749245,0.118873031
0.21,65,0.11,0.258640619,0.11326151
0.22,65,0.11,0.26342184,0.108142488
0.23,65,0.11,0.268098935,0.103452508
0.24,65,0.11,0.272677354,0.099140483
0.25,65,0.11,0.27716217,0.095164039
0.001,70,0.11,0.008666746,0.127644307
0.002,70,0.11,0.015316666,0.148911803
0.003,70,0.11,0.020927663,0.168210835
0.004,70,0.11,0.025927707,0.185994196
0.005,70,0.11,0.030533195,0.202592278
0.006,70,0.11,0.034864821,0.218247133
0.007,70,0.11,0.038994787,0.233134809
0.008,70,0.11,0.042968545,0.247380977
0.009,70,0.11,0.04681579,0.261072142
0.01,70,0.11,0.050556422,0.274264234
0.02,70,0.11,0.083687738,0.379633166
0.03,70,0.11,0.109690792,0.426745758
0.04,70,0.11,0.128677536,0.421509891
0.05,70,0.11,0.142437269,0.39015976
0.06,70,0.11,0.153055906,0.352235277
0.07,70,0.11,0.161872165,0.316087746
0.08,70,0.11,0.169609271,0.284252767
0.09,70,0.11,0.176654758,0.256971677
0.1,70,0.11,0.183224881,0.233746775
0.11,70,0.11,0.189446116,0.213957217
0.12,70,0.11,0.19539552,0.197037635
0.13,70,0.11,0.201121646,0.18249567
0.14,70,0.11,0.206656061,0.169905191
0.15,70,0.11,0.212020107,0.158909653
0.16,70,0.11,0.21722912,0.149225155
0.17,70,0.11,0.222295076,0.140632771
0.18,70,0.11,0.227228135,0.13296259
0.19,70,0.11,0.232037357,0.12607764
0.2,70,0.11,0.236730899,0.119863487
0.21,70,0.11,0.24131601,0.114223908
0.22,70,0.11,0.245799048,0.109079471
0.23,70,0.11,0.250185606,0.104366029
0.24,70,0.11,0.254480717,0.100031969
0.25,70,0.11,0.258689054,0.096034729
0.001,5,0.12,0.102986891,0.113039712
0.002,5,0.12,0.181707339,0.129488135
0.003,5,0.12,0.24723872,0.143449936
0.004,5,0.12,0.304351681,0.155226948
0.005,5,0.12,0.355397296,0.164983662
0.006,5,0.12,0.401643973,0.172805125
0.007,5,0.12,0.443827479,0.178740596
0.008,5,0.12,0.482408509,0.182836225
0.009,5,0.12,0.517705105,0.185157438
0.01,5,0.12,0.549964584,0.185801211
0.02,5,0.12,0.74997453,0.136169292
0.03,5,0.12,0.834716954,0.072649953
0.04,5,0.12,0.879350023,0.032762431
0.05,5,0.12,0.906625133,0.013496812
0.06,5,0.12,0.924633706,0.005721681
0.07,5,0.12,0.937108986,0.002640833
0.08,5,0.12,0.946093018,0.001334496
0.09,5,0.12,0.952791615,0.000731136
0.1,5,0.12,0.957942775,0.000428872
0.11,5,0.12,0.962011276,0.000266253
0.12,5,0.12,0.965298711,0.000173269
0.13,5,0.12,0.968006854,0.000117286
0.14,5,0.12,0.970274728,8.2068E-05
0.15,5,0.12,0.972200762,5.90705E-05
0.16,5,0.12,0.973856374,4.35617E-05
0.17,5,0.12,0.975294538,3.28086E-05
0.18,5,0.12,0.976555319,2.51677E-05
0.19,5,0.12,0.977669555,1.96215E-05
0.2,5,0.12,0.978661352,1.55194E-05
0.21,5,0.12,0.979549817,1.24334E-05
0.22,5,0.12,0.980350289,1.00771E-05
0.23,5,0.12,0.981075216,8.25224E-06
0.24,5,0.12,0.981734808,6.82164E-06
0.25,5,0.12,0.982337516,5.68647E-06
0.001,10,0.12,0.057163695,0.137043222
0.002,10,0.12,0.101324036,0.159253669
0.003,10,0.12,0.138685431,0.179274488
0.004,10,0.12,0.171950803,0.197576235
0.005,10,0.12,0.202475186,0.21447485
0.006,10,0.12,0.231003405,0.230175482
0.007,10,0.12,0.257970829,0.2448024
0.008,10,0.12,0.2836422,0.258420893
0.009,10,0.12,0.308182106,0.27105417
0.01,10,0.12,0.331693629,0.282697168
0.02,10,0.12,0.517464598,0.340645263
0.03,10,0.12,0.627927742,0.3138964
0.04,10,0.12,0.694282115,0.261494238
0.05,10,0.12,0.739623204,0.212351301
0.06,10,0.12,0.774292994,0.172128678
0.07,10,0.12,0.80270588,0.140099554
0.08,10,0.12,0.826907448,0.114543897
0.09,10,0.12,0.847944236,0.093920329
0.1,10,0.12,0.866410039,0.077033816
0.11,10,0.12,0.882680738,0.063017145
0.12,10,0.12,0.897019907,0.05124067
0.13,10,0.12,0.909627937,0.041249399
0.14,10,0.12,0.920666692,0.032717881
0.15,10,0.12,0.930273346,0.025411356
0.16,10,0.12,0.93856944,0.019167439
0.17,10,0.12,0.945668005,0.013884216
0.18,10,0.12,0.951679848,0.009520238
0.19,10,0.12,0.956718995,0.006105784
0.2,10,0.12,0.960906041,0.003696797
0.21,10,0.12,0.964367169,0.002196796
0.22,10,0.12,0.96722789,0.001331516
0.23,10,0.12,0.969604068,0.000838339
0.24,10,0.12,0.971594955,0.000550304
0.25,10,0.12,0.973280801,0.000375618
0.001,15,0.12,0.039206265,0.138990535
0.002,15,0.12,0.069483094,0.161820726
0.003,15,0.12,0.095127129,0.1824959
0.004,15,0.12,0.118014801,0.201507827
0.005,15,0.12,0.139091128,0.219201383
0.006,15,0.12,0.158879586,0.23581554
0.007,15,0.12,0.177689869,0.251510872
0.008,15,0.12,0.195713644,0.266388962
0.009,15,0.12,0.213072985,0.280506851
0.01,15,0.12,0.229846758,0.293888521
0.02,15,0.12,0.370788912,0.38339833
0.03,15,0.12,0.466439091,0.390799569
0.04,15,0.12,0.527984756,0.353405966
0.05,15,0.12,0.570611202,0.306879429
0.06,15,0.12,0.603424697,0.264438443
0.07,15,0.12,0.63075437,0.228768932
0.08,15,0.12,0.654675551,0.199387335
0.09,15,0.12,0.676250156,0.175199021
0.1,15,0.12,0.696059936,0.155161861
0.11,15,0.12,0.714445082,0.138391522
0.12,15,0.12,0.731619227,0.124188225
0.13,15,0.12,0.747728347,0.112026623
0.14,15,0.12,0.762881074,0.101508486
0.15,15,0.12,0.777163477,0.092322425
0.16,15,0.12,0.790646296,0.084227089
0.17,15,0.12,0.803389244,0.077038969
0.18,15,0.12,0.815443965,0.070614743
0.19,15,0.12,0.826855803,0.06483702
0.2,15,0.12,0.837664716,0.059609514
0.21,15,0.12,0.847905974,0.054855565
0.22,15,0.12,0.857610968,0.050513612
0.23,15,0.12,0.866807924,0.046531453
0.24,15,0.12,0.8755223,0.042863835
0.25,15,0.12,0.883777019,0.039472963
0.001,20,0.12,0.029771316,0.13809432
0.002,20,0.12,0.052737875,0.160888939
0.003,20,0.12,0.072184296,0.181553986
0.004,20,0.12,0.089546311,0.200581111
0.005,20,0.12,0.105548199,0.2183207
0.006,20,0.12,0.120592313,0.235021053
0.007,20,0.12,0.134917789,0.250854718
0.008,20,0.12,0.148673667,0.26593684
0.009,20,0.12,0.161955855,0.28033861
0.01,20,0.12,0.17482723,0.294097805
0.02,20,0.12,0.285475217,0.393996266
0.03,20,0.12,0.365004512,0.418001886
0.04,20,0.12,0.41828205,0.390997571
0.05,20,0.12,0.455490208,0.347984561
0.06,20,0.12,0.48405696,0.305619776
0.07,20,0.12,0.507815345,0.268700354
0.08,20,0.12,0.52865762,0.237680828
0.09,20,0.12,0.54756222,0.211814571
0.1,20,0.12,0.565066302,0.190205458
0.11,20,0.12,0.581481396,0.172044184
0.12,20,0.12,0.596997705,0.156640099
0.13,20,0.12,0.611738332,0.143437723
0.14,20,0.12,0.625789184,0.132013004
0.15,20,0.12,0.639215503,0.122042376
0.16,20,0.12,0.652070262,0.113269775
0.17,20,0.12,0.664397964,0.105489512
0.18,20,0.12,0.676236548,0.098539763
0.19,20,0.12,0.687618867,0.092295132
0.2,20,0.12,0.698574033,0.086655844
0.21,20,0.12,0.709128312,0.081538556
0.22,20,0.12,0.719305486,0.076872432
0.23,20,0.12,0.729126919,0.072598687
0.24,20,0.12,0.73861172,0.068669805
0.25,20,0.12,0.747777111,0.065046819
0.001,25,0.12,0.023979289,0.136884421
0.002,25,0.12,0.042460789,0.1595404
0.003,25,0.12,0.058102528,0.180088664
0.004,25,0.12,0.072066867,0.199017269
0.005,25,0.12,0.084940669,0.216676923
0.006,25,0.12,0.097050424,0.233318992
0.007,25,0.12,0.108590629,0.249121013
0.008,25,0.12,0.119682943,0.264204448
0.009,25,0.12,0.130406072,0.278647549
0.01,25,0.12,0.140812019,0.292495424
0.02,25,0.12,0.231296097,0.396909661
0.03,25,0.12,0.298381354,0.430107883
0.04,25,0.12,0.344484891,0.409994619
0.05,25,0.12,0.376901774,0.369838573
0.06,25,0.12,0.401737627,0.327988399
0.07,25,0.12,0.422340036,0.290565219
0.08,25,0.12,0.44039963,0.258685768
0.09,25,0.12,0.456797852,0.231873706
0.1,25,0.12,0.472020223,0.209335304
0.11,25,0.12,0.486348383,0.190316298
0.12,25,0.12,0.499953264,0.174155127
0.13,25,0.12,0.512943412,0.160294711
0.14,25,0.12,0.525391837,0.148292673
0.15,25,0.12,0.537351586,0.137810748
0.16,25,0.12,0.548864542,0.128587165
0.17,25,0.12,0.559965805,0.12041168
0.18,25,0.12,0.570685523,0.113113148
0.19,25,0.12,0.581049725,0.106554902
0.2,25,0.12,0.591081071,0.100629779
0.21,25,0.12,0.600799706,0.095252483
0.22,25,0.12,0.610223964,0.090352019
0.23,25,0.12,0.619370711,0.085867307
0.24,25,0.12,0.62825537,0.081746091
0.25,25,0.12,0.636891866,0.077944962
0.001,30,0.12,0.02006843,0.135802071
0.002,30,0.12,0.035524414,0.158318787
0.003,30,0.12,0.04860011,0.178745368
0.004,30,0.12,0.060271904,0.197566309
0.005,30,0.12,0.071033007,0.215131197
0.006,30,0.12,0.081158047,0.231692505
0.007,30,0.12,0.090810853,0.247430151
0.008,30,0.12,0.100094124,0.262469068
0.009,30,0.12,0.109074515,0.276891639
0.01,30,0.12,0.117796271,0.290747306
0.02,30,0.12,0.194152801,0.39750165
0.03,30,0.12,0.251862277,0.436409387
0.04,30,0.12,0.292218442,0.421086411
0.05,30,0.12,0.320749937,0.383151001
0.06,30,0.12,0.34257987,0.341863099
0.07,30,0.12,0.360648968,0.304229308
0.08,30,0.12,0.376469124,0.271843376
0.09,30,0.12,0.39083373,0.244438801
0.1,30,0.12,0.404180998,0.221300998
0.11,30,0.12,0.41676543,0.201713442
0.12,30,0.12,0.428741318,0.185039197
0.13,30,0.12,0.440205967,0.170729377
0.14,30,0.12,0.451223654,0.158334206
0.15,30,0.12,0.461839707,0.147503505
0.16,30,0.12,0.472088863,0.137968283
0.17,30,0.12,0.481999845,0.129515882
0.18,30,0.12,0.491597442,0.121972607
0.19,30,0.12,0.500903253,0.115196365
0.2,30,0.12,0.509936071,0.109073439
0.21,30,0.12,0.51871237,0.103514004
0.22,30,0.12,0.527246916,0.098445696
0.23,30,0.12,0.535553271,0.093807638
0.24,30,0.12,0.543644036,0.089547036
0.25,30,0.12,0.551530843,0.085618299
0.001,35,0.12,0.017251946,0.134899533
0.002,35,0.12,0.030531124,0.157294531
0.003,35,0.12,0.041761372,0.177613701
0.004,35,0.12,0.051784358,0.196338146
0.005,35,0.12,0.061025382,0.213816211
0.006,35,0.12,0.069721394,0.230300611
0.007,35,0.12,0.078013876,0.245972607
0.008,35,0.12,0.085991648,0.26095921
0.009,35,0.12,0.093712477,0.275345401
0.01,35,0.12,0.101214833,0.289183548
0.02,35,0.12,0.167190604,0.397300603
0.03,35,0.12,0.217707546,0.440060159
0.04,35,0.12,0.253479701,0.428228809
0.05,35,0.12,0.278882483,0.392034
0.06,35,0.12,0.298302312,0.351262486
0.07,35,0.12,0.314348467,0.313547048
0.08,35,0.12,0.328381689,0.280837233
0.09,35,0.12,0.341119787,0.253031458
0.1,35,0.12,0.352960081,0.229478968
0.11,35,0.12,0.36413359,0.209491028
0.12,35,0.12,0.374780391,0.192449273
0.13,35,0.12,0.384988583,0.177814454
0.14,35,0.12,0.394815823,0.165135142
0.15,35,0.12,0.404302014,0.154053296
0.16,35,0.12,0.413477005,0.144293094
0.17,35,0.12,0.422365064,0.135638955
0.18,35,0.12,0.430987092,0.127916086
0.19,35,0.12,0.439361459,0.120980194
0.2,35,0.12,0.447504257,0.114713641
0.21,35,0.12,0.455429545,0.10902254
0.22,35,0.12,0.463149764,0.103832088
0.23,35,0.12,0.47067621,0.099080864
0.24,35,0.12,0.478019376,0.094716301
0.25,35,0.12,0.485189078,0.090692478
0.001,40,0.12,0.015127622,0.134153686
0.002,40,0.12,0.026766308,0.156445845
0.003,40,0.12,0.03660638,0.176673814
0.004,40,0.12,0.045387432,0.195315709
0.005,40,0.12,0.053483279,0.212718868
0.006,40,0.12,0.061102264,0.229135771
0.007,40,0.12,0.068368877,0.244748548
0.008,40,0.12,0.075361343,0.259685528
0.009,40,0.12,0.082130623,0.274033538
0.01,40,0.12,0.088710724,0.287846948
0.02,40,0.12,0.146759526,0.396827522
0.03,40,0.12,0.19162543,0.442347199
0.04,40,0.12,0.223697155,0.433162104
0.05,40,0.12,0.246554552,0.398355392
0.06,40,0.12,0.264019165,0.358035466
0.07,40,0.12,0.278429813,0.320298412
0.08,40,0.12,0.291020411,0.287367933
0.09,40,0.12,0.302444651,0.2592743
0.1,40,0.12,0.313064989,0.235419264
0.11,40,0.12,0.323092381,0.215135735
0.12,40,0.12,0.332654795,0.197819328
0.13,40,0.12,0.341832623,0.182939495
0.14,40,0.12,0.350678214,0.170045671
0.15,40,0.12,0.359227358,0.158774851
0.16,40,0.12,0.367506345,0.148845552
0.17,40,0.12,0.375536203,0.140039065
0.18,40,0.12,0.383334941,0.132179638
0.19,40,0.12,0.390918467,0.125122043
0.2,40,0.12,0.398300827,0.11874647
0.21,40,0.12,0.405494326,0.112956123
0.22,40,0.12,0.41250978,0.107673788
0.23,40,0.12,0.419356895,0.102836952
0.24,40,0.12,0.426044628,0.09839301
0.25,40,0.12,0.432581386,0.094296174
0.001,45,0.12,0.013468543,0.133537123
0.002,45,0.12,0.023826915,0.155742972
0.003,45,0.12,0.032582454,0.175894039
0.004,45,0.12,0.040394754,0.19446623
0.005,45,0.12,0.047597251,0.211805608
0.006,45,0.12,0.054375841,0.228164582
0.007,45,0.12,0.060841654,0.243725688
0.008,45,0.12,0.067064575,0.258618277
0.009,45,0.12,0.073090181,0.272930363
0.01,45,0.12,0.07894894,0.286717914
0.02,45,0.12,0.130755759,0.396277868
0.03,45,0.12,0.171081053,0.443863672
0.04,45,0.12,0.200119492,0.436746975
0.05,45,0.12,0.220876965,0.403067819
0.06,45,0.12,0.2367316,0.363138539
0.07,45,0.12,0.249799277,0.325410003
0.08,45,0.12,0.261207041,0.292322813
0.09,45,0.12,0.271554095,0.264014341
0.1,45,0.12,0.281173152,0.239930067
0.11,45,0.12,0.290258018,0.219420388
0.12,45,0.12,0.298926314,0.201891715
0.13,45,0.12,0.307251902,0.186820956
0.14,45,0.12,0.315282735,0.173759455
0.15,45,0.12,0.323051335,0.162341202
0.16,45,0.12,0.330581265,0.152280256
0.17,45,0.12,0.337891104,0.143354948
0.18,45,0.12,0.344996653,0.135388493
0.19,45,0.12,0.351911897,0.128235167
0.2,45,0.12,0.358649273,0.121773957
0.21,45,0.12,0.365219726,0.115906044
0.22,45,0.12,0.371632855,0.1105522
0.23,45,0.12,0.377897204,0.105648666
0.24,45,0.12,0.384020586,0.101142519
0.25,45,0.12,0.390010324,0.096988106
0.001,50,0.12,0.01213711,0.133021619
0.002,50,0.12,0.021468618,0.155154749
0.003,50,0.12,0.029354617,0.175240892
0.004,50,0.12,0.036390315,0.193754053
0.005,50,0.12,0.042876635,0.211039246
0.006,50,0.12,0.048981391,0.227348687
0.007,50,0.12,0.054804938,0.242865179
0.008,50,0.12,0.060410423,0.257718813
0.009,50,0.12,0.065839065,0.27199858
0.01,50,0.12,0.071118454,0.285761545
0.02,50,0.12,0.117886833,0.395729989
0.03,50,0.12,0.154491401,0.444917903
0.04,50,0.12,0.181005803,0.439460239
0.05,50,0.12,0.200006493,0.406712619
0.06,50,0.12,0.214515994,0.367120618
0.07,50,0.12,0.226464162,0.329414733
0.08,50,0.12,0.236887257,0.29621128
0.09,50,0.12,0.246337872,0.267736216
0.1,50,0.12,0.255123205,0.243472018
0.11,50,0.12,0.263422317,0.222783612
0.12,50,0.12,0.271343935,0.205085994
0.13,50,0.12,0.278956328,0.18986231
0.14,50,0.12,0.286303735,0.176666153
0.15,50,0.12,0.293415993,0.165129672
0.16,50,0.12,0.300314496,0.154963432
0.17,50,0.12,0.307015909,0.145943098
0.18,50,0.12,0.313534298,0.137890792
0.19,50,0.12,0.319882119,0.130660436
0.2,50,0.12,0.326070507,0.124130292
0.21,50,0.12,0.332109315,0.118200174
0.22,50,0.12,0.338007188,0.112789233
0.23,50,0.12,0.343771773,0.107832502
0.24,50,0.12,0.349410013,0.103276594
0.25,50,0.12,0.354928384,0.099075879
0.001,55,0.12,0.011045149,0.132584071
0.002,55,0.12,0.019534889,0.154655024
0.003,55,0.12,0.026708293,0.174685799
0.004,55,0.12,0.033107635,0.193148374
0.005,55,0.12,0.03900711,0.210387138
0.006,55,0.12,0.044559651,0.226653917
0.007,55,0.12,0.049856743,0.242131792
0.008,55,0.12,0.05495598,0.256951334
0.009,55,0.12,0.05989498,0.271202285
0.01,55,0.12,0.064698951,0.284942686
0.02,55,0.12,0.107317049,0.395209731
0.03,55,0.12,0.140820826,0.445674609
0.04,55,0.12,0.165205956,0.441576176
0.05,55,0.12,0.182717879,0.409610287
0.06,55,0.12,0.196088508,0.370311168
0.07,55,0.12,0.207090593,0.332634933
0.08,55,0.12,0.216682567,0.299342932
0.09,55,0.12,0.225376837,0.270735511
0.1,55,0.12,0.233458544,0.246326749
0.11,55,0.12,0.241093989,0.22549389
0.12,55,0.12,0.248384193,0.207658915
0.13,55,0.12,0.255392592,0.192310222
0.14,55,0.12,0.26216024,0.179003659
0.15,55,0.12,0.268714719,0.167370307
0.16,55,0.12,0.275075647,0.157117988
0.17,55,0.12,0.281258148,0.148020007
0.18,55,0.12,0.287274897,0.139897406
0.19,55,0.12,0.293137108,0.132603784
0.2,55,0.12,0.298854848,0.12601698
0.21,55,0.12,0.30443707,0.120035838
0.22,55,0.12,0.309891641,0.114578225
0.23,55,0.12,0.315225499,0.109578122
0.24,55,0.12,0.320444896,0.104981577
0.25,55,0.12,0.325555639,0.100742916
0.001,60,0.12,0.010133342,0.132210026
0.002,60,0.12,0.017920499,0.154227634
0.003,60,0.12,0.024499293,0.174210741
0.004,60,0.12,0.030367712,0.192629848
0.005,60,0.12,0.035777577,0.209828538
0.006,60,0.12,0.040869367,0.226058438
0.007,60,0.12,0.045727135,0.241502721
0.008,60,0.12,0.050403816,0.256292383
0.009,60,0.12,0.054934008,0.270517852
0.01,60,0.12,0.05934091,0.284237753
0.02,60,0.12,0.098482223,0.394729884
0.03,60,0.12,0.12936418,0.446235431
0.04,60,0.12,0.151931039,0.443270075
0.05,60,0.12,0.168166695,0.411968689
0.06,60,0.12,0.180561656,0.372925195
0.07,60,0.12,0.190754486,0.33528127
0.08,60,0.12,0.199636302,0.301920016
0.09,60,0.12,0.207684578,0.273204951
0.1,60,0.12,0.215165245,0.248677455
0.11,60,0.12,0.222233477,0.227725386
0.12,60,0.12,0.228983569,0.209776517
0.13,60,0.12,0.235474741,0.194323648
0.14,60,0.12,0.241745292,0.180924827
0.15,60,0.12,0.247820871,0.169210517
0.16,60,0.12,0.25371961,0.158886365
0.17,60,0.12,0.259455368,0.149723652
0.18,60,0.12,0.265039678,0.141542348
0.19,60,0.12,0.270482729,0.134195759
0.2,60,0.12,0.275793699,0.127561456
0.21,60,0.12,0.280980786,0.121537584
0.22,60,0.12,0.28605121,0.116041014
0.23,60,0.12,0.291011326,0.111004797
0.24,60,0.12,0.29586683,0.106374428
0.25,60,0.12,0.300622985,0.102104111
0.001,65,0.12,0.009360529,0.131887147
0.002,65,0.12,0.016552426,0.15385853
0.003,65,0.12,0.022627561,0.173800247
0.004,65,0.12,0.028046319,0.192181603
0.005,65,0.12,0.033041525,0.209345503
0.006,65,0.12,0.037743074,0.225543255
0.007,65,0.12,0.042228706,0.240958212
0.008,65,0.12,0.046547393,0.255721623
0.009,65,0.12,0.050731159,0.269924416
0.01,65,0.12,0.054801491,0.283625861
0.02,65,0.12,0.090988544,0.394291911
0.03,65,0.12,0.119625799,0.446661147
0.04,65,0.12,0.140623106,0.444654195
0.05,65,0.12,0.155753373,0.413923949
0.06,65,0.12,0.167303703,0.375104723
0.07,65,0.12,0.176796879,0.337493346
0.08,65,0.12,0.185065291,0.304076454
0.09,65,0.12,0.192555815,0.275271958
0.1,65,0.12,0.199517525,0.250645068
0.11,65,0.12,0.206095819,0.229592887
0.12,65,0.12,0.212379081,0.211548063
0.13,65,0.12,0.218422829,0.196007187
0.14,65,0.12,0.224262943,0.182530287
0.15,65,0.12,0.229923406,0.170747542
0.16,65,0.12,0.23542108,0.160362821
0.17,65,0.12,0.240768761,0.151145619
0.18,65,0.12,0.245977034,0.142914922
0.19,65,0.12,0.25105523,0.135523706
0.2,65,0.12,0.256011774,0.128849348
0.21,65,0.12,0.260854222,0.122789476
0.22,65,0.12,0.265589246,0.117260163
0.23,65,0.12,0.270222713,0.11219364
0.24,65,0.12,0.274759859,0.107534893
0.25,65,0.12,0.279205497,0.103237934
0.001,70,0.12,0.008697193,0.131605815
0.002,70,0.12,0.015378323,0.153536729
0.003,70,0.12,0.02102138,0.173442246
0.004,70,0.12,0.026054426,0.191790621
0.005,70,0.12,0.030693953,0.208923955
0.006,70,0.12,0.035060756,0.225093497
0.007,70,0.12,0.039227141,0.240482555
0.008,70,0.12,0.043238671,0.255222761
0.009,70,0.12,0.04712515,0.269405341
0.01,70,0.12,0.05090659,0.283090146
0.02,70,0.12,0.084552735,0.393893063
0.03,70,0.12,0.111247196,0.446989871
0.04,70,0.12,0.13087664,0.44580355
0.05,70,0.12,0.145040739,0.415569116
0.06,70,0.12,0.155853081,0.376948069
0.07,70,0.12,0.164735615,0.339368781
0.08,70,0.12,0.172469107,0.305906962
0.09,70,0.12,0.17947343,0.277027694
0.1,70,0.12,0.185982764,0.252317011
0.11,70,0.12,0.192133859,0.231180083
0.12,70,0.12,0.198009868,0.213053729
0.13,70,0.12,0.203663031,0.197437755
0.14,70,0.12,0.209127098,0.183894033
0.15,70,0.12,0.214424587,0.172052629
0.16,70,0.12,0.219571266,0.161616004
0.17,70,0.12,0.224579028,0.152352106
0.18,70,0.12,0.229457652,0.144078993
0.19,70,0.12,0.234215743,0.13664935
0.2,70,0.12,0.238861085,0.129940404
0.21,70,0.12,0.243400681,0.12384942
0.22,70,0.12,0.247840732,0.118291833
0.23,70,0.12,0.252186689,0.113199184
0.24,70,0.12,0.256443402,0.108515976
0.25,70,0.12,0.260615309,0.104196042
0.001,5,0.13,0.103150106,0.114803672
0.002,5,0.13,0.182034633,0.131522586
0.003,5,0.13,0.247730743,0.145725485
0.004,5,0.13,0.305008441,0.15771981
0.005,5,0.13,0.356217641,0.167672733
0.006,5,0.13,0.402625043,0.175669861
0.007,5,0.13,0.444964201,0.181759563
0.008,5,0.13,0.483693229,0.18598628
0.009,5,0.13,0.519127438,0.188413517
0.01,5,0.13,0.551511553,0.189136694
0.02,5,0.13,0.751889185,0.139069887
0.03,5,0.13,0.836127311,0.074462327
0.04,5,0.13,0.880222274,0.033786856
0.05,5,0.13,0.90711998,0.014049991
0.06,5,0.13,0.924904202,0.006015899
0.07,5,0.13,0.93725727,0.002799486
0.08,5,0.13,0.94617674,0.001423107
0.09,5,0.13,0.952840899,0.000782899
0.1,5,0.13,0.957973098,0.00046054
0.11,5,0.13,0.96203073,0.00028648
0.12,5,0.13,0.96531167,0.000186696
0.13,5,0.13,0.968015778,0.000126506
0.14,5,0.13,0.970281054,8.85884E-05
0.15,5,0.13,0.972205361,6.38013E-05
0.16,5,0.13,0.973859793,4.70726E-05
0.17,5,0.13,0.975297129,3.54653E-05
0.18,5,0.13,0.976557317,2.72137E-05
0.19,5,0.13,0.977671119,2.12213E-05
0.2,5,0.13,0.978662594,1.67885E-05
0.21,5,0.13,0.979550815,1.34523E-05
0.22,5,0.13,0.9803511,1.09044E-05
0.23,5,0.13,0.981075881,8.93007E-06
0.24,5,0.13,0.981735359,7.3829E-06
0.25,5,0.13,0.982337977,6.15576E-06
0.001,10,0.13,0.057317829,0.140109101
0.002,10,0.13,0.101637009,0.16283441
0.003,10,0.13,0.139162579,0.183331788
0.004,10,0.13,0.172598087,0.202084338
0.005,10,0.13,0.203299164,0.219417187
0.006,10,0.13,0.232011175,0.235542216
0.007,10,0.13,0.25916993,0.250588495
0.008,10,0.13,0.285040475,0.264624548
0.009,10,0.13,0.309787515,0.277675455
0.01,10,0.13,0.333514013,0.289736801
0.02,10,0.13,0.521625176,0.351424472
0.03,10,0.13,0.633597711,0.325760428
0.04,10,0.13,0.700239255,0.272318221
0.05,10,0.13,0.745261035,0.221592536
0.06,10,0.13,0.77938731,0.17984048
0.07,10,0.13,0.807193885,0.146473959
0.08,10,0.13,0.83079509,0.11978384
0.09,10,0.13,0.851267442,0.098207548
0.1,10,0.13,0.869216749,0.080522835
0.11,10,0.13,0.885022158,0.065836929
0.12,10,0.13,0.898946594,0.053498604
0.13,10,0.13,0.911188412,0.043035671
0.14,10,0.13,0.9219072,0.034109367
0.15,10,0.13,0.931238065,0.026474736
0.16,10,0.13,0.93930078,0.019961582
0.17,10,0.13,0.946206721,0.014461792
0.18,10,0.13,0.952064752,0.009928536
0.19,10,0.13,0.95698611,0.006386688
0.2,10,0.13,0.961087202,0.003886026
0.21,10,0.13,0.964488565,0.002322954
0.22,10,0.13,0.967309327,0.001415825
0.23,10,0.13,0.969659388,0.000895441
0.24,10,0.13,0.971633288,0.00058978
0.25,10,0.13,0.973307984,0.000403558
0.001,15,0.13,0.039325568,0.142456435
0.002,15,0.13,0.069725269,0.165870113
0.003,15,0.13,0.095496199,0.187083695
0.004,15,0.13,0.118515268,0.206603078
0.005,15,0.13,0.139727984,0.224783736
0.006,15,0.13,0.159658318,0.241872763
0.007,15,0.13,0.178616456,0.258037038
0.008,15,0.13,0.19679453,0.273382967
0.009,15,0.13,0.214315045,0.287971271
0.01,15,0.13,0.231257232,0.301828577
0.02,15,0.13,0.374268141,0.396379191
0.03,15,0.13,0.472022749,0.407448579
0.04,15,0.13,0.534735681,0.370710901
0.05,15,0.13,0.57771344,0.323145792
0.06,15,0.13,0.610456408,0.27917295
0.07,15,0.13,0.637522201,0.241953304
0.08,15,0.13,0.661096486,0.211150701
0.09,15,0.13,0.682295454,0.185704642
0.1,15,0.13,0.701728573,0.164569375
0.11,15,0.13,0.719750132,0.14684455
0.12,15,0.13,0.736580181,0.131811106
0.13,15,0.13,0.752366609,0.118924677
0.14,15,0.13,0.7672176,0.107769908
0.15,15,0.13,0.781217881,0.09802099
0.16,15,0.13,0.794436657,0.089424877
0.17,15,0.13,0.806932073,0.081788553
0.18,15,0.13,0.818754213,0.074960842
0.19,15,0.13,0.829947001,0.06881791
0.2,15,0.13,0.8405492,0.063258261
0.21,15,0.13,0.850595069,0.058200991
0.22,15,0.13,0.860115076,0.05358097
0.23,15,0.13,0.869136597,0.049342952
0.24,15,0.13,0.877684357,0.045439133
0.25,15,0.13,0.885780664,0.041829593
0.001,20,0.13,0.029865414,0.141691487
0.002,20,0.13,0.052928744,0.16509043
0.003,20,0.13,0.072474938,0.186311381
0.004,20,0.13,0.089940076,0.205860466
0.005,20,0.13,0.1060488,0.224099032
0.006,20,0.13,0.121203837,0.241283849
0.007,20,0.13,0.135644704,0.257594118
0.008,20,0.13,0.14952082,0.273150237
0.009,20,0.13,0.162928466,0.288027566
0.01,20,0.13,0.175930866,0.302267087
0.02,20,0.13,0.288226146,0.407429252
0.03,20,0.13,0.369674559,0.436144499
0.04,20,0.13,0.424283405,0.410955086
0.05,20,0.13,0.462081928,0.367492196
0.06,20,0.13,0.490789968,0.323780342
0.07,20,0.13,0.514462998,0.285308517
0.08,20,0.13,0.535110194,0.252787443
0.09,20,0.13,0.553769666,0.225552322
0.1,20,0.13,0.571010221,0.202725201
0.11,20,0.13,0.587160737,0.183491564
0.12,20,0.13,0.602420845,0.167147042
0.13,20,0.13,0.616918271,0.153119865
0.14,20,0.13,0.630740475,0.140969576
0.15,20,0.13,0.643952457,0.130357354
0.16,20,0.13,0.656606201,0.121013916
0.17,20,0.13,0.668745142,0.112722767
0.18,20,0.13,0.680406251,0.105313406
0.19,20,0.13,0.691621437,0.098653288
0.2,20,0.13,0.702418824,0.092636548
0.21,20,0.13,0.712823723,0.087174672
0.22,20,0.13,0.72285911,0.082192564
0.23,20,0.13,0.732545742,0.077628024
0.24,20,0.13,0.74190224,0.073430735
0.25,20,0.13,0.750945353,0.069559294
0.001,25,0.13,0.024056101,0.140526163
0.002,25,0.13,0.042616517,0.163793098
0.003,25,0.13,0.058339526,0.1849022
0.004,25,0.13,0.072387758,0.204356114
0.005,25,0.13,0.085348356,0.222516568
0.006,25,0.13,0.097548101,0.239643483
0.007,25,0.13,0.109181793,0.255921189
0.008,25,0.13,0.120371395,0.271476529
0.009,25,0.13,0.131195918,0.286392086
0.01,25,0.13,0.141707657,0.30071637
0.02,25,0.13,0.233530155,0.410402224
0.03,25,0.13,0.302273355,0.448761801
0.04,25,0.13,0.349659856,0.43117602
0.05,25,0.13,0.382728831,0.391016843
0.06,25,0.13,0.407790855,0.347998017
0.07,25,0.13,0.428392547,0.309060174
0.08,25,0.13,0.446336379,0.275653315
0.09,25,0.13,0.462562248,0.247418893
0.1,25,0.13,0.47758713,0.22359795
0.11,25,0.13,0.491710279,0.203439303
0.12,25,0.13,0.505112669,0.186272143
0.13,25,0.13,0.517908371,0.17152561
0.14,25,0.13,0.530172978,0.158742301
0.15,25,0.13,0.54196017,0.147569157
0.16,25,0.13,0.553311337,0.137730761
0.17,25,0.13,0.564260683,0.129005118
0.18,25,0.13,0.574837504,0.121211522
0.19,25,0.13,0.58506714,0.114205693
0.2,25,0.13,0.594971619,0.107874222
0.21,25,0.13,0.604570403,0.10212643
0.22,25,0.13,0.613881098,0.096886609
0.23,25,0.13,0.622919906,0.092089678
0.24,25,0.13,0.631701743,0.087680144
0.25,25,0.13,0.640240181,0.083612013
0.001,30,0.13,0.020132999,0.139456448
0.002,30,0.13,0.035655274,0.162585644
0.003,30,0.13,0.048799188,0.183573798
0.004,30,0.13,0.060541341,0.202919859
0.005,30,0.13,0.071375172,0.220984467
0.006,30,0.13,0.081575545,0.23802865
0.007,30,0.13,0.091306538,0.254239166
0.008,30,0.13,0.100671097,0.269746324
0.009,30,0.13,0.109736132,0.284636924
0.01,30,0.13,0.118546138,0.29896394
0.02,30,0.13,0.196021346,0.410951339
0.03,30,0.13,0.25516467,0.455243443
0.04,30,0.13,0.296706072,0.442910187
0.05,30,0.13,0.32588733,0.405304677
0.06,30,0.13,0.347975595,0.362997804
0.07,30,0.13,0.366086568,0.323893519
0.08,30,0.13,0.38183592,0.289974275
0.09,30,0.13,0.396072286,0.261118688
0.1,30,0.13,0.409263853,0.236659701
0.11,30,0.13,0.421682071,0.215890226
0.12,30,0.13,0.433491082,0.198167525
0.13,30,0.13,0.444793866,0.182930911
0.14,30,0.13,0.45565768,0.169716774
0.15,30,0.13,0.466128987,0.158160804
0.16,30,0.13,0.476242452,0.147980492
0.17,30,0.13,0.486026118,0.138951029
0.18,30,0.13,0.495503979,0.130888495
0.19,30,0.13,0.504696985,0.123642619
0.2,30,0.13,0.513623431,0.117093176
0.21,30,0.13,0.522299326,0.111144931
0.22,30,0.13,0.53073891,0.10572078
0.23,30,0.13,0.53895517,0.100755636
0.24,30,0.13,0.546960171,0.096193086
0.25,30,0.13,0.554765134,0.091984589
0.001,35,0.13,0.017307499,0.138554023
0.002,35,0.13,0.030643686,0.161561239
0.003,35,0.13,0.041932568,0.182441195
0.004,35,0.13,0.052015992,0.201689426
0.005,35,0.13,0.061319451,0.219665346
0.006,35,0.13,0.07008009,0.236630145
0.007,35,0.13,0.078439601,0.252771932
0.008,35,0.13,0.086487014,0.268223129
0.009,35,0.13,0.094280314,0.283073169
0.01,35,0.13,0.101858183,0.297377962
0.02,35,0.13,0.168791719,0.410681971
0.03,35,0.13,0.220562881,0.458947213
0.04,35,0.13,0.257418759,0.450423391
0.05,35,0.13,0.28344581,0.414811717
0.06,35,0.13,0.303132809,0.373143877
0.07,35,0.13,0.319243047,0.333999704
0.08,35,0.13,0.333232757,0.299758594
0.09,35,0.13,0.345871339,0.27048528
0.1,35,0.13,0.357584268,0.24558657
0.11,35,0.13,0.368618572,0.224388158
0.12,35,0.13,0.379123723,0.206268574
0.13,35,0.13,0.389193359,0.190678332
0.14,35,0.13,0.39888822,0.177153133
0.15,35,0.13,0.408249593,0.165321399
0.16,35,0.13,0.417307543,0.154894067
0.17,35,0.13,0.426085865,0.145643302
0.18,35,0.13,0.434604754,0.1373837
0.19,35,0.13,0.442881943,0.129962304
0.2,35,0.13,0.450933058,0.123254635
0.21,35,0.13,0.458771797,0.117161302
0.22,35,0.13,0.466410226,0.111602798
0.23,35,0.13,0.473859193,0.106513481
0.24,35,0.13,0.481128715,0.101837025
0.25,35,0.13,0.488228178,0.097524296
0.001,40,0.13,0.015176304,0.137803491
0.002,40,0.13,0.026864932,0.160706923
0.003,40,0.13,0.036756348,0.181494378
0.004,40,0.13,0.045590303,0.200658485
0.005,40,0.13,0.053740773,0.218557475
0.006,40,0.13,0.061416273,0.235452389
0.007,40,0.13,0.06874147,0.251532111
0.008,40,0.13,0.075794774,0.266930446
0.009,40,0.13,0.082627332,0.281738629
0.01,40,0.13,0.089273338,0.296014627
0.02,40,0.13,0.148158076,0.410138638
0.03,40,0.13,0.194134779,0.461234841
0.04,40,0.13,0.227197317,0.455586616
0.05,40,0.13,0.250646001,0.421560398
0.06,40,0.13,0.26837584,0.380444896
0.07,40,0.13,0.282862154,0.341316322
0.08,40,0.13,0.295426691,0.306859705
0.09,40,0.13,0.306771179,0.277288457
0.1,40,0.13,0.31728441,0.252069973
0.11,40,0.13,0.327192364,0.230555584
0.12,40,0.13,0.336631881,0.21213997
0.13,40,0.13,0.345688654,0.196283603
0.14,40,0.13,0.354418077,0.182523807
0.15,40,0.13,0.362857439,0.170484556
0.16,40,0.13,0.371033427,0.159871409
0.17,40,0.13,0.378966765,0.15045344
0.18,40,0.13,0.386674851,0.142044062
0.19,40,0.13,0.394172983,0.134489029
0.2,40,0.13,0.401474751,0.12766138
0.21,40,0.13,0.408592139,0.121458659
0.22,40,0.13,0.415535675,0.115798939
0.23,40,0.13,0.422314727,0.110615544
0.24,40,0.13,0.428937853,0.105852083
0.25,40,0.13,0.435413057,0.10145942
0.001,45,0.13,0.013511835,0.137180656
0.002,45,0.13,0.023914607,0.159996541
0.003,45,0.13,0.032715781,0.180705783
0.004,45,0.13,0.040575084,0.199798558
0.005,45,0.13,0.047826095,0.217631878
0.006,45,0.13,0.054654861,0.234466691
0.007,45,0.13,0.061172667,0.250492259
0.008,45,0.13,0.06744956,0.265843391
0.009,45,0.13,0.073531281,0.28061251
0.01,45,0.13,0.079448463,0.294859191
0.02,45,0.13,0.131996203,0.409523973
0.03,45,0.13,0.173316463,0.462729743
0.04,45,0.13,0.203263891,0.459322016
0.05,45,0.13,0.224578469,0.426580733
0.06,45,0.13,0.240691362,0.385939484
0.07,45,0.13,0.253840442,0.34685202
0.08,45,0.13,0.265233752,0.312244981
0.09,45,0.13,0.275515256,0.282452525
0.1,45,0.13,0.285042296,0.256992393
0.11,45,0.13,0.294022761,0.235236676
0.12,45,0.13,0.302582621,0.216592612
0.13,45,0.13,0.310800773,0.200529169
0.14,45,0.13,0.318728118,0.186586199
0.15,45,0.13,0.326398711,0.174385087
0.16,45,0.13,0.333836627,0.163627207
0.17,45,0.13,0.341060267,0.154078752
0.18,45,0.13,0.348084911,0.14555199
0.19,45,0.13,0.354923973,0.13789193
0.2,45,0.13,0.361589439,0.130970132
0.21,45,0.13,0.368091951,0.124681948
0.22,45,0.13,0.374440871,0.118943408
0.23,45,0.13,0.380644478,0.113686618
0.24,45,0.13,0.386710261,0.108854906
0.25,45,0.13,0.392645181,0.104399209
0.001,50,0.13,0.01217607,0.136658607
0.002,50,0.13,0.021547526,0.159400525
0.003,50,0.13,0.029474574,0.180043489
0.004,50,0.13,0.036552541,0.199075743
0.005,50,0.13,0.043082478,0.216853227
0.006,50,0.13,0.049232329,0.233636553
0.007,50,0.13,0.055102591,0.249615347
0.008,50,0.13,0.060756554,0.26492511
0.009,50,0.13,0.066235583,0.279659235
0.01,50,0.13,0.071567418,0.293878434
0.02,50,0.13,0.11900073,0.408918056
0.03,50,0.13,0.156505325,0.463753611
0.04,50,0.13,0.183857457,0.4621382
0.05,50,0.13,0.203382406,0.430456545
0.06,50,0.13,0.218140969,0.390222756
0.07,50,0.13,0.230172931,0.351186356
0.08,50,0.13,0.240589529,0.316469553
0.09,50,0.13,0.249985158,0.286506357
0.1,50,0.13,0.258690084,0.260857008
0.11,50,0.13,0.266896584,0.238910859
0.12,50,0.13,0.274721241,0.220085202
0.13,50,0.13,0.282237088,0.203856087
0.14,50,0.13,0.289491198,0.189766156
0.15,50,0.13,0.296514933,0.177435296
0.16,50,0.13,0.303330263,0.166561609
0.17,50,0.13,0.309953772,0.156908732
0.18,50,0.13,0.316399084,0.148287784
0.19,50,0.13,0.322678123,0.140543236
0.2,50,0.13,0.328801588,0.133545713
0.21,50,0.13,0.334779035,0.127189025
0.22,50,0.13,0.340618898,0.12138752
0.23,50,0.13,0.346328615,0.116072134
0.24,50,0.13,0.35191486,0.111185752
0.25,50,0.13,0.357383794,0.106679333
0.001,55,0.13,0.011080554,0.136214546
0.002,55,0.13,0.019606592,0.158893196
0.003,55,0.13,0.026817287,0.17947958
0.004,55,0.13,0.03325502,0.198459903
0.005,55,0.13,0.0391941,0.216189421
0.006,55,0.13,0.04478758,0.232928428
0.007,55,0.13,0.05012707,0.248866724
0.008,55,0.13,0.055270294,0.264140313
0.009,55,0.13,0.060255002,0.278843339
0.01,55,0.13,0.065106537,0.29303748
0.02,55,0.13,0.108327505,0.408346488
0.03,55,0.13,0.142652345,0.464477087
0.04,55,0.13,0.167813204,0.464326848
0.05,55,0.13,0.185818814,0.433533014
0.06,55,0.13,0.199428489,0.393651716
0.07,55,0.13,0.210514798,0.354669807
0.08,55,0.13,0.220105859,0.319870796
0.09,55,0.13,0.228753224,0.289772494
0.1,55,0.13,0.236763697,0.263971425
0.11,55,0.13,0.244316002,0.241871558
0.12,55,0.13,0.251518562,0.222898406
0.13,55,0.13,0.258439321,0.206533994
0.14,55,0.13,0.265122043,0.192323667
0.15,55,0.13,0.271595804,0.179886529
0.16,55,0.13,0.277880836,0.168918141
0.17,55,0.13,0.283992254,0.159179892
0.18,55,0.13,0.289942357,0.1504818
0.19,55,0.13,0.295741865,0.142667872
0.2,55,0.13,0.301400426,0.135608138
0.21,55,0.13,0.306926702,0.129195291
0.22,55,0.13,0.312328366,0.123342323
0.23,55,0.13,0.31761218,0.117979121
0.24,55,0.13,0.322784174,0.113048047
0.25,55,0.13,0.327849882,0.108500029
0.001,60,0.13,0.010165782,0.135834584
0.002,60,0.13,0.01798619,0.158458675
0.003,60,0.13,0.02459914,0.178996243
0.004,60,0.13,0.030502717,0.197931894
0.005,60,0.13,0.035948846,0.215620046
0.006,60,0.13,0.041078113,0.232320703
0.007,60,0.13,0.045974686,0.248223791
0.008,60,0.13,0.050691617,0.263465693
0.009,60,0.13,0.055263626,0.278141282
0.01,60,0.13,0.059714034,0.292312788
0.02,60,0.13,0.099406622,0.407821454
0.03,60,0.13,0.131043073,0.465004726
0.04,60,0.13,0.154331533,0.466073586
0.05,60,0.13,0.17103283,0.436033459
0.06,60,0.13,0.183656723,0.396458959
0.07,60,0.13,0.193933044,0.357531174
0.08,60,0.13,0.202817932,0.322668887
0.09,60,0.13,0.210825633,0.292461108
0.1,60,0.13,0.218242472,0.266535655
0.11,60,0.13,0.225235327,0.24430906
0.12,60,0.13,0.231905484,0.225213712
0.13,60,0.13,0.238316433,0.208736658
0.14,60,0.13,0.244509054,0.194425793
0.15,60,0.13,0.250510454,0.181899879
0.16,60,0.13,0.256339397,0.17085247
0.17,60,0.13,0.262009782,0.161043018
0.18,60,0.13,0.267532823,0.152280478
0.19,60,0.13,0.272918257,0.144408483
0.2,60,0.13,0.278174855,0.13729663
0.21,60,0.13,0.283310531,0.130836784
0.22,60,0.13,0.288332323,0.124940874
0.23,60,0.13,0.293246431,0.119537841
0.24,60,0.13,0.298058369,0.114569544
0.25,60,0.13,0.302773158,0.10998679
0.001,65,0.13,0.009390457,0.135506079
0.002,65,0.13,0.016613028,0.158083055
0.003,65,0.13,0.022719667,0.178578228
0.004,65,0.13,0.028170848,0.197475032
0.005,65,0.13,0.033199491,0.215127182
0.006,65,0.13,0.037935591,0.231794413
0.007,65,0.13,0.042456991,0.247666733
0.008,65,0.13,0.046812773,0.262880851
0.009,65,0.13,0.051035069,0.277532023
0.01,65,0.13,0.055145483,0.291683251
0.02,65,0.13,0.091840268,0.407343575
0.03,65,0.13,0.121175213,0.465398551
0.04,65,0.13,0.142846628,0.467496959
0.05,65,0.13,0.158416966,0.438103958
0.06,65,0.13,0.170186382,0.398798075
0.07,65,0.13,0.179761625,0.359922068
0.08,65,0.13,0.188035991,0.325009715
0.09,65,0.13,0.195490996,0.294711277
0.1,65,0.13,0.202394965,0.26868186
0.11,65,0.13,0.208904356,0.246348963
0.12,65,0.13,0.215114164,0.227150751
0.13,65,0.13,0.221083954,0.210578579
0.14,65,0.13,0.226852077,0.196182696
0.15,65,0.13,0.232443918,0.183581743
0.16,65,0.13,0.237876982,0.172467673
0.17,65,0.13,0.243164145,0.16259825
0.18,65,0.13,0.248315717,0.153781447
0.19,65,0.13,0.253340612,0.145860497
0.2,65,0.13,0.258246867,0.138704688
0.21,65,0.13,0.263041759,0.132205247
0.22,65,0.13,0.267731786,0.126273233
0.23,65,0.13,0.272322677,0.120836757
0.24,65,0.13,0.276819512,0.115837189
0.25,65,0.13,0.281226895,0.11122518
0.001,70,0.13,0.008724967,0.135219535
0.002,70,0.13,0.015434562,0.157755249
0.003,70,0.13,0.021106851,0.178213354
0.004,70,0.13,0.026169977,0.197076195
0.005,70,0.13,0.03084052,0.2146967
0.006,70,0.13,0.035239369,0.231334595
0.007,70,0.13,0.039438923,0.247179752
0.008,70,0.13,0.043484847,0.262369274
0.009,70,0.13,0.047407047,0.276998772
0.01,70,0.13,0.051225639,0.291131711
0.02,70,0.13,0.085342294,0.406909328
0.03,70,0.13,0.112685451,0.465697223
0.04,70,0.13,0.132947091,0.468675969
0.05,70,0.13,0.147527994,0.439844236
0.06,70,0.13,0.158550023,0.400775311
0.07,70,0.13,0.167512805,0.361948486
0.08,70,0.13,0.175254351,0.326996359
0.09,70,0.13,0.182227264,0.296622362
0.1,70,0.13,0.18868394,0.27050541
0.11,70,0.13,0.194771605,0.248082571
0.12,70,0.13,0.200579682,0.228796997
0.13,70,0.13,0.206164254,0.212143708
0.14,70,0.13,0.211561428,0.197675072
0.15,70,0.13,0.21679508,0.18500983
0.16,70,0.13,0.221881617,0.173838644
0.17,70,0.13,0.226833039,0.163917809
0.18,70,0.13,0.231658891,0.1550544
0.19,70,0.13,0.236367393,0.147091311
0.2,70,0.13,0.240965957,0.139897572
0.21,70,0.13,0.245461314,0.133363943
0.22,70,0.13,0.249859497,0.127400782
0.23,70,0.13,0.254165832,0.121935491
0.24,70,0.13,0.258385033,0.116908974
0.25,70,0.13,0.262521353,0.112271723
0.001,5,0.14,0.10329421,0.116361088
0.002,5,0.14,0.182323619,0.133318916
0.003,5,0.14,0.248165254,0.147735047
0.004,5,0.14,0.305588606,0.159921941
0.005,5,0.14,0.356942623,0.170049206
0.006,5,0.14,0.403492553,0.178203
0.007,5,0.14,0.445970037,0.184430916
0.008,5,0.14,0.484830928,0.188775848
0.009,5,0.14,0.52038813,0.191299559
0.01,5,0.14,0.552884045,0.192095981
0.02,5,0.14,0.753605653,0.14167024
0.03,5,0.14,0.837405602,0.07610499
0.04,5,0.14,0.881023739,0.034728145
0.05,5,0.14,0.90758192,0.014566384
0.06,5,0.14,0.925160691,0.006294881
0.07,5,0.14,0.93739976,0.002951941
0.08,5,0.14,0.946258013,0.001509125
0.09,5,0.14,0.952889095,0.00083352
0.1,5,0.14,0.958002908,0.000491672
0.11,5,0.14,0.962049926,0.00030644
0.12,5,0.14,0.965324493,0.000199982
0.13,5,0.14,0.968024625,0.000135646
0.14,5,0.14,0.970287334,9.50613E-05
0.15,5,0.14,0.972209932,6.85033E-05
0.16,5,0.14,0.973863194,5.05651E-05
0.17,5,0.14,0.975299709,3.81108E-05
0.18,5,0.14,0.976559307,2.92515E-05
0.19,5,0.14,0.977672679,2.2817E-05
0.2,5,0.14,0.978663832,1.80535E-05
0.21,5,0.14,0.979551811,1.44691E-05
0.22,5,0.14,0.980351909,1.17296E-05
0.23,5,0.14,0.981076545,9.60689E-06
0.24,5,0.14,0.981735909,7.94314E-06
0.25,5,0.14,0.982338436,6.62302E-06
0.001,10,0.14,0.057456623,0.142869853
0.002,10,0.14,0.101918829,0.166058727
0.003,10,0.14,0.139592235,0.186985253
0.004,10,0.14,0.17318097,0.206143911
0.005,10,0.14,0.204041224,0.223868168
0.006,10,0.14,0.232918874,0.240376037
0.007,10,0.14,0.260250167,0.255801029
0.008,10,0.14,0.286300469,0.2702147
0.009,10,0.14,0.311234647,0.28364395
0.01,10,0.14,0.335155623,0.296085094
0.02,10,0.14,0.525411881,0.361235053
0.03,10,0.14,0.638811018,0.33666892
0.04,10,0.14,0.705744806,0.282321678
0.05,10,0.14,0.750485424,0.230156079
0.06,10,0.14,0.784116239,0.186999156
0.07,10,0.14,0.811365,0.152398279
0.08,10,0.14,0.834410987,0.124657512
0.09,10,0.14,0.854359499,0.102196565
0.1,10,0.14,0.871828395,0.083769371
0.11,10,0.14,0.887200573,0.068460406
0.12,10,0.14,0.900738835,0.055598978
0.13,10,0.14,0.912639909,0.044697197
0.14,10,0.14,0.923061362,0.035403998
0.15,10,0.14,0.932136363,0.027464902
0.16,10,0.14,0.939982921,0.0207023
0.17,10,0.14,0.946710679,0.015002103
0.18,10,0.14,0.952426467,0.010312235
0.19,10,0.14,0.957238718,0.006652336
0.2,10,0.14,0.961259852,0.004066364
0.21,10,0.14,0.964605226,0.002444191
0.22,10,0.14,0.967388209,0.001497488
0.23,10,0.14,0.969713338,0.000951129
0.24,10,0.14,0.971670876,0.000628488
0.25,10,0.14,0.97333475,0.000431069
0.001,15,0.14,0.039433996,0.145606403
0.002,15,0.14,0.069945362,0.169550269
0.003,15,0.14,0.095831615,0.191253147
0.004,15,0.14,0.118970101,0.21123373
0.005,15,0.14,0.140306781,0.229857173
0.006,15,0.14,0.160366091,0.247378045
0.007,15,0.14,0.179458676,0.263968989
0.008,15,0.14,0.197777118,0.279740922
0.009,15,0.14,0.215444338,0.294757994
0.01,15,0.14,0.232539938,0.309049382
0.02,15,0.14,0.377455823,0.408272303
0.03,15,0.14,0.477215283,0.422931359
0.04,15,0.14,0.54108572,0.386988229
0.05,15,0.14,0.584437105,0.338545103
0.06,15,0.14,0.617139866,0.293177715
0.07,15,0.14,0.643973047,0.25452016
0.08,15,0.14,0.66722984,0.222387209
0.09,15,0.14,0.688079499,0.195756254
0.1,15,0.14,0.707158852,0.173581316
0.11,15,0.14,0.724836437,0.15494903
0.12,15,0.14,0.74133919,0.139123683
0.13,15,0.14,0.756817497,0.125544068
0.14,15,0.14,0.771379594,0.113779326
0.15,15,0.14,0.785109204,0.10349034
0.16,15,0.14,0.798074237,0.094413155
0.17,15,0.14,0.810331472,0.086345853
0.18,15,0.14,0.821929616,0.079129901
0.19,15,0.14,0.832911296,0.072635372
0.2,15,0.14,0.843314158,0.066755813
0.21,15,0.14,0.853171518,0.061406278
0.22,15,0.14,0.862513001,0.056518261
0.23,15,0.14,0.871365198,0.05203363
0.24,15,0.14,0.879752145,0.047902145
0.25,15,0.14,0.88769557,0.04408185
0.001,20,0.14,0.029951284,0.144974116
0.002,20,0.14,0.053102916,0.168924379
0.003,20,0.14,0.072740144,0.190652425
0.004,20,0.14,0.090299367,0.210677616
0.005,20,0.14,0.106505558,0.229371294
0.006,20,0.14,0.121761794,0.24699805
0.007,20,0.14,0.136307946,0.263743192
0.008,20,0.14,0.150293791,0.279731984
0.009,20,0.14,0.163815964,0.295043662
0.01,20,0.14,0.176938028,0.309722253
0.02,20,0.14,0.290750389,0.419755315
0.03,20,0.14,0.374024464,0.453043396
0.04,20,0.14,0.429954464,0.429814201
0.05,20,0.14,0.468366168,0.38608987
0.06,20,0.14,0.497243468,0.341187007
0.07,20,0.14,0.520858235,0.301286056
0.08,20,0.14,0.541335111,0.267361073
0.09,20,0.14,0.559771332,0.238834659
0.1,20,0.14,0.576767204,0.214851199
0.11,20,0.14,0.592669055,0.194594227
0.12,20,0.14,0.607686248,0.177348382
0.13,20,0.14,0.621951582,0.162527936
0.14,20,0.14,0.635554584,0.149677994
0.15,20,0.14,0.648560457,0.138445974
0.16,20,0.14,0.661020486,0.128550358
0.17,20,0.14,0.672977175,0.119764432
0.18,20,0.14,0.684466626,0.111909446
0.19,20,0.14,0.695519923,0.104846104
0.2,20,0.14,0.706164328,0.098462808
0.21,20,0.14,0.716424284,0.092666126
0.22,20,0.14,0.726321993,0.087376847
0.23,20,0.14,0.735877606,0.082529438
0.24,20,0.14,0.745109274,0.078070874
0.25,20,0.14,0.754033322,0.073957438
0.001,25,0.14,0.024126348,0.14385665
0.002,25,0.14,0.042758922,0.167681965
0.003,25,0.14,0.058556234,0.189303638
0.004,25,0.14,0.072681154,0.209237509
0.005,25,0.14,0.085721086,0.227855494
0.006,25,0.14,0.098003078,0.245425341
0.007,25,0.14,0.109722211,0.262137632
0.008,25,0.14,0.12100073,0.27812416
0.009,25,0.14,0.131917935,0.293471551
0.01,25,0.14,0.142526405,0.308231552
0.02,25,0.14,0.235580868,0.422787478
0.03,25,0.14,0.305896993,0.466129485
0.04,25,0.14,0.354554575,0.45121036
0.05,25,0.14,0.388297536,0.41125614
0.06,25,0.14,0.413611987,0.367240417
0.07,25,0.14,0.434237408,0.326920603
0.08,25,0.14,0.452087296,0.292089744
0.09,25,0.14,0.468159881,0.26251436
0.1,25,0.14,0.483003615,0.237475208
0.11,25,0.14,0.496935501,0.216227804
0.12,25,0.14,0.510146794,0.198094936
0.13,25,0.14,0.522757427,0.182494333
0.14,25,0.14,0.534845995,0.168955614
0.15,25,0.14,0.546467245,0.157112626
0.16,25,0.14,0.557662424,0.14667756
0.17,25,0.14,0.568465039,0.137417434
0.18,25,0.14,0.578903611,0.1291424
0.19,25,0.14,0.589002831,0.121700849
0.2,25,0.14,0.598784164,0.114973419
0.21,25,0.14,0.608266491,0.108864366
0.22,25,0.14,0.617466782,0.103293531
0.23,25,0.14,0.626400613,0.098191978
0.24,25,0.14,0.635082383,0.093501016
0.25,25,0.14,0.643525293,0.089172094
0.001,30,0.14,0.020192119,0.14280243
0.002,30,0.14,0.035775082,0.166492136
0.003,30,0.14,0.048981435,0.187994011
0.004,30,0.14,0.060787975,0.207820328
0.005,30,0.14,0.071688351,0.226341886
0.006,30,0.14,0.081957642,0.243827533
0.007,30,0.14,0.091760154,0.260470296
0.008,30,0.14,0.101199068,0.276405526
0.009,30,0.14,0.11034153,0.291724076
0.01,30,0.14,0.119232272,0.306482222
0.02,30,0.14,0.197736611,0.423297726
0.03,30,0.14,0.258237011,0.472765477
0.04,30,0.14,0.300950347,0.463550505
0.05,30,0.14,0.330801514,0.426495823
0.06,30,0.14,0.353172552,0.383353947
0.07,30,0.14,0.371347667,0.342919442
0.08,30,0.14,0.387045755,0.307574906
0.09,30,0.14,0.401170813,0.277352713
0.1,30,0.14,0.414221135,0.251638964
0.11,30,0.14,0.426485277,0.229739929
0.12,30,0.14,0.438137447,0.211010058
0.13,30,0.14,0.449286567,0.194879266
0.14,30,0.14,0.460003215,0.180872178
0.15,30,0.14,0.470335366,0.168612124
0.16,30,0.14,0.480317959,0.157804485
0.17,30,0.14,0.489978602,0.148213259
0.18,30,0.14,0.4993406,0.139644813
0.19,30,0.14,0.508424279,0.131940957
0.2,30,0.14,0.517247453,0.124975157
0.21,30,0.14,0.525825722,0.118647022
0.22,30,0.14,0.534172888,0.112874996
0.23,30,0.14,0.542301439,0.107590016
0.24,30,0.14,0.550222938,0.102732177
0.25,30,0.14,0.557948183,0.098250016
0.001,35,0.14,0.017358401,0.141902553
0.002,35,0.14,0.030746815,0.165470385
0.003,35,0.14,0.0420894,0.186863643
0.004,35,0.14,0.052228169,0.206591204
0.005,35,0.14,0.061588786,0.225022514
0.006,35,0.14,0.070408582,0.2424267
0.007,35,0.14,0.078829438,0.258998083
0.008,35,0.14,0.086940581,0.274874118
0.009,35,0.14,0.094800196,0.290148312
0.01,35,0.14,0.10244717,0.304879949
0.02,35,0.14,0.170261379,0.422964699
0.03,35,0.14,0.223217321,0.476505416
0.04,35,0.14,0.261142806,0.471406496
0.05,35,0.14,0.287812389,0.436607372
0.06,35,0.14,0.307789228,0.394236721
0.07,35,0.14,0.323983952,0.353810209
0.08,35,0.14,0.337947838,0.318149545
0.09,35,0.14,0.350502127,0.287495501
0.1,35,0.14,0.362100652,0.261318658
0.11,35,0.14,0.373006623,0.238963326
0.12,35,0.14,0.383379104,0.219808039
0.13,35,0.14,0.393317501,0.203295522
0.14,35,0.14,0.402885915,0.188950671
0.15,35,0.14,0.412127343,0.176390179
0.16,35,0.14,0.421072387,0.165313231
0.17,35,0.14,0.429744623,0.15548083
0.18,35,0.14,0.438163675,0.146697585
0.19,35,0.14,0.446346677,0.138802174
0.2,35,0.14,0.454308789,0.131663434
0.21,35,0.14,0.462063361,0.125176634
0.22,35,0.14,0.469622142,0.119257808
0.23,35,0.14,0.476995615,0.113837372
0.24,35,0.14,0.484193377,0.108855434
0.25,35,0.14,0.491224403,0.104259732
0.001,40,0.14,0.015220932,0.141149358
0.002,40,0.14,0.026955331,0.164612637
0.003,40,0.14,0.036893794,0.185912436
0.004,40,0.14,0.045776212,0.205554553
0.005,40,0.14,0.053976708,0.223907237
0.006,40,0.14,0.061703956,0.241239433
0.007,40,0.14,0.069082786,0.257746234
0.008,40,0.14,0.076191778,0.273566477
0.009,40,0.14,0.083082252,0.288795477
0.01,40,0.14,0.089788579,0.303494575
0.02,40,0.14,0.149441655,0.422355484
0.03,40,0.14,0.196466032,0.478781971
0.04,40,0.14,0.230504938,0.476777574
0.05,40,0.14,0.254561419,0.443767028
0.06,40,0.14,0.272577509,0.402057022
0.07,40,0.14,0.287158285,0.361688332
0.08,40,0.14,0.299712909,0.325820367
0.09,40,0.14,0.310991469,0.294860276
0.1,40,0.14,0.321409337,0.268347789
0.11,40,0.14,0.331207694,0.245657058
0.12,40,0.14,0.340532439,0.226185052
0.13,40,0.14,0.349474769,0.209385761
0.14,40,0.14,0.358093362,0.194786477
0.15,40,0.14,0.366427279,0.18199994
0.16,40,0.14,0.374503899,0.1707203
0.17,40,0.14,0.38234389,0.160705592
0.18,40,0.14,0.389964191,0.151759126
0.19,40,0.14,0.397379545,0.143717996
0.2,40,0.14,0.40460308,0.136448224
0.21,40,0.14,0.411646454,0.129841806
0.22,40,0.14,0.418519939,0.123812303
0.23,40,0.14,0.42523263,0.11828913
0.24,40,0.14,0.431792752,0.113212348
0.25,40,0.14,0.438207946,0.108529618
0.001,45,0.14,0.013551533,0.140521712
0.002,45,0.14,0.02399501,0.16389655
0.003,45,0.14,0.03283801,0.185117002
0.004,45,0.14,0.040740383,0.204686423
0.005,45,0.14,0.048035837,0.22297182
0.006,45,0.14,0.054910557,0.240241991
0.007,45,0.14,0.06147597,0.256692382
0.008,45,0.14,0.067802274,0.272462866
0.009,45,0.14,0.073935361,0.287649922
0.01,45,0.14,0.079906022,0.302316534
0.02,45,0.14,0.133134534,0.421679662
0.03,45,0.14,0.175392044,0.480246914
0.04,45,0.14,0.206234003,0.480645773
0.05,45,0.14,0.228120646,0.449081561
0.06,45,0.14,0.244511334,0.407935496
0.07,45,0.14,0.257759215,0.367644638
0.08,45,0.14,0.269152921,0.331635085
0.09,45,0.14,0.279381532,0.300449043
0.1,45,0.14,0.288827286,0.273683613
0.11,45,0.14,0.297712337,0.250737175
0.12,45,0.14,0.306171181,0.23102112
0.13,45,0.14,0.314287928,0.213998991
0.14,45,0.14,0.322116641,0.19920126
0.15,45,0.14,0.329693148,0.186238497
0.16,45,0.14,0.337042293,0.174800936
0.17,45,0.14,0.34418254,0.164643891
0.18,45,0.14,0.351128808,0.155569495
0.19,45,0.14,0.357894004,0.147413897
0.2,45,0.14,0.364489666,0.140041387
0.21,45,0.14,0.370926115,0.133341559
0.22,45,0.14,0.377212488,0.127225844
0.23,45,0.14,0.383356849,0.121622452
0.24,45,0.14,0.389366425,0.116471204
0.25,45,0.14,0.395247868,0.111719827
0.001,50,0.14,0.012211803,0.139994348
0.002,50,0.14,0.021619889,0.163294137
0.003,50,0.14,0.029584568,0.184447206
0.004,50,0.14,0.036701274,0.203954805
0.005,50,0.14,0.043271173,0.222182868
0.006,50,0.14,0.049462332,0.239399841
0.007,50,0.14,0.055375374,0.255801514
0.008,50,0.14,0.061073722,0.27152841
0.009,50,0.14,0.066598879,0.286678046
0.01,50,0.14,0.071978722,0.301314463
0.02,50,0.14,0.120022812,0.421019072
0.03,50,0.14,0.158374352,0.481234134
0.04,50,0.14,0.186549946,0.483550392
0.05,50,0.14,0.206612765,0.453176741
0.06,50,0.14,0.221638595,0.412513293
0.07,50,0.14,0.233770532,0.372305387
0.08,50,0.14,0.244194374,0.33619472
0.09,50,0.14,0.253546686,0.304835159
0.1,50,0.14,0.262181082,0.277872153
0.11,50,0.14,0.270303238,0.254724252
0.12,50,0.14,0.278037758,0.234814436
0.13,50,0.14,0.285462608,0.217614243
0.14,50,0.14,0.292627878,0.202657449
0.15,50,0.14,0.299566668,0.189553474
0.16,50,0.14,0.306301762,0.177989538
0.17,50,0.14,0.312849884,0.167718528
0.18,50,0.14,0.319224377,0.158541447
0.19,50,0.14,0.325436709,0.150293778
0.2,50,0.14,0.331497148,0.142838674
0.21,50,0.14,0.337414934,0.136064003
0.22,50,0.14,0.343198292,0.129879416
0.23,50,0.14,0.348854479,0.124211936
0.24,50,0.14,0.354389962,0.119000989
0.25,50,0.14,0.35981064,0.114194337
0.001,55,0.14,0.011113032,0.139544883
0.002,55,0.14,0.019672358,0.162780449
0.003,55,0.14,0.026917242,0.183875807
0.004,55,0.14,0.033390164,0.203330286
0.005,55,0.14,0.039365536,0.221509065
0.006,55,0.14,0.04499652,0.238680203
0.007,55,0.14,0.050374841,0.255039695
0.008,55,0.14,0.055558341,0.270728514
0.009,55,0.14,0.060584895,0.28584494
0.01,55,0.14,0.065479971,0.300454003
0.02,55,0.14,0.109254573,0.420399133
0.03,55,0.14,0.144351387,0.481919549
0.04,55,0.14,0.170274014,0.485799713
0.05,55,0.14,0.188785758,0.456422042
0.06,55,0.14,0.2026515,0.416174851
0.07,55,0.14,0.213837146,0.376049228
0.08,55,0.14,0.223440074,0.339864507
0.09,55,0.14,0.232051357,0.308368259
0.1,55,0.14,0.239999743,0.281247172
0.11,55,0.14,0.247476561,0.257936852
0.12,55,0.14,0.254597796,0.237869827
0.13,55,0.14,0.26143605,0.22052434
0.14,55,0.14,0.268037967,0.205437345
0.15,55,0.14,0.274434307,0.192217763
0.16,55,0.14,0.280646129,0.18055047
0.17,55,0.14,0.286688747,0.17018625
0.18,55,0.14,0.29257424,0.160925026
0.19,55,0.14,0.298312922,0.152601752
0.2,55,0.14,0.303914029,0.145078821
0.21,55,0.14,0.309385912,0.138242821
0.22,55,0.14,0.314736043,0.132001945
0.23,55,0.14,0.319971029,0.126282152
0.24,55,0.14,0.325096728,0.121022365
0.25,55,0.14,0.330118453,0.116170341
0.001,60,0.14,0.010195542,0.139159703
0.002,60,0.14,0.018046448,0.162339786
0.003,60,0.14,0.024690718,0.183385426
0.004,60,0.14,0.030626524,0.202794161
0.005,60,0.14,0.036105886,0.220930396
0.006,60,0.14,0.041269487,0.238061817
0.007,60,0.14,0.046201602,0.254384615
0.008,60,0.14,0.05095539,0.270040116
0.009,60,0.14,0.055565683,0.285127279
0.01,60,0.14,0.060055917,0.299711715
0.02,60,0.14,0.100254654,0.419831495
0.03,60,0.14,0.132599974,0.482410204
0.04,60,0.14,0.156596449,0.487589173
0.05,60,0.14,0.173774828,0.459055945
0.06,60,0.14,0.186643615,0.4191702
0.07,60,0.14,0.197017597,0.379123042
0.08,60,0.14,0.205917502,0.342882606
0.09,60,0.14,0.213894717,0.311276049
0.1,60,0.14,0.221256242,0.284025592
0.11,60,0.14,0.228180847,0.260581539
0.12,60,0.14,0.23477695,0.240384373
0.13,60,0.14,0.241112453,0.222918022
0.14,60,0.14,0.247230979,0.207722387
0.15,60,0.14,0.253161257,0.194406278
0.16,60,0.14,0.25892288,0.182652753
0.17,60,0.14,0.264529982,0.172210771
0.18,60,0.14,0.269993611,0.162879245
0.19,60,0.14,0.275323136,0.154492689
0.2,60,0.14,0.280526941,0.146912954
0.21,60,0.14,0.285612636,0.140025659
0.22,60,0.14,0.290587061,0.13373783
0.23,60,0.14,0.295456279,0.12797446
0.24,60,0.14,0.300225656,0.12267397
0.25,60,0.14,0.304900029,0.117784043
0.001,65,0.14,0.009417915,0.138826336
0.002,65,0.14,0.016668623,0.161958545
0.003,65,0.14,0.022804151,0.182960819
0.004,65,0.14,0.028285057,0.202329782
0.005,65,0.14,0.033344344,0.220428914
0.006,65,0.14,0.038112099,0.237525747
0.007,65,0.14,0.042666261,0.253816467
0.008,65,0.14,0.047056011,0.269442748
0.009,65,0.14,0.051313584,0.284503932
0.01,65,0.14,0.055460688,0.299066359
0.02,65,0.14,0.09262156,0.419315952
0.03,65,0.14,0.122611601,0.482769108
0.04,65,0.14,0.144943943,0.489043169
0.05,65,0.14,0.160964917,0.461234172
0.06,65,0.14,0.172968439,0.421664393
0.07,65,0.14,0.182639084,0.381690452
0.08,65,0.14,0.190930612,0.345406879
0.09,65,0.14,0.198359546,0.313709309
0.1,65,0.14,0.20521374,0.28635092
0.11,65,0.14,0.21166089,0.262794782
0.12,65,0.14,0.217802743,0.24248815
0.13,65,0.14,0.223703047,0.224919818
0.14,65,0.14,0.229402759,0.209632349
0.15,65,0.14,0.234928832,0.196234683
0.16,65,0.14,0.240299585,0.184408398
0.17,65,0.14,0.245528158,0.173900893
0.18,65,0.14,0.250624733,0.164510127
0.19,65,0.14,0.255597896,0.156070201
0.2,65,0.14,0.260455316,0.148442546
0.21,65,0.14,0.265203975,0.141512029
0.22,65,0.14,0.269850179,0.135184724
0.23,65,0.14,0.274399527,0.129384741
0.24,65,0.14,0.278856975,0.124050038
0.25,65,0.14,0.283226967,0.119128159
0.001,70,0.14,0.008750452,0.13853543
0.002,70,0.14,0.015486158,0.161625494
0.003,70,0.14,0.021185253,0.182589862
0.004,70,0.14,0.026275957,0.201923969
0.005,70,0.14,0.030974928,0.219990546
0.006,70,0.14,0.035403138,0.237057014
0.007,70,0.14,0.039633076,0.253319466
0.008,70,0.14,0.043710495,0.268919857
0.009,70,0.14,0.047665399,0.283957973
0.01,70,0.14,0.051518001,0.298500635
0.02,70,0.14,0.086066506,0.418848316
0.03,70,0.14,0.11401843,0.483035252
0.04,70,0.14,0.134899503,0.490244403
0.05,70,0.14,0.149907014,0.463063004
0.06,70,0.14,0.161152905,0.423771541
0.07,70,0.14,0.170208522,0.383865782
0.08,70,0.14,0.177968678,0.347548785
0.09,70,0.14,0.184919062,0.315775618
0.1,70,0.14,0.191330562,0.288326469
0.11,70,0.14,0.197361055,0.264675583
0.12,70,0.14,0.203106363,0.244276023
0.13,70,0.14,0.208626543,0.226620748
0.14,70,0.14,0.213960187,0.21125474
0.15,70,0.14,0.219132675,0.19778721
0.16,70,0.14,0.224161216,0.185898595
0.17,70,0.14,0.229058089,0.175334908
0.18,70,0.14,0.233832745,0.165893266
0.19,70,0.14,0.238493106,0.157407399
0.2,70,0.14,0.243046238,0.149738411
0.21,70,0.14,0.247498588,0.14277061
0.22,70,0.14,0.251855997,0.136409267
0.23,70,0.14,0.256123672,0.130577763
0.24,70,0.14,0.260306216,0.125213583
0.25,70,0.14,0.264407743,0.120264133
0.001,5,0.15,0.103422375,0.117746243
0.002,5,0.15,0.182580654,0.134916639
0.003,5,0.15,0.248551782,0.149522693
0.004,5,0.15,0.306104839,0.161881405
0.005,5,0.15,0.357587964,0.172164618
0.006,5,0.15,0.404265155,0.180459007
0.007,5,0.15,0.446866387,0.18681149
0.008,5,0.15,0.485845526,0.191263581
0.009,5,0.15,0.521513332,0.19387543
0.01,5,0.15,0.554110122,0.194739576
0.02,5,0.15,0.755154041,0.14401596
0.03,5,0.15,0.838570627,0.077602101
0.04,5,0.15,0.881763491,0.035596955
0.05,5,0.15,0.908014545,0.015050006
0.06,5,0.15,0.925404402,0.006559965
0.07,5,0.15,0.937536847,0.003098614
0.08,5,0.15,0.946336963,0.001592685
0.09,5,0.15,0.952936246,0.000883044
0.1,5,0.15,0.958032219,0.000522283
0.11,5,0.15,0.962068871,0.000326138
0.12,5,0.15,0.96533718,0.000213127
0.13,5,0.15,0.968033396,0.000144708
0.14,5,0.15,0.970293571,0.00010149
0.15,5,0.15,0.972214477,7.31785E-05
0.16,5,0.15,0.973866578,5.40401E-05
0.17,5,0.15,0.975302277,4.07439E-05
0.18,5,0.15,0.97656129,3.12822E-05
0.19,5,0.15,0.977674233,2.44065E-05
0.2,5,0.15,0.978665066,1.93144E-05
0.21,5,0.15,0.979552804,1.54828E-05
0.22,5,0.15,0.980352716,1.25528E-05
0.23,5,0.15,0.981077208,1.02827E-05
0.24,5,0.15,0.981736458,8.50235E-06
0.25,5,0.15,0.982338895,7.09027E-06
0.001,10,0.15,0.057582311,0.145369914
0.002,10,0.15,0.102174031,0.168978507
0.003,10,0.15,0.139981307,0.190293623
0.004,10,0.15,0.173708805,0.209820095
0.005,10,0.15,0.204713237,0.227898997
0.006,10,0.15,0.233740968,0.244753981
0.007,10,0.15,0.261228669,0.260522654
0.008,10,0.15,0.287442032,0.275279414
0.009,10,0.15,0.312546116,0.289052921
0.01,10,0.15,0.336643861,0.30184028
0.02,10,0.15,0.528872741,0.370201435
0.03,10,0.15,0.643620427,0.346732284
0.04,10,0.15,0.710847734,0.291593578
0.05,10,0.15,0.755339392,0.238112447
0.06,10,0.15,0.788516762,0.19366069
0.07,10,0.15,0.815250794,0.157917352
0.08,10,0.15,0.837782092,0.129201242
0.09,10,0.15,0.857243474,0.105917139
0.1,10,0.15,0.874264705,0.086797946
0.11,10,0.15,0.889232772,0.070907794
0.12,10,0.15,0.90241077,0.057558361
0.13,10,0.15,0.913994132,0.046247374
0.14,10,0.15,0.924138636,0.036612384
0.15,10,0.15,0.932975625,0.028389994
0.16,10,0.15,0.940621371,0.021395576
0.17,10,0.15,0.947183746,0.015509295
0.18,10,0.15,0.952767501,0.010673996
0.19,10,0.15,0.957478299,0.006904284
0.2,10,0.15,0.961424778,0.004238634
0.21,10,0.15,0.964717529,0.0025609
0.22,10,0.15,0.967464706,0.001576682
0.23,10,0.15,0.969765991,0.001005478
0.24,10,0.15,0.971707749,0.00066646
0.25,10,0.15,0.973361112,0.000458165
0.001,15,0.15,0.03953306,0.148484334
0.002,15,0.15,0.070146444,0.172912543
0.003,15,0.15,0.096138049,0.195062333
0.004,15,0.15,0.119385627,0.215464197
0.005,15,0.15,0.14083556,0.234492178
0.006,15,0.15,0.161012712,0.252407667
0.007,15,0.15,0.180228163,0.269388664
0.008,15,0.15,0.19867492,0.285550259
0.009,15,0.15,0.216476309,0.300959841
0.01,15,0.15,0.2337123,0.315649021
0.02,15,0.15,0.380387717,0.41921108
0.03,15,0.15,0.482056623,0.437366971
0.04,15,0.15,0.547070394,0.402329
0.05,15,0.15,0.590812407,0.353146553
0.06,15,0.15,0.623500433,0.306505883
0.07,15,0.15,0.650128161,0.266510901
0.08,15,0.15,0.673093568,0.233129753
0.09,15,0.15,0.693617701,0.205380636
0.1,15,0.15,0.712364273,0.182220089
0.11,15,0.15,0.729716078,0.162724214
0.12,15,0.15,0.745907249,0.14614285
0.13,15,0.15,0.761091124,0.131899835
0.14,15,0.15,0.775376429,0.119550275
0.15,15,0.15,0.788846198,0.108742777
0.16,15,0.15,0.801567257,0.099203194
0.17,15,0.15,0.813595201,0.09072127
0.18,15,0.15,0.824977519,0.083131561
0.19,15,0.15,0.835755664,0.076298391
0.2,15,0.15,0.845966241,0.070110583
0.21,15,0.15,0.855641683,0.064479339
0.22,15,0.15,0.864810837,0.059332949
0.23,15,0.15,0.873499575,0.054610547
0.24,15,0.15,0.881731285,0.050259564
0.25,15,0.15,0.889527147,0.046236098
0.001,20,0.15,0.030030053,0.147985287
0.002,20,0.15,0.053262676,0.172441085
0.003,20,0.15,0.072983392,0.194634048
0.004,20,0.15,0.090628891,0.215095668
0.005,20,0.15,0.106924457,0.234206557
0.006,20,0.15,0.122273485,0.252238426
0.007,20,0.15,0.136916178,0.269382254
0.008,20,0.15,0.151002651,0.285767835
0.009,20,0.15,0.164629872,0.301477995
0.01,20,0.15,0.177861734,0.316559666
0.02,20,0.15,0.293075831,0.431110617
0.03,20,0.15,0.378086376,0.468823471
0.04,20,0.15,0.435323054,0.447667455
0.05,20,0.15,0.474365986,0.403845821
0.06,20,0.15,0.503436389,0.357890826
0.07,20,0.15,0.52701652,0.316671605
0.08,20,0.15,0.547345034,0.281431364
0.09,20,0.15,0.565577717,0.251684819
0.1,20,0.15,0.582346131,0.226602155
0.11,20,0.15,0.598014061,0.205367716
0.12,20,0.15,0.612800788,0.187257435
0.13,20,0.15,0.626844514,0.171673616
0.14,20,0.15,0.640237246,0.158148633
0.15,20,0.15,0.653044785,0.146317507
0.16,20,0.15,0.665317994,0.135887429
0.17,20,0.15,0.677098603,0.126622062
0.18,20,0.15,0.68842193,0.118334799
0.19,20,0.15,0.699318327,0.110879938
0.2,20,0.15,0.709814305,0.104140473
0.21,20,0.15,0.719933525,0.098018302
0.22,20,0.15,0.729697464,0.092430265
0.23,20,0.15,0.739125674,0.087307582
0.24,20,0.15,0.748235845,0.082594593
0.25,20,0.15,0.757043907,0.078245366
0.001,25,0.15,0.024190919,0.146918032
0.002,25,0.15,0.042889814,0.171256429
0.003,25,0.15,0.058755404,0.193348871
0.004,25,0.15,0.072950787,0.213723546
0.005,25,0.15,0.086063599,0.232761597
0.006,25,0.15,0.09842114,0.250738082
0.007,25,0.15,0.110218747,0.2678493
0.008,25,0.15,0.121578934,0.284231698
0.009,25,0.15,0.132581269,0.299975623
0.01,25,0.15,0.1432786,0.315135853
0.02,25,0.15,0.237470943,0.43420256
0.03,25,0.15,0.309279275,0.482340378
0.04,25,0.15,0.359192104,0.470192008
0.05,25,0.15,0.393626668,0.430624716
0.06,25,0.15,0.419216287,0.385766053
0.07,25,0.15,0.439886959,0.344184214
0.08,25,0.15,0.457662342,0.308023525
0.09,25,0.15,0.473598859,0.277181973
0.1,25,0.15,0.4882764,0.250984301
0.11,25,0.15,0.502029776,0.228695818
0.12,25,0.15,0.515060674,0.209635329
0.13,25,0.15,0.527495133,0.193211178
0.14,25,0.15,0.539415076,0.178941765
0.15,25,0.15,0.550876679,0.166449347
0.16,25,0.15,0.561921369,0.155434895
0.17,25,0.15,0.572582162,0.14565521
0.18,25,0.15,0.582886904,0.13691175
0.19,25,0.15,0.592859672,0.129045842
0.2,25,0.15,0.602521419,0.12193242
0.21,25,0.15,0.611890523,0.115470943
0.22,25,0.15,0.620983403,0.109577052
0.23,25,0.15,0.629815064,0.10417812
0.24,25,0.15,0.638399394,0.09921233
0.25,25,0.15,0.646749207,0.094628596
0.001,30,0.15,0.020246528,0.145881787
0.002,30,0.15,0.035885334,0.170087043
0.003,30,0.15,0.04914913,0.192061279
0.004,30,0.15,0.061014893,0.212329051
0.005,30,0.15,0.071976463,0.231270494
0.006,30,0.15,0.082309121,0.249161743
0.007,30,0.15,0.092177381,0.266201566
0.008,30,0.15,0.101684642,0.282529983
0.009,30,0.15,0.110898274,0.298241655
0.01,30,0.15,0.119863231,0.313395927
0.02,30,0.15,0.1993177,0.434678321
0.03,30,0.15,0.261102602,0.489108384
0.04,30,0.15,0.304971013,0.483103391
0.05,30,0.15,0.335508338,0.446792782
0.06,30,0.15,0.358183532,0.40298163
0.07,30,0.15,0.376442539,0.361344232
0.08,30,0.15,0.392106848,0.324673035
0.09,30,0.15,0.406135917,0.293161912
0.1,30,0.15,0.419058239,0.266255089
0.11,30,0.15,0.431179578,0.243275611
0.12,30,0.15,0.442684345,0.223577665
0.13,30,0.15,0.453687607,0.206583848
0.14,30,0.15,0.464263516,0.191808777
0.15,30,0.15,0.474461867,0.178864976
0.16,30,0.15,0.484318183,0.167447009
0.17,30,0.15,0.493859868,0.157308597
0.18,30,0.15,0.503109676,0.148246973
0.19,30,0.15,0.512087347,0.140096305
0.2,30,0.15,0.520810227,0.132723929
0.21,30,0.15,0.52929354,0.126024493
0.22,30,0.15,0.537550715,0.119912229
0.23,30,0.15,0.545593817,0.11431433
0.24,30,0.15,0.553433952,0.109167548
0.25,30,0.15,0.561081498,0.104417548
0.001,35,0.15,0.017405281,0.1449865
0.002,35,0.15,0.030841784,0.169070223
0.003,35,0.15,0.042233809,0.19093578
0.004,35,0.15,0.052423516,0.21110417
0.005,35,0.15,0.06183673,0.229954207
0.006,35,0.15,0.070710949,0.247762255
0.007,35,0.15,0.079188229,0.264728394
0.008,35,0.15,0.08735798,0.280994748
0.009,35,0.15,0.095278576,0.296658648
0.01,35,0.15,0.102989093,0.311782477
0.02,35,0.15,0.171616053,0.434286429
0.03,35,0.15,0.225691357,0.492870309
0.04,35,0.15,0.264669147,0.491275629
0.05,35,0.15,0.291995946,0.457489478
0.06,35,0.15,0.312282576,0.41459088
0.07,35,0.15,0.328579986,0.373015351
0.08,35,0.15,0.342533934,0.336037395
0.09,35,0.15,0.35501773,0.304082615
0.1,35,0.15,0.36651374,0.276690932
0.11,35,0.15,0.377301478,0.253228939
0.12,35,0.15,0.38754974,0.233077868
0.13,35,0.15,0.397363873,0.215674786
0.14,35,0.15,0.406811548,0.200535549
0.15,35,0.15,0.415937729,0.187266673
0.16,35,0.15,0.42477383,0.175556934
0.17,35,0.15,0.433343448,0.165157212
0.18,35,0.15,0.441665791,0.155862808
0.19,35,0.15,0.449757453,0.147504376
0.2,35,0.15,0.457633131,0.139944226
0.21,35,0.15,0.465305835,0.133072425
0.22,35,0.15,0.472787031,0.126800737
0.23,35,0.15,0.4800869,0.121055863
0.24,35,0.15,0.487214681,0.115774548
0.25,35,0.15,0.49417897,0.110901522
0.001,40,0.15,0.015262052,0.144232222
0.002,40,0.15,0.027038616,0.168210989
0.003,40,0.15,0.037020408,0.189982311
0.004,40,0.15,0.045947448,0.210064195
0.005,40,0.15,0.054193995,0.228834161
0.006,40,0.15,0.061968867,0.246568394
0.007,40,0.15,0.069397044,0.263467729
0.008,40,0.15,0.076557262,0.279675642
0.009,40,0.15,0.083501006,0.295291308
0.01,40,0.15,0.090262811,0.310379179
0.02,40,0.15,0.150624725,0.433615705
0.03,40,0.15,0.198637476,0.495126232
0.04,40,0.15,0.233635442,0.496833796
0.05,40,0.15,0.258312915,0.465043961
0.06,40,0.15,0.276633834,0.422921543
0.07,40,0.15,0.291325906,0.381450955
0.08,40,0.15,0.303885163,0.344276893
0.09,40,0.15,0.31511035,0.312009864
0.1,40,0.15,0.325443633,0.284267956
0.11,40,0.15,0.335141545,0.260452092
0.12,40,0.15,0.344359171,0.239964302
0.13,40,0.15,0.353193366,0.222254267
0.14,40,0.15,0.361706272,0.206841032
0.15,40,0.15,0.369938947,0.193327675
0.16,40,0.15,0.377919699,0.181398283
0.17,40,0.15,0.385669367,0.170800953
0.18,40,0.15,0.393204599,0.161329671
0.19,40,0.15,0.400539656,0.152813269
0.2,40,0.15,0.407687217,0.145110941
0.21,40,0.15,0.414658604,0.138109223
0.22,40,0.15,0.421463845,0.131717298
0.23,40,0.15,0.428111807,0.125860874
0.24,40,0.15,0.434610445,0.120476691
0.25,40,0.15,0.440967079,0.115509366
0.001,45,0.15,0.013588122,0.143601109
0.002,45,0.15,0.024069107,0.167490683
0.003,45,0.15,0.032950638,0.189181723
0.004,45,0.15,0.040892679,0.20918979
0.005,45,0.15,0.048229054,0.227891042
0.006,45,0.15,0.055146074,0.245561516
0.007,45,0.15,0.061755299,0.262402428
0.008,45,0.15,0.068127064,0.278558284
0.009,45,0.15,0.074307404,0.294129381
0.01,45,0.15,0.080327254,0.309181816
0.02,45,0.15,0.13418364,0.43288256
0.03,45,0.15,0.177324297,0.496554447
0.04,45,0.15,0.209043749,0.500818191
0.05,45,0.15,0.231514331,0.470639129
0.06,45,0.15,0.248200123,0.429176135
0.07,45,0.15,0.261562441,0.387824175
0.08,45,0.15,0.27296995,0.35051985
0.09,45,0.15,0.283157178,0.318023703
0.1,45,0.15,0.292531503,0.290018636
0.11,45,0.15,0.301329502,0.265933465
0.12,45,0.15,0.30969432,0.245186589
0.13,45,0.15,0.317715422,0.227238362
0.14,45,0.15,0.325450192,0.211611667
0.15,45,0.15,0.332936419,0.197907811
0.16,45,0.15,0.340199934,0.185807269
0.17,45,0.15,0.347259475,0.175055615
0.18,45,0.15,0.354129762,0.165445674
0.19,45,0.15,0.360823285,0.156805219
0.2,45,0.15,0.367351152,0.14899147
0.21,45,0.15,0.373723353,0.141888345
0.22,45,0.15,0.379948794,0.13540276
0.23,45,0.15,0.386035354,0.129459201
0.24,45,0.15,0.391990051,0.123994202
0.25,45,0.15,0.397819275,0.118952464
0.001,50,0.15,0.012244744,0.143069452
0.002,50,0.15,0.021686591,0.166883149
0.003,50,0.15,0.029685943,0.188505854
0.004,50,0.15,0.036838333,0.208450912
0.005,50,0.15,0.043445034,0.227093526
0.006,50,0.15,0.049674223,0.244709289
0.007,50,0.15,0.05562664,0.261499719
0.008,50,0.15,0.06136583,0.277609972
0.009,50,0.15,0.066933423,0.293141375
0.01,50,0.15,0.072357427,0.308161129
0.02,50,0.15,0.120964697,0.43217059
0.03,50,0.15,0.160113515,0.497500073
0.04,50,0.15,0.18909596,0.503797731
0.05,50,0.15,0.209707377,0.474942184
0.06,50,0.15,0.225016636,0.434041708
0.07,50,0.15,0.237263127,0.392808001
0.08,50,0.15,0.24770664,0.355413309
0.09,50,0.15,0.257026257,0.322742183
0.1,50,0.15,0.265599203,0.294532095
0.11,50,0.15,0.27364471,0.270235076
0.12,50,0.15,0.281295527,0.249282759
0.13,50,0.15,0.288634678,0.231144413
0.14,50,0.15,0.295715417,0.215346779
0.15,50,0.15,0.302572749,0.201490363
0.16,50,0.15,0.309230461,0.189252864
0.17,50,0.15,0.315705614,0.178377598
0.18,50,0.15,0.32201143,0.168656327
0.19,50,0.15,0.328159015,0.159916085
0.2,50,0.15,0.334158234,0.152012786
0.21,50,0.15,0.340018,0.144828433
0.22,50,0.15,0.345746315,0.138268032
0.23,50,0.15,0.351350275,0.132254841
0.24,50,0.15,0.356836176,0.126725011
0.25,50,0.15,0.362209708,0.121623322
0.001,55,0.15,0.011142977,0.142615482
0.002,55,0.15,0.019732987,0.166364067
0.003,55,0.15,0.027009379,0.187928182
0.004,55,0.15,0.03351472,0.207819093
0.005,55,0.15,0.039523517,0.226411202
0.006,55,0.15,0.045189032,0.243979741
0.007,55,0.15,0.050603096,0.260726444
0.008,55,0.15,0.05582366,0.276796882
0.009,55,0.15,0.060888714,0.29229315
0.01,55,0.15,0.065823841,0.307283376
0.02,55,0.15,0.110108829,0.431505162
0.03,55,0.15,0.145931757,0.498143717
0.04,55,0.15,0.172600051,0.506096557
0.05,55,0.15,0.191627672,0.478346505
0.06,55,0.15,0.205764608,0.437929959
0.07,55,0.15,0.217063235,0.396809219
0.08,55,0.15,0.226689609,0.359350432
0.09,55,0.15,0.235274673,0.326542185
0.1,55,0.15,0.243169385,0.298168419
0.11,55,0.15,0.250577843,0.273700837
0.12,55,0.15,0.257623708,0.252581993
0.13,55,0.15,0.264384365,0.234288663
0.14,55,0.15,0.270909462,0.218351215
0.15,55,0.15,0.277231598,0.204369961
0.16,55,0.15,0.28337283,0.192020459
0.17,55,0.15,0.289348849,0.18104407
0.18,55,0.15,0.295171669,0.171231539
0.19,55,0.15,0.300851295,0.16240935
0.2,55,0.15,0.306396584,0.154432523
0.21,55,0.15,0.311815571,0.147181631
0.22,55,0.15,0.317115508,0.140560097
0.23,55,0.15,0.322302851,0.13449005
0.24,55,0.15,0.327383322,0.128907166
0.25,55,0.15,0.332362058,0.12375624
0.001,60,0.15,0.010222984,0.14222583
0.002,60,0.15,0.018102007,0.165918243
0.003,60,0.15,0.024775142,0.187431729
0.004,60,0.15,0.030740642,0.207275912
0.005,60,0.15,0.036250614,0.225824413
0.006,60,0.15,0.041445831,0.24335204
0.007,60,0.15,0.046410663,0.260060671
0.008,60,0.15,0.051198371,0.276096308
0.009,60,0.15,0.055843887,0.291561602
0.01,60,0.15,0.060370757,0.306525386
0.02,60,0.15,0.10103602,0.430897396
0.03,60,0.15,0.134047643,0.498594516
0.04,60,0.15,0.158736579,0.507919355
0.05,60,0.15,0.176400934,0.481105373
0.06,60,0.15,0.189528819,0.441108242
0.07,60,0.15,0.200013276,0.400092793
0.08,60,0.15,0.208939033,0.362587398
0.09,60,0.15,0.216894965,0.329668992
0.1,60,0.15,0.224209015,0.301161543
0.11,60,0.15,0.231072002,0.27655368
0.12,60,0.15,0.237599596,0.255297107
0.13,60,0.15,0.243864223,0.236874949
0.14,60,0.15,0.249912362,0.220820932
0.15,60,0.15,0.255774506,0.206735499
0.16,60,0.15,0.261471231,0.194292567
0.17,60,0.15,0.267017072,0.183231804
0.18,60,0.15,0.272423056,0.173343016
0.19,60,0.15,0.277698285,0.164452231
0.2,60,0.15,0.282850792,0.156413841
0.21,60,0.15,0.287887879,0.149107314
0.22,60,0.15,0.292816171,0.142434798
0.23,60,0.15,0.29764159,0.136317404
0.24,60,0.15,0.302369383,0.130690295
0.25,60,0.15,0.307004239,0.125498218
0.001,65,0.15,0.009443237,0.141888304
0.002,65,0.15,0.016719885,0.165531985
0.003,65,0.15,0.022882042,0.187001399
0.004,65,0.15,0.028390336,0.206804939
0.005,65,0.15,0.033477852,0.225315411
0.006,65,0.15,0.038274757,0.242807363
0.007,65,0.15,0.042859079,0.259482733
0.008,65,0.15,0.04728009,0.275487788
0.009,65,0.15,0.051570121,0.290925677
0.01,65,0.15,0.055750977,0.305865854
0.02,65,0.15,0.093341383,0.430346389
0.03,65,0.15,0.123946823,0.498916242
0.04,65,0.15,0.146925094,0.509395998
0.05,65,0.15,0.163404868,0.483383966
0.06,65,0.15,0.175655867,0.443752936
0.07,65,0.15,0.185433989,0.402834303
0.08,65,0.15,0.19375286,0.365294061
0.09,65,0.15,0.201164346,0.332285132
0.1,65,0.15,0.2079761,0.30366635
0.11,65,0.15,0.214367216,0.278941054
0.12,65,0.15,0.220446301,0.25756872
0.13,65,0.15,0.22628139,0.239037925
0.14,65,0.15,0.231916162,0.222885431
0.15,65,0.15,0.237379255,0.208711998
0.16,65,0.15,0.242689952,0.196190236
0.17,65,0.15,0.247861804,0.185058347
0.18,65,0.15,0.252905008,0.175105264
0.19,65,0.15,0.257827918,0.166156599
0.2,65,0.15,0.262637877,0.158066254
0.21,65,0.15,0.267341573,0.150712848
0.22,65,0.15,0.271945096,0.143997458
0.23,65,0.15,0.276453915,0.137840275
0.24,65,0.15,0.280872875,0.132175969
0.25,65,0.15,0.285206299,0.126949188
0.001,70,0.15,0.008773955,0.141593443
0.002,70,0.15,0.015533736,0.165194347
0.003,70,0.15,0.021257541,0.186625077
0.004,70,0.15,0.026373658,0.206393042
0.005,70,0.15,0.031098817,0.224870086
0.006,70,0.15,0.035554065,0.242330708
0.007,70,0.15,0.039811973,0.258976738
0.008,70,0.15,0.04391838,0.274954778
0.009,70,0.15,0.047903375,0.290368308
0.01,70,0.15,0.051787263,0.305287328
0.02,70,0.15,0.086733697,0.429847285
0.03,70,0.15,0.115257211,0.499148049
0.04,70,0.15,0.13674327,0.510612628
0.05,70,0.15,0.152184917,0.485294889
0.06,70,0.15,0.163667293,0.445985935
0.07,70,0.15,0.172827158,0.405156377
0.08,70,0.15,0.180615524,0.367590256
0.09,70,0.15,0.187551491,0.33450644
0.1,70,0.15,0.193924709,0.305794186
0.11,70,0.15,0.199903858,0.280969683
0.12,70,0.15,0.205591268,0.259499119
0.13,70,0.15,0.211051069,0.24087576
0.14,70,0.15,0.216324441,0.22463907
0.15,70,0.15,0.221438382,0.210390288
0.16,70,0.15,0.226411035,0.197800999
0.17,70,0.15,0.231255098,0.186608125
0.18,70,0.15,0.235980064,0.176599828
0.19,70,0.15,0.240593651,0.167601347
0.2,70,0.15,0.245102622,0.159466205
0.21,70,0.15,0.249513142,0.152072372
0.22,70,0.15,0.253830844,0.145320051
0.23,70,0.15,0.258060802,0.139128617
0.24,70,0.15,0.262207525,0.133432283
0.25,70,0.15,0.266275019,0.128175559
0.001,5,0.16,0.103537108,0.118986229
0.002,5,0.16,0.182810761,0.136346978
0.003,5,0.16,0.248897862,0.151123273
0.004,5,0.16,0.306567161,0.16363624
0.005,5,0.16,0.358166109,0.174059763
0.006,5,0.16,0.404957625,0.182481028
0.007,5,0.16,0.447670224,0.188946363
0.008,5,0.16,0.486756012,0.193496037
0.009,5,0.16,0.52252383,0.196188714
0.01,5,0.16,0.555212116,0.19711563
0.02,5,0.16,0.756558549,0.146143711
0.03,5,0.16,0.839637664,0.078973293
0.04,5,0.16,0.882449033,0.036402098
0.05,5,0.16,0.908420904,0.015504266
0.06,5,0.16,0.925636414,0.006812324
0.07,5,0.16,0.937668886,0.003239887
0.08,5,0.16,0.946413706,0.001673909
0.09,5,0.16,0.952982392,0.000931512
0.1,5,0.16,0.958061047,0.00055239
0.11,5,0.16,0.962087569,0.00034558
0.12,5,0.16,0.965349736,0.000226137
0.13,5,0.16,0.968042093,0.000153694
0.14,5,0.16,0.970299763,0.000107872
0.15,5,0.16,0.972218994,7.78249E-05
0.16,5,0.16,0.973869945,5.74976E-05
0.17,5,0.16,0.975304835,4.33668E-05
0.18,5,0.16,0.976563266,3.33057E-05
0.19,5,0.16,0.977675782,2.59909E-05
0.2,5,0.16,0.978666298,2.05733E-05
0.21,5,0.16,0.979553794,1.64935E-05
0.22,5,0.16,0.980353521,1.33739E-05
0.23,5,0.16,0.98107787,1.09575E-05
0.24,5,0.16,0.981737007,9.06157E-06
0.25,5,0.16,0.982339353,7.55651E-06
0.001,10,0.16,0.057696707,0.147645365
0.002,10,0.16,0.102406294,0.17163584
0.003,10,0.16,0.140335398,0.193304541
0.004,10,0.16,0.174189182,0.21316575
0.005,10,0.16,0.205324847,0.23156752
0.006,10,0.16,0.234489217,0.248738673
0.007,10,0.16,0.262119373,0.264820622
0.008,10,0.16,0.288481333,0.279890428
0.009,10,0.16,0.313740368,0.293978447
0.01,10,0.16,0.337999477,0.307082602
0.02,10,0.16,0.532047884,0.378427583
0.03,10,0.16,0.648070904,0.356044607
0.04,10,0.16,0.715590294,0.300210697
0.05,10,0.16,0.759860391,0.24552303
0.06,10,0.16,0.792621257,0.199874096
0.07,10,0.16,0.818878987,0.163070548
0.08,10,0.16,0.840932078,0.133446938
0.09,10,0.16,0.859939576,0.10939534
0.1,10,0.16,0.876542906,0.089629977
0.11,10,0.16,0.891133352,0.073196673
0.12,10,0.16,0.903974624,0.059391082
0.13,10,0.16,0.915261148,0.047697725
0.14,10,0.16,0.92514711,0.037743596
0.15,10,0.16,0.933762139,0.029256944
0.16,10,0.16,0.941220803,0.022046483
0.17,10,0.16,0.947629196,0.015986878
0.18,10,0.16,0.953089983,0.011016077
0.19,10,0.16,0.957706116,0.007143861
0.2,10,0.16,0.96158266,0.004403547
0.21,10,0.16,0.964825809,0.002673427
0.22,10,0.16,0.967538971,0.001653566
0.23,10,0.16,0.969817415,0.001058559
0.24,10,0.16,0.971743938,0.000703727
0.25,10,0.16,0.973387084,0.00048486
0.001,15,0.16,0.039623994,0.15112608
0.002,15,0.16,0.070331015,0.175998739
0.003,15,0.16,0.096419314,0.198558651
0.004,15,0.16,0.119767013,0.219347085
0.005,15,0.16,0.141320883,0.23874627
0.006,15,0.16,0.161606193,0.257023949
0.007,15,0.16,0.180934425,0.274363031
0.008,15,0.16,0.199498991,0.290882511
0.009,15,0.16,0.217423607,0.306652827
0.01,15,0.16,0.234788602,0.321707905
0.02,15,0.16,0.383093848,0.429307545
0.03,15,0.16,0.486581253,0.450858236
0.04,15,0.16,0.552720895,0.416813172
0.05,15,0.16,0.596866251,0.367011764
0.06,15,0.16,0.629560989,0.319205396
0.07,15,0.16,0.656006948,0.277963332
0.08,15,0.16,0.678704217,0.243408648
0.09,15,0.16,0.698924354,0.214602627
0.1,15,0.16,0.717357405,0.190506553
0.11,15,0.16,0.73440032,0.170188051
0.12,15,0.16,0.750294619,0.152884376
0.13,15,0.16,0.765196946,0.138006041
0.14,15,0.16,0.779216881,0.125095426
0.15,15,0.16,0.792437059,0.113789821
0.16,15,0.16,0.804923419,0.103805558
0.17,15,0.16,0.816730531,0.094924553
0.18,15,0.16,0.82790481,0.086974867
0.19,15,0.16,0.838486644,0.079815387
0.2,15,0.16,0.848511678,0.07333045
0.21,15,0.16,0.858011517,0.067427582
0.22,15,0.16,0.867014285,0.06203202
0.23,15,0.16,0.875545189,0.057080298
0.24,15,0.16,0.883627017,0.052517634
0.25,15,0.16,0.891280428,0.048298256
0.001,20,0.16,0.030102639,0.150760096
0.002,20,0.16,0.053409887,0.175681558
0.003,20,0.16,0.07320752,0.198302703
0.004,20,0.16,0.090932497,0.219166228
0.005,20,0.16,0.107310386,0.238661255
0.006,20,0.16,0.12274488,0.25706612
0.007,20,0.16,0.13747649,0.274577039
0.008,20,0.16,0.151655646,0.291328002
0.009,20,0.16,0.165379636,0.307405238
0.01,20,0.16,0.178712664,0.32285838
0.02,20,0.16,0.295225855,0.441609341
0.03,20,0.16,0.381888118,0.483592816
0.04,20,0.16,0.44041366,0.464596272
0.05,20,0.16,0.480101909,0.420820798
0.06,20,0.16,0.5093858,0.37393784
0.07,20,0.16,0.532951968,0.331500431
0.08,20,0.16,0.55315165,0.295025677
0.09,20,0.16,0.57119858,0.264124398
0.1,20,0.16,0.587755294,0.237995536
0.11,20,0.16,0.603202961,0.215826555
0.12,20,0.16,0.61777088,0.196886631
0.13,20,0.16,0.631602892,0.180567793
0.14,20,0.16,0.644793811,0.16639117
0.15,20,0.16,0.657410377,0.153980618
0.16,20,0.16,0.669503295,0.143032931
0.17,20,0.16,0.681113677,0.13330273
0.18,20,0.16,0.692276149,0.124595941
0.19,20,0.16,0.703020402,0.116760752
0.2,20,0.16,0.713372288,0.109675037
0.21,20,0.16,0.723354777,0.10323628
0.22,20,0.16,0.732988665,0.097357523
0.23,20,0.16,0.742292928,0.091966843
0.24,20,0.16,0.751284797,0.087006008
0.25,20,0.16,0.759979833,0.082426958
0.001,25,0.16,0.024250544,0.149744919
0.002,25,0.16,0.04301067,0.174556825
0.003,25,0.16,0.05893929,0.197083679
0.004,25,0.16,0.073199705,0.217864936
0.005,25,0.16,0.086379772,0.23729041
0.006,25,0.16,0.098807019,0.255641841
0.007,25,0.16,0.110677023,0.273120861
0.008,25,0.16,0.122112546,0.289868212
0.009,25,0.16,0.133193412,0.30597776
0.01,25,0.16,0.143972722,0.32150711
0.02,25,0.16,0.239219395,0.444762313
0.03,25,0.16,0.312443604,0.497506647
0.04,25,0.16,0.36359278,0.488204204
0.05,25,0.16,0.398732966,0.449183408
0.06,25,0.16,0.424617533,0.403620473
0.07,25,0.16,0.445352481,0.360885478
0.08,25,0.16,0.463070734,0.323480999
0.09,25,0.16,0.478886752,0.291442146
0.1,25,0.16,0.493411795,0.264141395
0.11,25,0.16,0.506998485,0.240856515
0.12,25,0.16,0.519859029,0.220904409
0.13,25,0.16,0.532125743,0.203685769
0.14,25,0.16,0.543884128,0.188709293
0.15,25,0.16,0.555192087,0.175586972
0.16,25,0.16,0.566091511,0.164009632
0.17,25,0.16,0.576615139,0.153724621
0.18,25,0.16,0.58679025,0.144525165
0.19,25,0.16,0.596640353,0.136245796
0.2,25,0.16,0.606185925,0.128755959
0.21,25,0.16,0.615444897,0.121950535
0.22,25,0.16,0.624433214,0.115741196
0.23,25,0.16,0.633165368,0.1100518
0.24,25,0.16,0.641654758,0.104817499
0.25,25,0.16,0.649913805,0.099984705
0.001,30,0.16,0.02029683,0.148728702
0.002,30,0.16,0.035987251,0.173410177
0.003,30,0.16,0.049304133,0.195820717
0.004,30,0.16,0.061224616,0.216496121
0.005,30,0.16,0.072242714,0.235825136
0.006,30,0.16,0.082633896,0.25409068
0.007,30,0.16,0.092562868,0.271496838
0.008,30,0.16,0.102133232,0.288187968
0.009,30,0.16,0.111412565,0.304262253
0.01,30,0.16,0.120446035,0.319781975
0.02,30,0.16,0.200780588,0.445208112
0.03,30,0.16,0.263781641,0.504387357
0.04,30,0.16,0.308785523,0.50165372
0.05,30,0.16,0.340021949,0.46625656
0.06,30,0.16,0.363020087,0.421926101
0.07,30,0.16,0.38138059,0.379201903
0.08,30,0.16,0.397026823,0.341294418
0.09,30,0.16,0.41097379,0.308565999
0.1,30,0.16,0.423780258,0.280523465
0.11,30,0.16,0.435769252,0.256509609
0.12,30,0.16,0.447135482,0.235880589
0.13,30,0.16,0.458000298,0.218053465
0.14,30,0.16,0.468441625,0.202534382
0.15,30,0.16,0.478511318,0.188926387
0.16,30,0.16,0.488245746,0.176914384
0.17,30,0.16,0.49767234,0.166242724
0.18,30,0.16,0.506813443,0.156700079
0.19,30,0.16,0.515688271,0.148113297
0.2,30,0.16,0.524313713,0.140343753
0.21,30,0.16,0.532704638,0.133281298
0.22,30,0.16,0.54087415,0.126836144
0.23,30,0.16,0.548833953,0.120931945
0.24,30,0.16,0.556594749,0.115502276
0.25,30,0.16,0.564166518,0.110490018
0.001,35,0.16,0.017448653,0.147839678
0.002,35,0.16,0.030929637,0.172400326
0.003,35,0.16,0.042367381,0.194702328
0.004,35,0.16,0.052604183,0.215277995
0.005,35,0.16,0.062066014,0.234514746
0.006,35,0.16,0.070990525,0.25269564
0.007,35,0.16,0.079519935,0.270026126
0.008,35,0.16,0.087743824,0.286652665
0.009,35,0.16,0.09572074,0.302676116
0.01,35,0.16,0.103489939,0.318161803
0.02,35,0.16,0.172869501,0.444762159
0.03,35,0.16,0.228002754,0.508159401
0.04,35,0.16,0.268013107,0.510117138
0.05,35,0.16,0.296008736,0.477519205
0.06,35,0.16,0.316622802,0.43425142
0.07,35,0.16,0.333039214,0.39164883
0.08,35,0.16,0.346997546,0.353447502
0.09,35,0.16,0.35942339,0.320265876
0.1,35,0.16,0.370827797,0.291718247
0.11,35,0.16,0.381506684,0.267196776
0.12,35,0.16,0.391638672,0.246087738
0.13,35,0.16,0.401335171,0.227824373
0.14,35,0.16,0.410667588,0.211915051
0.15,35,0.16,0.419683053,0.197957452
0.16,35,0.16,0.428414023,0.185631129
0.17,35,0.16,0.436884333,0.174677808
0.18,35,0.16,0.445112934,0.164884164
0.19,35,0.16,0.453115961,0.156073223
0.2,35,0.16,0.460907668,0.148100955
0.21,35,0.16,0.46850072,0.140852332
0.22,35,0.16,0.475906322,0.134234992
0.23,35,0.16,0.483134397,0.128172105
0.24,35,0.16,0.490193886,0.122597251
0.25,35,0.16,0.497093043,0.117452283
0.001,40,0.16,0.015300111,0.147085595
0.002,40,0.16,0.027115693,0.171541122
0.003,40,0.16,0.037137572,0.193748425
0.004,40,0.16,0.046105884,0.214236739
0.005,40,0.16,0.054395014,0.233392212
0.006,40,0.16,0.06221391,0.25149769
0.007,40,0.16,0.069687693,0.26875939
0.008,40,0.16,0.076895245,0.285325121
0.009,40,0.16,0.083888199,0.301297556
0.01,40,0.16,0.090701248,0.316744134
0.02,40,0.16,0.151719363,0.444034249
0.03,40,0.16,0.200664959,0.510386913
0.04,40,0.16,0.236602504,0.515842892
0.05,40,0.16,0.26191131,0.485452569
0.06,40,0.16,0.280553548,0.443083377
0.07,40,0.16,0.295372079,0.400637679
0.08,40,0.16,0.307949126,0.36225438
0.09,40,0.16,0.319132365,0.328756135
0.1,40,0.16,0.32939097,0.299844965
0.11,40,0.16,0.338996939,0.274952053
0.12,40,0.16,0.348114644,0.253486963
0.13,40,0.16,0.356846706,0.234896946
0.14,40,0.16,0.365258875,0.218694371
0.15,40,0.16,0.373394373,0.204473989
0.16,40,0.16,0.381282638,0.19191102
0.17,40,0.16,0.388944885,0.180744651
0.18,40,0.16,0.396397626,0.170760275
0.19,40,0.16,0.403654742,0.161778955
0.2,40,0.16,0.410728485,0.153653248
0.21,40,0.16,0.417629839,0.146264342
0.22,40,0.16,0.424368588,0.139517132
0.23,40,0.16,0.430953397,0.13333377
0.24,40,0.16,0.437391998,0.12764786
0.25,40,0.16,0.443691441,0.122401153
0.001,45,0.16,0.013621998,0.146452175
0.002,45,0.16,0.024137703,0.170817985
0.003,45,0.16,0.033054891,0.192944193
0.004,45,0.16,0.04103363,0.213357688
0.005,45,0.16,0.048407854,0.232443213
0.006,45,0.16,0.055363987,0.250483426
0.007,45,0.16,0.062013712,0.267684909
0.008,45,0.16,0.068427489,0.284196438
0.009,45,0.16,0.074651488,0.300121909
0.01,45,0.16,0.080716779,0.315530335
0.02,45,0.16,0.135154274,0.443247494
0.03,45,0.16,0.179127527,0.511773071
0.04,45,0.16,0.211705488,0.519928001
0.05,45,0.16,0.234769215,0.491314997
0.06,45,0.16,0.251765513,0.449706223
0.07,45,0.16,0.265256398,0.407423942
0.08,45,0.16,0.276689868,0.368924158
0.09,45,0.16,0.286846206,0.335195178
0.1,45,0.16,0.29615817,0.306011676
0.11,45,0.16,0.304876888,0.280836601
0.12,45,0.16,0.313154257,0.259097943
0.13,45,0.16,0.321085198,0.240254785
0.14,45,0.16,0.328730539,0.223824002
0.15,45,0.16,0.33613018,0.209398988
0.16,45,0.16,0.343311115,0.19665166
0.17,45,0.16,0.350292535,0.185318874
0.18,45,0.16,0.357089121,0.175184963
0.19,45,0.16,0.363713049,0.166069849
0.2,45,0.16,0.370175035,0.157823938
0.21,45,0.16,0.376484732,0.150325566
0.22,45,0.16,0.38265081,0.143477207
0.23,45,0.16,0.388680972,0.137199729
0.24,45,0.16,0.394582063,0.13142655
0.25,45,0.16,0.400360261,0.126099534
0.001,50,0.16,0.012275248,0.145917056
0.002,50,0.16,0.021748352,0.170206302
0.003,50,0.16,0.029779798,0.192263431
0.004,50,0.16,0.036965209,0.212612973
0.005,50,0.16,0.043605954,0.231638669
0.006,50,0.16,0.049870312,0.249622779
0.007,50,0.16,0.055859132,0.266772168
0.008,50,0.16,0.061636071,0.283236273
0.009,50,0.16,0.067242877,0.299119969
0.01,50,0.16,0.072707678,0.314493371
0.02,50,0.16,0.121836077,0.442487359
0.03,50,0.16,0.161735844,0.512673295
0.04,50,0.16,0.191506776,0.5229699
0.05,50,0.16,0.21267502,0.49581461
0.06,50,0.16,0.22828211,0.454852729
0.07,50,0.16,0.240656365,0.412727358
0.08,50,0.16,0.251130843,0.37415003
0.09,50,0.16,0.260427465,0.340245925
0.1,50,0.16,0.268947317,0.310850823
0.11,50,0.16,0.276923331,0.285454151
0.12,50,0.16,0.284496499,0.263498837
0.13,50,0.16,0.291754998,0.244453848
0.14,50,0.16,0.298755358,0.227840488
0.15,50,0.16,0.30553462,0.213251698
0.16,50,0.16,0.312117729,0.200356854
0.17,50,0.16,0.31852225,0.188890749
0.18,50,0.16,0.324761433,0.178636744
0.19,50,0.16,0.330846129,0.169414001
0.2,50,0.16,0.336785843,0.161071486
0.21,50,0.16,0.342589164,0.15348545
0.22,50,0.16,0.348263856,0.146556295
0.23,50,0.16,0.353816856,0.140203599
0.24,50,0.16,0.359254317,0.134360391
0.25,50,0.16,0.364581759,0.128968646
0.001,55,0.16,0.011170711,0.145459363
0.002,55,0.16,0.019789134,0.169682766
0.003,55,0.16,0.027094693,0.191680468
0.004,55,0.16,0.033630037,0.211974941
0.005,55,0.16,0.039669758,0.230949047
0.006,55,0.16,0.045367211,0.248884716
0.007,55,0.16,0.050814323,0.265988957
0.008,55,0.16,0.056069147,0.282411652
0.009,55,0.16,0.061169778,0.298258411
0.01,55,0.16,0.06614191,0.313600332
0.02,55,0.16,0.110899089,0.441779191
0.03,55,0.16,0.147405414,0.513272364
0.04,55,0.16,0.174801689,0.525307903
0.05,55,0.16,0.194352578,0.499368287
0.06,55,0.16,0.208774204,0.458961702
0.07,55,0.16,0.220198203,0.416982844
0.08,55,0.16,0.229858564,0.378353158
0.09,55,0.16,0.238426422,0.344312598
0.1,55,0.16,0.246275208,0.314748966
0.11,55,0.16,0.253621936,0.289174128
0.12,55,0.16,0.260598039,0.26704337
0.13,55,0.16,0.267285773,0.247833999
0.14,55,0.16,0.273737895,0.231071423
0.15,55,0.16,0.279988957,0.216348683
0.16,55,0.16,0.286062156,0.203333229
0.17,55,0.16,0.291973708,0.191758037
0.18,55,0.16,0.297735709,0.181405566
0.19,55,0.16,0.303357956,0.172094421
0.2,55,0.16,0.30884898,0.163672592
0.21,55,0.16,0.314216503,0.156014753
0.22,55,0.16,0.319467543,0.149019593
0.23,55,0.16,0.324608403,0.142605479
0.24,55,0.16,0.329644682,0.136704953
0.25,55,0.16,0.334581379,0.131260033
0.001,60,0.16,0.010248404,0.145066036
0.002,60,0.16,0.018153464,0.169232497
0.003,60,0.16,0.024853322,0.191178768
0.004,60,0.16,0.030846307,0.211425689
0.005,60,0.16,0.036384601,0.23035522
0.006,60,0.16,0.041609062,0.24824888
0.007,60,0.16,0.046604147,0.265313808
0.008,60,0.16,0.051423209,0.281700294
0.009,60,0.16,0.056101278,0.29751456
0.01,60,0.16,0.060661997,0.312828313
0.02,60,0.16,0.101758807,0.441133686
0.03,60,0.16,0.135397132,0.513681218
0.04,60,0.16,0.160761532,0.527155411
0.05,60,0.16,0.178918538,0.502243791
0.06,60,0.16,0.1923182,0.462317682
0.07,60,0.16,0.20292479,0.420473389
0.08,60,0.16,0.211886278,0.381807736
0.09,60,0.16,0.219829344,0.347658126
0.1,60,0.16,0.227103141,0.317957145
0.11,60,0.16,0.233910685,0.29223594
0.12,60,0.16,0.240374993,0.269960212
0.13,60,0.16,0.246573096,0.250614305
0.14,60,0.16,0.252554426,0.233727405
0.15,60,0.16,0.258351348,0.218892953
0.16,60,0.16,0.263985543,0.205776906
0.17,60,0.16,0.269472087,0.194110703
0.18,60,0.16,0.274822122,0.183675942
0.19,60,0.16,0.280044584,0.174290797
0.2,60,0.16,0.285147208,0.165802563
0.21,60,0.16,0.290136999,0.158084699
0.22,60,0.16,0.295020353,0.151034508
0.23,60,0.16,0.299803041,0.144569256
0.24,60,0.16,0.304490199,0.138620946
0.25,60,0.16,0.309086404,0.133131575
0.001,65,0.16,0.009466695,0.144724876
0.002,65,0.16,0.016767367,0.168841923
0.003,65,0.16,0.022954178,0.19074344
0.004,65,0.16,0.028487824,0.21094892
0.005,65,0.16,0.03360146,0.22983956
0.006,65,0.16,0.038425331,0.247696603
0.007,65,0.16,0.043037543,0.264727184
0.008,65,0.16,0.047487452,0.281081849
0.009,65,0.16,0.05180748,0.296867351
0.01,65,0.16,0.056019521,0.312156011
0.02,65,0.16,0.094007205,0.440549324
0.03,65,0.16,0.125191148,0.513964138
0.04,65,0.16,0.14879903,0.528647383
0.05,65,0.16,0.165743669,0.504615524
0.06,65,0.16,0.178254087,0.465108258
0.07,65,0.16,0.188150686,0.423386499
0.08,65,0.16,0.196506194,0.384695635
0.09,65,0.16,0.203908128,0.350456841
0.1,65,0.16,0.210684204,0.320641686
0.11,65,0.16,0.217025061,0.294798083
0.12,65,0.16,0.223046263,0.27240059
0.13,65,0.16,0.228820212,0.252939628
0.14,65,0.16,0.234393389,0.235947758
0.15,65,0.16,0.239796224,0.221018968
0.16,65,0.16,0.245049071,0.207818056
0.17,65,0.16,0.250166024,0.196075111
0.18,65,0.16,0.255157422,0.185570947
0.19,65,0.16,0.260031482,0.176123326
0.2,65,0.16,0.264795281,0.167579036
0.21,65,0.16,0.269455221,0.15981058
0.22,65,0.16,0.274017171,0.152714102
0.23,65,0.16,0.278486449,0.146205861
0.24,65,0.16,0.282867802,0.140217359
0.25,65,0.16,0.287165452,0.134690482
0.001,70,0.16,0.00879573,0.144426623
0.002,70,0.16,0.015577809,0.168500287
0.003,70,0.16,0.021324494,0.190362485
0.004,70,0.16,0.026464134,0.210531627
0.005,70,0.16,0.031213526,0.229388059
0.006,70,0.16,0.035693787,0.247212876
0.007,70,0.16,0.039977562,0.26421317
0.008,70,0.16,0.044110766,0.280539762
0.009,70,0.16,0.048123572,0.296299732
0.01,70,0.16,0.052036365,0.311565893
0.02,70,0.16,0.087350803,0.440020579
0.03,70,0.16,0.116411385,0.514160366
0.04,70,0.16,0.138486765,0.529873142
0.05,70,0.16,0.154368086,0.50660219
0.06,70,0.16,0.166098226,0.467463011
0.07,70,0.16,0.175372747,0.42585307
0.08,70,0.16,0.183198096,0.387145055
0.09,70,0.16,0.190127081,0.352832828
0.1,70,0.16,0.196468372,0.322921969
0.11,70,0.16,0.202401604,0.296975062
0.12,70,0.16,0.208035706,0.274474305
0.13,70,0.16,0.213438953,0.254915335
0.14,70,0.16,0.218655197,0.237833765
0.15,70,0.16,0.223713145,0.222824226
0.16,70,0.16,0.228631978,0.209550637
0.17,70,0.16,0.233424932,0.197741901
0.18,70,0.16,0.238101657,0.18717812
0.19,70,0.16,0.242669766,0.177676737
0.2,70,0.16,0.247135779,0.169084122
0.21,70,0.16,0.251505588,0.161272056
0.22,70,0.16,0.255784611,0.15413572
0.23,70,0.16,0.259977777,0.147590503
0.24,70,0.16,0.264089498,0.1415674
0.25,70,0.16,0.268123695,0.136008179
0.001,5,0.17,0.103640418,0.120102761
0.002,5,0.17,0.183017963,0.13763494
0.003,5,0.17,0.249209528,0.152564691
0.004,5,0.17,0.306983598,0.165216909
0.005,5,0.17,0.358687037,0.175767352
0.006,5,0.17,0.405581823,0.184303693
0.007,5,0.17,0.448395183,0.190871747
0.008,5,0.17,0.487577655,0.195510655
0.009,5,0.17,0.523436357,0.198277718
0.01,5,0.17,0.556208025,0.19926295
0.02,5,0.17,0.757838862,0.148083313
0.03,5,0.17,0.840619267,0.080234698
0.04,5,0.17,0.883086639,0.037150941
0.05,5,0.17,0.908803607,0.015932081
0.06,5,0.17,0.925857675,0.007052989
0.07,5,0.17,0.937796199,0.003376103
0.08,5,0.17,0.946488351,0.001752912
0.09,5,0.17,0.95302757,0.000978963
0.1,5,0.17,0.958089406,0.000582007
0.11,5,0.17,0.962106027,0.000364772
0.12,5,0.17,0.965362162,0.000239012
0.13,5,0.17,0.968050717,0.000162604
0.14,5,0.17,0.970305913,0.000114211
0.15,5,0.17,0.972223485,8.24446E-05
0.16,5,0.17,0.973873295,6.09377E-05
0.17,5,0.17,0.975307381,4.59774E-05
0.18,5,0.17,0.976565234,3.5321E-05
0.19,5,0.17,0.977677326,2.75702E-05
0.2,5,0.17,0.978667525,2.18271E-05
0.21,5,0.17,0.979554782,1.75021E-05
0.22,5,0.17,0.980354325,1.4194E-05
0.23,5,0.17,0.98107853,1.16302E-05
0.24,5,0.17,0.981737554,9.61875E-06
0.25,5,0.17,0.982339811,8.02275E-06
0.001,10,0.17,0.057801297,0.149725765
0.002,10,0.17,0.102618635,0.174065245
0.003,10,0.17,0.140659107,0.196057114
0.004,10,0.17,0.174628335,0.216224294
0.005,10,0.17,0.205883976,0.234921255
0.006,10,0.17,0.235173289,0.252381601
0.007,10,0.17,0.262933746,0.268750266
0.008,10,0.17,0.28943169,0.284106828
0.009,10,0.17,0.314832611,0.298483251
0.01,10,0.17,0.339239601,0.311878304
0.02,10,0.17,0.534971111,0.386001069
0.03,10,0.17,0.652201004,0.364686562
0.04,10,0.17,0.720009116,0.308239593
0.05,10,0.17,0.764081137,0.252441454
0.06,10,0.17,0.796458152,0.205682407
0.07,10,0.17,0.822273974,0.167892518
0.08,10,0.17,0.843881781,0.137422684
0.09,10,0.17,0.862465567,0.112654084
0.1,10,0.17,0.878678089,0.092284221
0.11,10,0.17,0.892915047,0.075342378
0.12,10,0.17,0.905441021,0.06110959
0.13,10,0.17,0.916449666,0.049058219
0.14,10,0.17,0.926093749,0.038805447
0.15,10,0.17,0.934501294,0.030071692
0.16,10,0.17,0.941785209,0.022659357
0.17,10,0.17,0.948049822,0.016437846
0.18,10,0.17,0.953395728,0.011340405
0.19,10,0.17,0.957923254,0.007372208
0.2,10,0.17,0.961734087,0.004561717
0.21,10,0.17,0.96493036,0.002782079
0.22,10,0.17,0.967611142,0.001728281
0.23,10,0.17,0.969867672,0.001110435
0.24,10,0.17,0.97177947,0.000740318
0.25,10,0.17,0.973412679,0.000511168
0.001,15,0.17,0.039707815,0.153561184
0.002,15,0.17,0.07050114,0.178843384
0.003,15,0.17,0.096678553,0.201781171
0.004,15,0.17,0.120118519,0.222925765
0.005,15,0.17,0.141768172,0.242666976
0.006,15,0.17,0.162153151,0.261278361
0.007,15,0.17,0.181585322,0.278947449
0.008,15,0.17,0.200258478,0.295796864
0.009,15,0.17,0.218296706,0.311899899
0.01,15,0.17,0.235780686,0.327292696
0.02,15,0.17,0.385599636,0.438656538
0.03,15,0.17,0.490819156,0.463494556
0.04,15,0.17,0.558064778,0.430511376
0.05,15,0.17,0.602622699,0.380195843
0.06,15,0.17,0.63534225,0.331319664
0.07,15,0.17,0.66162716,0.288912035
0.08,15,0.17,0.68407706,0.253251875
0.09,15,0.17,0.704012735,0.223445302
0.1,15,0.17,0.722149967,0.198460157
0.11,15,0.17,0.738899686,0.177357308
0.12,15,0.17,0.754510897,0.159363006
0.13,15,0.17,0.76914381,0.143875843
0.14,15,0.17,0.782909171,0.130426648
0.15,15,0.17,0.79588947,0.11864227
0.16,15,0.17,0.808149945,0.108230149
0.17,15,0.17,0.819744282,0.098964846
0.18,15,0.17,0.830717947,0.090668298
0.19,15,0.17,0.84111037,0.08319426
0.2,15,0.17,0.850956307,0.0764228
0.21,15,0.17,0.860286592,0.070257938
0.22,15,0.17,0.869128671,0.064621995
0.23,15,0.17,0.87750714,0.059449039
0.24,15,0.17,0.885444224,0.05468217
0.25,15,0.17,0.89296009,0.050273826
0.001,20,0.17,0.030169801,0.153327557
0.002,20,0.17,0.053546091,0.178679739
0.003,20,0.17,0.073414877,0.201696842
0.004,20,0.17,0.091213366,0.222931945
0.005,20,0.17,0.107667389,0.242782065
0.006,20,0.17,0.123180916,0.261531692
0.007,20,0.17,0.137994746,0.279381913
0.008,20,0.17,0.152259605,0.296470634
0.009,20,0.17,0.166073079,0.312887238
0.01,20,0.17,0.179499674,0.328683948
0.02,20,0.17,0.297220233,0.451348034
0.03,20,0.17,0.385453932,0.497445606
0.04,20,0.17,0.445247954,0.480672724
0.05,20,0.17,0.485592302,0.437069149
0.06,20,0.17,0.515107142,0.389369696
0.07,20,0.17,0.538677493,0.345804795
0.08,20,0.17,0.558765751,0.308169279
0.09,20,0.17,0.576643006,0.276173503
0.1,20,0.17,0.593002446,0.24904767
0.11,20,0.17,0.608242504,0.225984347
0.12,20,0.17,0.622602531,0.206247607
0.13,20,0.17,0.636232168,0.189220657
0.14,20,0.17,0.649229289,0.174414669
0.15,20,0.17,0.661661862,0.161443432
0.16,20,0.17,0.67358068,0.149994189
0.17,20,0.17,0.685026395,0.139813088
0.18,20,0.17,0.696033028,0.130698955
0.19,20,0.17,0.706629678,0.122494153
0.2,20,0.17,0.716841612,0.115071689
0.21,20,0.17,0.726691183,0.108324854
0.22,20,0.17,0.73619857,0.102163073
0.23,20,0.17,0.745382188,0.096511369
0.24,20,0.17,0.754258824,0.091309017
0.25,20,0.17,0.762843678,0.086505886
0.001,25,0.17,0.024305826,0.152365899
0.002,25,0.17,0.043122714,0.177616578
0.003,25,0.17,0.059109752,0.200545839
0.004,25,0.17,0.073430432,0.221703672
0.005,25,0.17,0.086672811,0.241487855
0.006,25,0.17,0.09916463,0.26018637
0.007,25,0.17,0.11110169,0.278005818
0.008,25,0.17,0.122606985,0.295090945
0.009,25,0.17,0.133760574,0.311538853
0.01,25,0.17,0.144615803,0.327409868
0.02,25,0.17,0.240842282,0.454563717
0.03,25,0.17,0.315410389,0.51172611
0.04,25,0.17,0.367774649,0.505320812
0.05,25,0.17,0.403631424,0.466986711
0.06,25,0.17,0.429828194,0.420844892
0.07,25,0.17,0.450644306,0.377055968
0.08,25,0.17,0.468321005,0.338486556
0.09,25,0.17,0.48403063,0.305313945
0.1,25,0.17,0.498415727,0.276961676
0.11,25,0.17,0.511846692,0.252722289
0.12,25,0.17,0.524546294,0.23191259
0.13,25,0.17,0.536653244,0.213927124
0.14,25,0.17,0.548256805,0.198266185
0.15,25,0.17,0.55941685,0.184532662
0.16,25,0.17,0.570175985,0.172408216
0.17,25,0.17,0.580566874,0.161631479
0.18,25,0.17,0.590616347,0.151987907
0.19,25,0.17,0.600347402,0.143305524
0.2,25,0.17,0.609780065,0.135448471
0.21,25,0.17,0.618931868,0.128307252
0.22,25,0.17,0.627818341,0.121789762
0.23,25,0.17,0.636453521,0.115816519
0.24,25,0.17,0.644850354,0.110319757
0.25,25,0.17,0.653020866,0.105243433
0.001,30,0.17,0.020343521,0.151371247
0.002,30,0.17,0.036081846,0.176494567
0.003,30,0.17,0.049447984,0.199309674
0.004,30,0.17,0.06141923,0.220362983
0.005,30,0.17,0.072489758,0.240051212
0.006,30,0.17,0.082935206,0.258663502
0.007,30,0.17,0.092920464,0.276408982
0.008,30,0.17,0.102549319,0.293435998
0.009,30,0.17,0.111889543,0.309846044
0.01,30,0.17,0.120986504,0.32570414
0.02,30,0.17,0.202138754,0.45498412
0.03,30,0.17,0.266291747,0.518702878
0.04,30,0.17,0.3124094,0.519276983
0.05,30,0.17,0.34435503,0.484941849
0.06,30,0.17,0.367692683,0.440228357
0.07,30,0.17,0.386170441,0.396523633
0.08,30,0.17,0.401812751,0.357462944
0.09,30,0.17,0.415690235,0.323583452
0.1,30,0.17,0.428391994,0.294458603
0.11,30,0.17,0.440258351,0.269453607
0.12,30,0.17,0.451494362,0.247928515
0.13,30,0.17,0.46222776,0.229296416
0.14,30,0.17,0.47254039,0.213056303
0.15,30,0.17,0.482486363,0.198802927
0.16,30,0.17,0.492103113,0.186212551
0.17,30,0.17,0.501418303,0.175020993
0.18,30,0.17,0.510454015,0.165008955
0.19,30,0.17,0.519229014,0.155996303
0.2,30,0.17,0.527759756,0.147838643
0.21,30,0.17,0.536060765,0.140421157
0.22,30,0.17,0.544144851,0.133650196
0.23,30,0.17,0.55202341,0.127446054
0.24,30,0.17,0.559706792,0.121739293
0.25,30,0.17,0.567204607,0.116470109
0.001,35,0.17,0.01748894,0.150489912
0.002,35,0.17,0.031011235,0.175493331
0.003,35,0.17,0.04249143,0.198200341
0.004,35,0.17,0.05277195,0.219153799
0.005,35,0.17,0.062278899,0.238749103
0.006,35,0.17,0.071250071,0.257275577
0.007,35,0.17,0.079827837,0.27494368
0.008,35,0.17,0.088101932,0.291903867
0.009,35,0.17,0.096131068,0.308260324
0.01,35,0.17,0.103954669,0.324081116
0.02,35,0.17,0.174033318,0.454488795
0.03,35,0.17,0.230167004,0.522475167
0.04,35,0.17,0.271188335,0.528007928
0.05,35,0.17,0.299861763,0.49675148
0.06,35,0.17,0.320818919,0.453259169
0.07,35,0.17,0.337369036,0.40974157
0.08,35,0.17,0.351344716,0.370403433
0.09,35,0.17,0.363724028,0.336063361
0.1,35,0.17,0.375046861,0.306414669
0.11,35,0.17,0.385625609,0.280878027
0.12,35,0.17,0.395648781,0.258846814
0.13,35,0.17,0.40523394,0.239752068
0.14,35,0.17,0.41445635,0.223096011
0.15,35,0.17,0.423365469,0.208468665
0.16,35,0.17,0.431994981,0.195541391
0.17,35,0.17,0.440369154,0.18404766
0.18,35,0.17,0.448506839,0.173766194
0.19,35,0.17,0.456423806,0.164512809
0.2,35,0.17,0.464133893,0.156137341
0.21,35,0.17,0.471649428,0.148519793
0.22,35,0.17,0.478981359,0.141563776
0.23,35,0.17,0.486139384,0.135189081
0.24,35,0.17,0.493132191,0.129326289
0.25,35,0.17,0.499967739,0.123914525
0.001,40,0.17,0.01533548,0.149737293
0.002,40,0.17,0.027187315,0.174635571
0.003,40,0.17,0.03724643,0.197247552
0.004,40,0.17,0.04625307,0.218113005
0.005,40,0.17,0.054581734,0.237626037
0.006,40,0.17,0.062441492,0.256075739
0.007,40,0.17,0.069957593,0.273673287
0.008,40,0.17,0.077209054,0.290570524
0.009,40,0.17,0.084247649,0.306873446
0.01,40,0.17,0.091108214,0.322652213
0.02,40,0.17,0.152735735,0.453707872
0.03,40,0.17,0.202562301,0.524668033
0.04,40,0.17,0.239418325,0.533883032
0.05,40,0.17,0.265366325,0.505047984
0.06,40,0.17,0.28434457,0.462583258
0.07,40,0.17,0.299303284,0.41927923
0.08,40,0.17,0.311910069,0.379776145
0.09,40,0.17,0.323061791,0.345116898
0.1,40,0.17,0.333254832,0.315092565
0.11,40,0.17,0.342776759,0.289167784
0.12,40,0.17,0.351801302,0.266761836
0.13,40,0.17,0.360436933,0.247321218
0.14,40,0.17,0.368753114,0.230352977
0.15,40,0.17,0.376795365,0.215444712
0.16,40,0.17,0.384594417,0.202263828
0.17,40,0.17,0.392172033,0.190541509
0.18,40,0.17,0.399544747,0.180055296
0.19,40,0.17,0.406726158,0.170618951
0.2,40,0.17,0.41372814,0.162078672
0.21,40,0.17,0.420561338,0.154310397
0.22,40,0.17,0.42723529,0.147214817
0.23,40,0.17,0.433758472,0.140710637
0.24,40,0.17,0.440138427,0.134728477
0.25,40,0.17,0.446381982,0.129207384
0.001,45,0.17,0.013653489,0.149102515
0.002,45,0.17,0.024201461,0.173910616
0.003,45,0.17,0.033151782,0.196440969
0.004,45,0.17,0.04116461,0.217230745
0.005,45,0.17,0.048573982,0.236672761
0.006,45,0.17,0.055566427,0.255055855
0.007,45,0.17,0.062253739,0.272591543
0.008,45,0.17,0.068706498,0.289432672
0.009,45,0.17,0.074970995,0.305686407
0.01,45,0.17,0.081078428,0.321424527
0.02,45,0.17,0.136055487,0.452871114
0.03,45,0.17,0.180814198,0.526007979
0.04,45,0.17,0.214230258,0.53805445
0.05,45,0.17,0.237894011,0.511164512
0.06,45,0.17,0.255214562,0.4695664
0.07,45,0.17,0.268846851,0.426474527
0.08,45,0.17,0.280317353,0.386871154
0.09,45,0.17,0.290452395,0.351981058
0.1,45,0.17,0.299710347,0.321676227
0.11,45,0.17,0.308357011,0.295457155
0.12,45,0.17,0.316553112,0.272763704
0.13,45,0.17,0.324399103,0.253055395
0.14,45,0.17,0.331959351,0.235844478
0.15,45,0.17,0.339275984,0.220717615
0.16,45,0.17,0.346377297,0.207339201
0.17,45,0.17,0.353283095,0.195438323
0.18,45,0.17,0.360008165,0.184791575
0.19,45,0.17,0.366564474,0.175211563
0.2,45,0.17,0.372962398,0.16654218
0.21,45,0.17,0.379211265,0.158656317
0.22,45,0.17,0.385319496,0.151452054
0.23,45,0.17,0.391294623,0.144846729
0.24,45,0.17,0.397143338,0.138770762
0.25,45,0.17,0.402871649,0.133163355
0.001,50,0.17,0.012303611,0.148564795
0.002,50,0.17,0.021805771,0.173295827
0.003,50,0.17,0.029867043,0.19575637
0.004,50,0.17,0.037083132,0.21648134
0.005,50,0.17,0.043755497,0.235862472
0.006,50,0.17,0.050052511,0.254188221
0.007,50,0.17,0.056075121,0.271670361
0.008,50,0.17,0.06188709,0.288462379
0.009,50,0.17,0.067530274,0.304672426
0.01,50,0.17,0.073032915,0.320373382
0.02,50,0.17,0.122645103,0.452065883
0.03,50,0.17,0.163252689,0.526859952
0.04,50,0.17,0.193792479,0.541147099
0.05,50,0.17,0.21552359,0.515849557
0.06,50,0.17,0.231441382,0.47498692
0.07,50,0.17,0.243955435,0.43209392
0.08,50,0.17,0.254471189,0.392427899
0.09,50,0.17,0.263753695,0.357363805
0.1,50,0.17,0.272228156,0.326841651
0.11,50,0.17,0.280141333,0.300391838
0.12,50,0.17,0.287642543,0.27747097
0.13,50,0.17,0.294825189,0.257549462
0.14,50,0.17,0.30174916,0.240144573
0.15,50,0.17,0.308453637,0.224842863
0.16,50,0.17,0.314964848,0.211306436
0.17,50,0.17,0.321301002,0.199262497
0.18,50,0.17,0.327475515,0.188486796
0.19,50,0.17,0.33349909,0.178791199
0.2,50,0.17,0.339380929,0.170018063
0.21,50,0.17,0.345129309,0.162038027
0.22,50,0.17,0.350751752,0.154746961
0.23,50,0.17,0.356255025,0.148060797
0.24,50,0.17,0.361645154,0.141909558
0.25,50,0.17,0.36692752,0.13623256
0.001,55,0.17,0.011196502,0.148104006
0.002,55,0.17,0.019841341,0.172768582
0.003,55,0.17,0.027174009,0.195168949
0.004,55,0.17,0.033737232,0.215838084
0.005,55,0.17,0.039805679,0.235166663
0.006,55,0.17,0.045532791,0.253442861
0.007,55,0.17,0.051010582,0.270878557
0.008,55,0.17,0.056297201,0.287627696
0.009,55,0.17,0.06143084,0.303799153
0.01,55,0.17,0.066437295,0.319466776
0.02,55,0.17,0.111632768,0.45131762
0.03,55,0.17,0.148782777,0.527412451
0.04,55,0.17,0.176888211,0.543514755
0.05,55,0.17,0.196967698,0.519543106
0.06,55,0.17,0.211686085,0.47931059
0.07,55,0.17,0.223246766,0.436600449
0.08,55,0.17,0.232950755,0.396895565
0.09,55,0.17,0.241509671,0.361696789
0.1,55,0.17,0.249319679,0.331001982
0.11,55,0.17,0.256610845,0.304366915
0.12,55,0.17,0.263522458,0.281262071
0.13,55,0.17,0.270141715,0.261167075
0.14,55,0.17,0.276524558,0.243603781
0.15,55,0.17,0.282707585,0.228159147
0.16,55,0.17,0.288715243,0.214493558
0.17,55,0.17,0.294564404,0.20233256
0.18,55,0.17,0.300267371,0.191451118
0.19,55,0.17,0.305833837,0.181660567
0.2,55,0.17,0.311272069,0.172802239
0.21,55,0.17,0.316589493,0.164745076
0.22,55,0.17,0.321792888,0.157383093
0.23,55,0.17,0.326888394,0.150630934
0.24,55,0.17,0.331881491,0.144418082
0.25,55,0.17,0.336777064,0.138683909
0.001,60,0.17,0.010272045,0.147707472
0.002,60,0.17,0.018201314,0.172314431
0.003,60,0.17,0.024926015,0.194662823
0.004,60,0.17,0.03094454,0.21528359
0.005,60,0.17,0.036509145,0.234566709
0.006,60,0.17,0.041760765,0.252799886
0.007,60,0.17,0.046783937,0.27019515
0.008,60,0.17,0.0516321,0.286906808
0.009,60,0.17,0.056340371,0.303044321
0.01,60,0.17,0.060932488,0.318682196
0.02,60,0.17,0.102429814,0.450636655
0.03,60,0.17,0.136658065,0.527777902
0.04,60,0.17,0.162679907,0.54537903
0.05,60,0.17,0.181334297,0.522527095
0.06,60,0.17,0.195017079,0.482838976
0.07,60,0.17,0.205756461,0.440295084
0.08,60,0.17,0.214762732,0.400566414
0.09,60,0.17,0.222700658,0.365260643
0.1,60,0.17,0.229940867,0.334425439
0.11,60,0.17,0.236698716,0.307638374
0.12,60,0.17,0.243104647,0.284381645
0.13,60,0.17,0.249240367,0.264142655
0.14,60,0.17,0.255158331,0.246447471
0.15,60,0.17,0.260892856,0.230883702
0.16,60,0.17,0.266466836,0.217110427
0.17,60,0.17,0.271895999,0.204851776
0.18,60,0.17,0.277191722,0.193881956
0.19,60,0.17,0.282362874,0.184011916
0.2,60,0.17,0.287416959,0.175082266
0.21,60,0.17,0.292360703,0.166960635
0.22,60,0.17,0.297200269,0.159539544
0.23,60,0.17,0.301941264,0.152732429
0.24,60,0.17,0.306588719,0.146468223
0.25,60,0.17,0.311147109,0.140686259
0.001,65,0.17,0.009488513,0.147363136
0.002,65,0.17,0.016811526,0.171920217
0.003,65,0.17,0.023021257,0.194223149
0.004,65,0.17,0.028578463,0.214801766
0.005,65,0.17,0.033716366,0.234045209
0.006,65,0.17,0.038565281,0.252240875
0.007,65,0.17,0.043203387,0.269600776
0.008,65,0.17,0.04768012,0.286279506
0.009,65,0.17,0.05202798,0.302387003
0.01,65,0.17,0.056268948,0.317998388
0.02,65,0.17,0.094625299,0.450020884
0.03,65,0.17,0.12635352,0.528020959
0.04,65,0.17,0.150573765,0.546879652
0.05,65,0.17,0.167987492,0.524984875
0.06,65,0.17,0.180768016,0.485770776
0.07,65,0.17,0.190793166,0.443377233
0.08,65,0.17,0.199193835,0.403634299
0.09,65,0.17,0.206593471,0.368241516
0.1,65,0.17,0.213340114,0.337289851
0.11,65,0.17,0.219636092,0.310375814
0.12,65,0.17,0.225604006,0.286991615
0.13,65,0.17,0.231320688,0.266631362
0.14,65,0.17,0.236835491,0.248824873
0.15,65,0.17,0.242180711,0.233160543
0.16,65,0.17,0.247377868,0.219296423
0.17,65,0.17,0.252441704,0.206955422
0.18,65,0.17,0.257382806,0.195911036
0.19,65,0.17,0.262209358,0.185973867
0.2,65,0.17,0.266928228,0.176983977
0.21,65,0.17,0.271545563,0.168807996
0.22,65,0.17,0.276067002,0.161337171
0.23,65,0.17,0.280497703,0.154483862
0.24,65,0.17,0.28484231,0.148176442
0.25,65,0.17,0.289104959,0.142354148
0.001,70,0.17,0.008815983,0.147061774
0.002,70,0.17,0.015618799,0.171574971
0.003,70,0.17,0.021386756,0.193838035
0.004,70,0.17,0.026548259,0.214379702
0.005,70,0.17,0.031320166,0.233588224
0.006,70,0.17,0.03582366,0.251750901
0.007,70,0.17,0.040131451,0.269079612
0.008,70,0.17,0.044289528,0.28572924
0.009,70,0.17,0.048328138,0.301810106
0.01,70,0.17,0.052267745,0.317397778
0.02,70,0.17,0.087923652,0.449464274
0.03,70,0.17,0.117489302,0.528180809
0.04,70,0.17,0.14013749,0.548108818
0.05,70,0.17,0.156462277,0.527041083
0.06,70,0.17,0.168450274,0.488243146
0.07,70,0.17,0.177848996,0.445986
0.08,70,0.17,0.185719383,0.406235815
0.09,70,0.17,0.19264822,0.370771775
0.1,70,0.17,0.198963458,0.339722659
0.11,70,0.17,0.204855827,0.312701548
0.12,70,0.17,0.210440938,0.289209306
0.13,70,0.17,0.215791273,0.268745812
0.14,70,0.17,0.220953414,0.250844252
0.15,70,0.17,0.225957851,0.235093871
0.16,70,0.17,0.230824888,0.22115197
0.17,70,0.17,0.235568396,0.208740369
0.18,70,0.17,0.240198287,0.197631946
0.19,70,0.17,0.24472216,0.187637008
0.2,70,0.17,0.249146353,0.17859521
0.21,70,0.17,0.253476516,0.170372385
0.22,70,0.17,0.257717848,0.162858754
0.23,70,0.17,0.261875119,0.155965725
0.24,70,0.17,0.265952641,0.149621122
0.25,70,0.17,0.269954259,0.143764061
0.001,5,0.18,0.10373393,0.1211134
0.002,5,0.18,0.183205518,0.138800777
0.003,5,0.18,0.249491672,0.153869574
0.004,5,0.18,0.30736066,0.166648122
0.005,5,0.18,0.359158844,0.177313924
0.006,5,0.18,0.406147377,0.185955118
0.007,5,0.18,0.449052342,0.192617065
0.008,5,0.18,0.488322873,0.197337884
0.009,5,0.18,0.524264536,0.200173629
0.01,5,0.18,0.557112515,0.201213158
0.02,5,0.18,0.759011169,0.149859293
0.03,5,0.18,0.841525864,0.081399717
0.04,5,0.18,0.883681602,0.037849702
0.05,5,0.18,0.909164905,0.016335969
0.06,5,0.18,0.926069023,0.007282872
0.07,5,0.18,0.937919076,0.003507572
0.08,5,0.18,0.946560996,0.001829799
0.09,5,0.18,0.953071815,0.001025434
0.1,5,0.18,0.958117308,0.000611146
0.11,5,0.18,0.96212425,0.000383719
0.12,5,0.18,0.965374461,0.000251755
0.13,5,0.18,0.968059269,0.000171439
0.14,5,0.18,0.970312019,0.000120505
0.15,5,0.18,0.97222795,8.70376E-05
0.16,5,0.18,0.973876629,6.43614E-05
0.17,5,0.18,0.975309917,4.85777E-05
0.18,5,0.18,0.976567195,3.73291E-05
0.19,5,0.18,0.977678865,2.91444E-05
0.2,5,0.18,0.978668749,2.30778E-05
0.21,5,0.18,0.979555767,1.85077E-05
0.22,5,0.18,0.980355126,1.50111E-05
0.23,5,0.18,0.981079188,1.23009E-05
0.24,5,0.18,0.9817381,1.01749E-05
0.25,5,0.18,0.982340267,8.48695E-06
0.001,10,0.18,0.057897312,0.151635599
0.002,10,0.18,0.102813558,0.176295369
0.003,10,0.18,0.140956249,0.198583781
0.004,10,0.18,0.175031435,0.219031743
0.005,10,0.18,0.206397199,0.237999639
0.006,10,0.18,0.235801211,0.255725509
0.007,10,0.18,0.263681317,0.272357566
0.008,10,0.18,0.290304174,0.287977733
0.009,10,0.18,0.315835503,0.302619539
0.01,10,0.18,0.340378507,0.316282583
0.02,10,0.18,0.537671099,0.392996187
0.03,10,0.18,0.656043974,0.372727717
0.04,10,0.18,0.724136098,0.315738222
0.05,10,0.18,0.768030306,0.258914723
0.06,10,0.18,0.800052473,0.211123509
0.07,10,0.18,0.825457285,0.172413839
0.08,10,0.18,0.846649594,0.141153269
0.09,10,0.18,0.864837098,0.115713561
0.1,10,0.18,0.880683517,0.094777168
0.11,10,0.18,0.894589012,0.077358343
0.12,10,0.18,0.906819229,0.062724748
0.13,10,0.18,0.91756725,0.050337515
0.14,10,0.18,0.926984581,0.039804699
0.15,10,0.18,0.935197737,0.030839359
0.16,10,0.18,0.942318022,0.023237924
0.17,10,0.18,0.948448023,0.016864771
0.18,10,0.18,0.953686303,0.01164864
0.19,10,0.18,0.958130654,0.007590314
0.2,10,0.18,0.961879577,0.004713686
0.21,10,0.18,0.965031443,0.002887128
0.22,10,0.18,0.967681342,0.001800956
0.23,10,0.18,0.969916819,0.001161165
0.24,10,0.18,0.971814373,0.000776262
0.25,10,0.18,0.973437908,0.000537099
0.001,15,0.18,0.039785369,0.155814223
0.002,15,0.18,0.070658539,0.181475239
0.003,15,0.18,0.096918388,0.204762486
0.004,15,0.18,0.120443701,0.226236441
0.005,15,0.18,0.142181945,0.246293898
0.006,15,0.18,0.162659109,0.265213862
0.007,15,0.18,0.182187418,0.28318815
0.008,15,0.18,0.200961022,0.30034276
0.009,15,0.18,0.219104363,0.316753683
0.01,15,0.18,0.236698461,0.332459176
0.02,15,0.18,0.387926766,0.447338965
0.03,15,0.18,0.494796558,0.47535413
0.04,15,0.18,0.563126508,0.443486326
0.05,15,0.18,0.608103367,0.3927483
0.06,15,0.18,0.640863021,0.342888092
0.07,15,0.18,0.667005074,0.299388718
0.08,15,0.18,0.689226212,0.262685292
0.09,15,0.18,0.70889519,0.231930116
0.1,15,0.18,0.726752901,0.206099059
0.11,15,0.18,0.74322402,0.18424767
0.12,15,0.18,0.758565067,0.165592544
0.13,15,0.18,0.772940008,0.149521575
0.14,15,0.18,0.786461007,0.135555072
0.15,15,0.18,0.79921064,0.123310256
0.16,15,0.18,0.811253611,0.112486261
0.17,15,0.18,0.82264285,0.102850721
0.18,15,0.18,0.833422986,0.094219805
0.19,15,0.18,0.843632589,0.086442411
0.2,15,0.18,0.853305597,0.07939455
0.21,15,0.18,0.86247212,0.072976891
0.22,15,0.18,0.871158974,0.067108974
0.23,15,0.18,0.879390184,0.061722512
0.24,15,0.18,0.887187452,0.056758587
0.25,15,0.18,0.894570484,0.052167925
0.001,20,0.18,0.030232174,0.155711945
0.002,20,0.18,0.053672574,0.181463938
0.003,20,0.18,0.073607421,0.204848512
0.004,20,0.18,0.091474153,0.226428414
0.005,20,0.18,0.107998844,0.246607981
0.006,20,0.18,0.123585721,0.265677418
0.007,20,0.18,0.138475851,0.283842352
0.008,20,0.18,0.152820238,0.30124435
0.009,20,0.18,0.166716751,0.317975773
0.01,20,0.18,0.18023018,0.334091264
0.02,20,0.18,0.299075808,0.460408942
0.03,20,0.18,0.388805064,0.510464381
0.04,20,0.18,0.449845226,0.495960959
0.05,20,0.18,0.490853666,0.452639709
0.06,20,0.18,0.520614427,0.404224188
0.07,20,0.18,0.544204932,0.359614271
0.08,20,0.18,0.564197325,0.320885553
0.09,20,0.18,0.581919462,0.287850873
0.1,20,0.18,0.59809485,0.259773858
0.11,20,0.18,0.613139027,0.235853865
0.12,20,0.18,0.627301381,0.215351291
0.13,20,0.18,0.640737456,0.197641768
0.14,20,0.18,0.653548382,0.182227635
0.15,20,0.18,0.665803592,0.168713588
0.16,20,0.18,0.67755419,0.156778103
0.17,20,0.18,0.688840526,0.146159408
0.18,20,0.18,0.699696101,0.136649582
0.19,20,0.18,0.710149487,0.128085434
0.2,20,0.18,0.720225426,0.120335328
0.21,20,0.18,0.729945724,0.11328857
0.22,20,0.18,0.739329996,0.106851131
0.23,20,0.18,0.748396132,0.1009451
0.24,20,0.18,0.75716048,0.095507315
0.25,20,0.18,0.765637889,0.090485635
0.001,25,0.18,0.024357267,0.154804773
0.002,25,0.18,0.043226964,0.180463489
0.003,25,0.18,0.059268345,0.203766935
0.004,25,0.18,0.073645074,0.225274792
0.005,25,0.18,0.086945396,0.24539232
0.006,25,0.18,0.099497249,0.2644133
0.007,25,0.18,0.111496641,0.28254895
0.008,25,0.18,0.123066781,0.299947745
0.009,25,0.18,0.134287954,0.316709878
0.01,25,0.18,0.145213732,0.332898181
0.02,25,0.18,0.242353265,0.463689278
0.03,25,0.18,0.318197526,0.525084541
0.04,25,0.18,0.371753814,0.521607742
0.05,25,0.18,0.408335526,0.484083634
0.06,25,0.18,0.434859596,0.437476751
0.07,25,0.18,0.455771912,0.392724646
0.08,25,0.18,0.473421062,0.353062792
0.09,25,0.18,0.489037101,0.31881519
0.1,25,0.18,0.503293766,0.289459413
0.11,25,0.18,0.51657917,0.264304821
0.12,25,0.18,0.529126649,0.24266969
0.13,25,0.18,0.541081382,0.223943716
0.14,25,0.18,0.552536535,0.207619933
0.15,25,0.18,0.563554142,0.193293138
0.16,25,0.18,0.574177738,0.180636707
0.17,25,0.18,0.584440102,0.169381256
0.18,25,0.18,0.59436774,0.15930494
0.19,25,0.18,0.603983199,0.15022956
0.2,25,0.18,0.613306083,0.142014136
0.21,25,0.18,0.622353559,0.134544964
0.22,25,0.18,0.631140791,0.127726337
0.23,25,0.18,0.639681416,0.121475594
0.24,25,0.18,0.647987962,0.115722171
0.25,25,0.18,0.656072073,0.110407627
0.001,30,0.18,0.020387019,0.15383308
0.002,30,0.18,0.036169962,0.179367702
0.003,30,0.18,0.049581971,0.20255939
0.004,30,0.18,0.061600479,0.223964291
0.005,30,0.18,0.07271981,0.243986613
0.006,30,0.18,0.083215761,0.262921336
0.007,30,0.18,0.093253386,0.28098219
0.008,30,0.18,0.102936651,0.298321346
0.009,30,0.18,0.112333508,0.315043364
0.01,30,0.18,0.121489512,0.331215827
0.02,30,0.18,0.203403649,0.464088767
0.03,30,0.18,0.26864837,0.532143062
0.04,30,0.18,0.315856522,0.536040669
0.05,30,0.18,0.348519002,0.502897899
0.06,30,0.18,0.372210827,0.457925633
0.07,30,0.18,0.390820011,0.41333806
0.08,30,0.18,0.406471195,0.373200785
0.09,30,0.18,0.420290687,0.338231576
0.1,30,0.18,0.432897979,0.308074196
0.11,30,0.18,0.444650705,0.282118647
0.12,30,0.18,0.455764297,0.259730597
0.13,30,0.18,0.466372936,0.240320526
0.14,30,0.18,0.476562492,0.223381423
0.15,30,0.18,0.486389485,0.208500764
0.16,30,0.18,0.495892598,0.195347089
0.17,30,0.18,0.505099912,0.183648456
0.18,30,0.18,0.514033391,0.173178163
0.19,30,0.18,0.522711434,0.163749462
0.2,30,0.18,0.531150097,0.155212385
0.21,30,0.18,0.539363567,0.147447572
0.22,30,0.18,0.547364381,0.140357639
0.23,30,0.18,0.555163668,0.13385968
0.24,30,0.18,0.562771473,0.127881389
0.25,30,0.18,0.570197072,0.122360396
0.001,35,0.18,0.017526498,0.152960622
0.002,35,0.18,0.031087297,0.178376492
0.003,35,0.18,0.042607051,0.201460695
0.004,35,0.18,0.052928301,0.222765868
0.005,35,0.18,0.062477274,0.242694851
0.006,35,0.18,0.071491896,0.261542811
0.007,35,0.18,0.080114678,0.279524865
0.008,35,0.18,0.088435499,0.296795207
0.009,35,0.18,0.096513226,0.313461162
0.01,35,0.18,0.10438744,0.329593364
0.02,35,0.18,0.175117349,0.463548617
0.03,35,0.18,0.23219769,0.535907453
0.04,35,0.18,0.274207059,0.545016898
0.05,35,0.18,0.303564942,0.515235793
0.06,35,0.18,0.32487912,0.47165124
0.07,35,0.18,0.341576251,0.42732198
0.08,35,0.18,0.355581055,0.386927073
0.09,35,0.18,0.367924263,0.351492036
0.1,35,0.18,0.37917475,0.320793498
0.11,35,0.18,0.38966145,0.294283309
0.12,35,0.18,0.399582806,0.271363811
0.13,35,0.18,0.409062592,0.251465251
0.14,35,0.18,0.41818002,0.234084879
0.15,35,0.18,0.426986998,0.218806079
0.16,35,0.18,0.435518597,0.20529296
0.17,35,0.18,0.443799682,0.193271532
0.18,35,0.18,0.451849151,0.182513202
0.19,35,0.18,0.459682508,0.172827012
0.2,35,0.18,0.467313223,0.164056914
0.21,35,0.18,0.474753293,0.156078056
0.22,35,0.18,0.48201341,0.148790111
0.23,35,0.18,0.489103067,0.142109608
0.24,35,0.18,0.496030738,0.135964276
0.25,35,0.18,0.502804127,0.130290652
0.001,40,0.18,0.015368468,0.152210482
0.002,40,0.18,0.027254108,0.177521381
0.003,40,0.18,0.037347937,0.200510388
0.004,40,0.18,0.0463903,0.221727071
0.005,40,0.18,0.0547558,0.241572937
0.006,40,0.18,0.062653622,0.260342955
0.007,40,0.18,0.070209132,0.278252897
0.008,40,0.18,0.077501472,0.295458371
0.009,40,0.18,0.084582548,0.312068495
0.01,40,0.18,0.091487331,0.328155997
0.02,40,0.18,0.153682472,0.462718723
0.03,40,0.18,0.20434161,0.538060731
0.04,40,0.18,0.242093847,0.551024317
0.05,40,0.18,0.268686732,0.523879958
0.06,40,0.18,0.288014095,0.481458195
0.07,40,0.18,0.303125477,0.437403853
0.08,40,0.18,0.315772896,0.396863879
0.09,40,0.18,0.326902645,0.361108877
0.1,40,0.18,0.337038518,0.330023773
0.11,40,0.18,0.346483746,0.303109594
0.12,40,0.18,0.355421475,0.279797311
0.13,40,0.18,0.363966083,0.259534127
0.14,40,0.18,0.372190823,0.24182297
0.15,40,0.18,0.38014362,0.22624532
0.16,40,0.18,0.387856629,0.212461687
0.17,40,0.18,0.395352309,0.200196074
0.18,40,0.18,0.402647357,0.189218854
0.19,40,0.18,0.409755195,0.179336974
0.2,40,0.18,0.416687375,0.170390565
0.21,40,0.18,0.423454218,0.162250455
0.22,40,0.18,0.43006501,0.154813199
0.23,40,0.18,0.436528043,0.147994136
0.24,40,0.18,0.442850696,0.141721024
0.25,40,0.18,0.449039607,0.135930347
0.001,45,0.18,0.013682869,0.151575189
0.002,45,0.18,0.024260939,0.176795643
0.003,45,0.18,0.033242156,0.199702548
0.004,45,0.18,0.041286766,0.220842878
0.005,45,0.18,0.048728895,0.24061678
0.006,45,0.18,0.055755173,0.259318982
0.007,45,0.18,0.062477497,0.277165607
0.008,45,0.18,0.068966555,0.29431323
0.009,45,0.18,0.075268753,0.310872127
0.01,45,0.18,0.081415407,0.326916645
0.02,45,0.18,0.136894955,0.461835389
0.03,45,0.18,0.182395234,0.539351364
0.04,45,0.18,0.216627968,0.555268678
0.05,45,0.18,0.240896587,0.530237654
0.06,45,0.18,0.258553687,0.488793618
0.07,45,0.18,0.272339095,0.445004025
0.08,45,0.18,0.283856759,0.404382378
0.09,45,0.18,0.293979302,0.368397901
0.1,45,0.18,0.303190942,0.337025112
0.11,45,0.18,0.311772274,0.309805221
0.12,45,0.18,0.31989291,0.286192015
0.13,45,0.18,0.327658896,0.265646987
0.14,45,0.18,0.335138206,0.24767897
0.15,45,0.18,0.342375289,0.231868938
0.16,45,0.18,0.349399855,0.217874686
0.17,45,0.18,0.356232451,0.205418345
0.18,45,0.18,0.362888104,0.194269492
0.19,45,0.18,0.36937868,0.184233952
0.2,45,0.18,0.375714275,0.17514943
0.21,45,0.18,0.381903911,0.166883529
0.22,45,0.18,0.38795576,0.159330014
0.23,45,0.18,0.393877174,0.152402736
0.24,45,0.18,0.399674709,0.146029228
0.25,45,0.18,0.405354225,0.140146135
0.001,50,0.18,0.012330078,0.151035538
0.002,50,0.18,0.021859345,0.176178466
0.003,50,0.18,0.029948436,0.199015019
0.004,50,0.18,0.037193132,0.220089798
0.005,50,0.18,0.043894972,0.239801906
0.006,50,0.18,0.050222418,0.258445657
0.007,50,0.18,0.056276507,0.276237389
0.008,50,0.18,0.0621211,0.293334366
0.009,50,0.18,0.067798154,0.309847818
0.01,50,0.18,0.073336015,0.325853173
0.02,50,0.18,0.123398685,0.460987973
0.03,50,0.18,0.164673993,0.540153038
0.04,50,0.18,0.195962129,0.55840138
0.05,50,0.18,0.218260226,0.535097234
0.06,50,0.18,0.234500243,0.494481186
0.07,50,0.18,0.247165106,0.450935683
0.08,50,0.18,0.257731589,0.410268315
0.09,50,0.18,0.267008136,0.374112235
0.1,50,0.18,0.275444315,0.342517229
0.11,50,0.18,0.283300851,0.315058047
0.12,50,0.18,0.290735449,0.291207108
0.13,50,0.18,0.297846796,0.270437846
0.14,50,0.18,0.304698203,0.252264706
0.15,50,0.18,0.311331074,0.236268918
0.16,50,0.18,0.31777302,0.222106234
0.17,50,0.18,0.324043009,0.209497094
0.18,50,0.18,0.330154746,0.198210364
0.19,50,0.18,0.336118888,0.188051179
0.2,50,0.18,0.341944402,0.178855653
0.21,50,0.18,0.347639279,0.170489007
0.22,50,0.18,0.353210794,0.162842634
0.23,50,0.18,0.358665539,0.155828875
0.24,50,0.18,0.364009414,0.149374807
0.25,50,0.18,0.369247684,0.14341721
0.001,55,0.18,0.011220573,0.150572278
0.002,55,0.18,0.019890059,0.175648172
0.003,55,0.18,0.027248017,0.198423973
0.004,55,0.18,0.033837238,0.219442147
0.005,55,0.18,0.039932467,0.239100884
0.006,55,0.18,0.04568722,0.257694038
0.007,55,0.18,0.051193596,0.275438172
0.008,55,0.18,0.056509828,0.292490893
0.009,55,0.18,0.061674202,0.308964232
0.01,55,0.18,0.066712606,0.324934544
0.02,55,0.18,0.112316147,0.460202108
0.03,55,0.18,0.150072966,0.540657604
0.04,55,0.18,0.178867965,0.560789957
0.05,55,0.18,0.199479566,0.538921368
0.06,55,0.18,0.214505525,0.499013479
0.07,55,0.18,0.226213261,0.455689945
0.08,55,0.18,0.235969736,0.414998967
0.09,55,0.18,0.24452731,0.378711053
0.1,55,0.18,0.252305142,0.346939983
0.11,55,0.18,0.25954649,0.319288959
0.12,55,0.18,0.266398569,0.295245896
0.13,55,0.18,0.272953568,0.27429432
0.14,55,0.18,0.279270676,0.255953797
0.15,55,0.18,0.285388611,0.239806258
0.16,55,0.18,0.291333158,0.225505934
0.17,55,0.18,0.297121951,0.212771779
0.18,55,0.18,0.302767609,0.201371981
0.19,55,0.18,0.308279823,0.191111206
0.2,55,0.18,0.313666664,0.181824528
0.21,55,0.18,0.318935292,0.173375362
0.22,55,0.18,0.324092247,0.165653131
0.23,55,0.18,0.329143492,0.158568767
0.24,55,0.18,0.334094392,0.15204877
0.25,55,0.18,0.338949732,0.146029961
0.001,60,0.18,0.010294111,0.150172932
0.002,60,0.18,0.018245973,0.175190838
0.003,60,0.18,0.024993849,0.197913995
0.004,60,0.18,0.031036195,0.218883153
0.005,60,0.18,0.036625333,0.238495638
0.006,60,0.18,0.041902267,0.257044868
0.007,60,0.18,0.04695161,0.274747512
0.008,60,0.18,0.051826878,0.291761562
0.009,60,0.18,0.056563273,0.308199615
0.01,60,0.18,0.061184617,0.324138694
0.02,60,0.18,0.103054799,0.459487849
0.03,60,0.18,0.137838864,0.540978723
0.04,60,0.18,0.164499447,0.562663764
0.05,60,0.18,0.183654235,0.542005861
0.06,60,0.18,0.197630298,0.502708944
0.07,60,0.18,0.208512267,0.459585725
0.08,60,0.18,0.217571648,0.418884645
0.09,60,0.18,0.225511548,0.382492731
0.1,60,0.18,0.232724333,0.350578844
0.11,60,0.18,0.239437839,0.322770617
0.12,60,0.18,0.245790009,0.298569073
0.13,60,0.18,0.251867278,0.2774663
0.14,60,0.18,0.257725177,0.258986504
0.15,60,0.18,0.263400046,0.24271254
0.16,60,0.18,0.268916067,0.228297503
0.17,60,0.18,0.274289721,0.215459068
0.18,60,0.18,0.279532719,0.203964776
0.19,60,0.18,0.284653959,0.193618958
0.2,60,0.18,0.289660781,0.184255961
0.21,60,0.18,0.294559667,0.175737822
0.22,60,0.18,0.299356549,0.167952362
0.23,60,0.18,0.304056861,0.160809223
0.24,60,0.18,0.308665518,0.154234275
0.25,60,0.18,0.313186911,0.14816431
0.001,65,0.18,0.00950888,0.14982594
0.002,65,0.18,0.016852742,0.174793357
0.003,65,0.18,0.023083857,0.197470512
0.004,65,0.18,0.028663039,0.218396888
0.005,65,0.18,0.033823571,0.237968995
0.006,65,0.18,0.03869583,0.256479889
0.007,65,0.18,0.043358065,0.274146237
0.008,65,0.18,0.047859783,0.291126323
0.009,65,0.18,0.052233561,0.307533196
0.01,65,0.18,0.056501457,0.323444491
0.02,65,0.18,0.095200983,0.458842561
0.03,65,0.18,0.127441761,0.541181297
0.04,65,0.18,0.152256515,0.564166938
0.05,65,0.18,0.170141927,0.544542764
0.06,65,0.18,0.18320213,0.505777276
0.07,65,0.18,0.193365098,0.462834262
0.08,65,0.18,0.201818786,0.422131213
0.09,65,0.18,0.209222809,0.385655277
0.1,65,0.18,0.215945795,0.353623164
0.11,65,0.18,0.222201906,0.325683774
0.12,65,0.18,0.228120852,0.301349338
0.13,65,0.18,0.233783946,0.280119303
0.14,65,0.18,0.239243467,0.261522042
0.15,65,0.18,0.244533634,0.245141397
0.16,65,0.18,0.24967721,0.230629609
0.17,65,0.18,0.254689669,0.217703225
0.18,65,0.18,0.259581946,0.206129185
0.19,65,0.18,0.264362277,0.195711528
0.2,65,0.18,0.269037393,0.186284056
0.21,65,0.18,0.273613214,0.177707744
0.22,65,0.18,0.27809516,0.169869068
0.23,65,0.18,0.282488219,0.162676509
0.24,65,0.18,0.286796922,0.156055326
0.25,65,0.18,0.291025324,0.149942178
0.001,70,0.18,0.008834891,0.149521924
0.002,70,0.18,0.01565706,0.17444495
0.003,70,0.18,0.021444865,0.197081759
0.004,70,0.18,0.026626762,0.217970613
0.005,70,0.18,0.031419665,0.23750713
0.006,70,0.18,0.035944815,0.255984301
0.007,70,0.18,0.040274986,0.273618629
0.008,70,0.18,0.044456234,0.290568732
0.009,70,0.18,0.048518873,0.306947915
0.01,70,0.18,0.052483442,0.322834377
0.02,70,0.18,0.088457177,0.458259693
0.03,70,0.18,0.118498263,0.541304343
0.04,70,0.18,0.141702205,0.565394336
0.05,70,0.18,0.158472705,0.546662465
0.06,70,0.18,0.170727599,0.508363109
0.07,70,0.18,0.180259311,0.465582859
0.08,70,0.18,0.18818217,0.424883622
0.09,70,0.18,0.195117164,0.388339333
0.1,70,0.18,0.201411785,0.356208496
0.11,70,0.18,0.207268003,0.3281586
0.12,70,0.18,0.212808181,0.303711578
0.13,70,0.18,0.218109061,0.282373257
0.14,70,0.18,0.223220004,0.263675694
0.15,70,0.18,0.228173338,0.247203804
0.16,70,0.18,0.232990558,0.232609192
0.17,70,0.18,0.237686251,0.219607433
0.18,70,0.18,0.242270677,0.207964911
0.19,70,0.18,0.246751507,0.197485432
0.2,70,0.18,0.251134964,0.188002402
0.21,70,0.18,0.255426491,0.179375968
0.22,70,0.18,0.259631075,0.1714915
0.23,70,0.18,0.263753321,0.16425646
0.24,70,0.18,0.26779743,0.157595505
0.25,70,0.18,0.27176717,0.151445149
0.001,5,0.19,0.103818976,0.122032542
0.002,5,0.19,0.183376095,0.13986108
0.003,5,0.19,0.249748299,0.155056444
0.004,5,0.19,0.30770368,0.167950122
0.005,5,0.19,0.359588167,0.178721235
0.006,5,0.19,0.406662185,0.187458363
0.007,5,0.19,0.449650796,0.194206471
0.008,5,0.19,0.489001872,0.199002748
0.009,5,0.19,0.525019572,0.201902096
0.01,5,0.19,0.557937663,0.202992294
0.02,5,0.19,0.760088917,0.15149202
0.03,5,0.19,0.842366196,0.082479583
0.04,5,0.19,0.884238421,0.038503664
0.05,5,0.19,0.909506752,0.016718112
0.06,5,0.19,0.926271206,0.007502785
0.07,5,0.19,0.938037782,0.003634579
0.08,5,0.19,0.946631736,0.00190467
0.09,5,0.19,0.953115162,0.001070962
0.1,5,0.19,0.958144767,0.000639823
0.11,5,0.19,0.962142243,0.000402428
0.12,5,0.19,0.965386634,0.000264368
0.13,5,0.19,0.968067749,0.000180201
0.14,5,0.19,0.970318083,0.000126755
0.15,5,0.19,0.972232389,9.16038E-05
0.16,5,0.19,0.973879946,6.77676E-05
0.17,5,0.19,0.975312441,5.11657E-05
0.18,5,0.19,0.976569148,3.9329E-05
0.19,5,0.19,0.977680399,3.07134E-05
0.2,5,0.19,0.97866997,2.43254E-05
0.21,5,0.19,0.979556749,1.95102E-05
0.22,5,0.19,0.980355926,1.58272E-05
0.23,5,0.19,0.981079846,1.29716E-05
0.24,5,0.19,0.981738645,1.07301E-05
0.25,5,0.19,0.982340723,8.95115E-06
0.001,10,0.19,0.057985783,0.153395376
0.002,10,0.19,0.102993155,0.178350148
0.003,10,0.19,0.141230014,0.200911669
0.004,10,0.19,0.175402808,0.221618223
0.005,10,0.19,0.206870021,0.240835693
0.006,10,0.19,0.236379708,0.258806212
0.007,10,0.19,0.264370072,0.275681058
0.008,10,0.19,0.291108074,0.291544356
0.009,10,0.19,0.31675967,0.306431138
0.01,10,0.19,0.341428189,0.320341824
0.02,10,0.19,0.54017234,0.399476392
0.03,10,0.19,0.659628637,0.380228382
0.04,10,0.19,0.727999134,0.322757267
0.05,10,0.19,0.77173312,0.26498418
0.06,10,0.19,0.803426318,0.216230852
0.07,10,0.19,0.828447965,0.176661563
0.08,10,0.19,0.849251792,0.144660632
0.09,10,0.19,0.867068005,0.118591621
0.1,10,0.19,0.882570886,0.097123355
0.11,10,0.19,0.896165054,0.079256379
0.12,10,0.19,0.908117368,0.06424607
0.13,10,0.19,0.918620507,0.051543177
0.14,10,0.19,0.927824852,0.040747236
0.15,10,0.19,0.935855502,0.031564393
0.16,10,0.19,0.942822215,0.023785414
0.17,10,0.19,0.948825876,0.017269881
0.18,10,0.19,0.953963065,0.011942223
0.19,10,0.19,0.958329135,0.007799041
0.2,10,0.19,0.962019584,0.004859928
0.21,10,0.19,0.965129292,0.002988815
0.22,10,0.19,0.967749684,0.001871708
0.23,10,0.19,0.969964909,0.001210804
0.24,10,0.19,0.971848669,0.00081158
0.25,10,0.19,0.973462784,0.000562668
0.001,15,0.19,0.03985737,0.157905941
0.002,15,0.19,0.070804661,0.183918532
0.003,15,0.19,0.097141027,0.207530042
0.004,15,0.19,0.12074555,0.229309563
0.005,15,0.19,0.142566009,0.249660405
0.006,15,0.19,0.16312872,0.268866644
0.007,15,0.19,0.182746242,0.287124077
0.008,15,0.19,0.201613064,0.304561878
0.009,15,0.19,0.219853966,0.32125858
0.01,15,0.19,0.237550293,0.337254438
0.02,15,0.19,0.390093861,0.455424308
0.03,15,0.19,0.498536525,0.486505735
0.04,15,0.19,0.567927911,0.455793968
0.05,15,0.19,0.613327742,0.404713764
0.06,15,0.19,0.646140425,0.35394656
0.07,15,0.19,0.672155643,0.309422511
0.08,15,0.19,0.69416474,0.271732839
0.09,15,0.19,0.713583212,0.24007704
0.1,15,0.19,0.731176427,0.213440221
0.11,15,0.19,0.747382538,0.190873821
0.12,15,0.19,0.762465548,0.171585928
0.13,15,0.19,0.776593313,0.154954794
0.14,15,0.19,0.789879623,0.140491142
0.15,15,0.19,0.802407335,0.12780329
0.16,15,0.19,0.814240776,0.116582612
0.17,15,0.19,0.825432237,0.106590227
0.18,15,0.19,0.836025609,0.097636847
0.19,15,0.19,0.846058691,0.08956678
0.2,15,0.19,0.855564669,0.082252178
0.21,15,0.19,0.864572978,0.075590508
0.22,15,0.19,0.873109844,0.069498654
0.23,15,0.19,0.88119876,0.063906077
0.24,15,0.19,0.888860939,0.058751933
0.25,15,0.19,0.896115652,0.053985307
0.001,20,0.19,0.030290292,0.157933673
0.002,20,0.19,0.05379042,0.184058015
0.003,20,0.19,0.073786805,0.207784773
0.004,20,0.19,0.091717098,0.229685669
0.005,20,0.19,0.108307599,0.250171875
0.006,20,0.19,0.123962774,0.269538928
0.007,20,0.19,0.138923941,0.2879967
0.008,20,0.19,0.153342364,0.305690185
0.009,20,0.19,0.167316181,0.322714554
0.01,20,0.19,0.180910449,0.339126719
0.02,20,0.19,0.300807028,0.468862615
0.03,20,0.19,0.391960228,0.522721842
0.04,20,0.19,0.454222728,0.510518348
0.05,20,0.19,0.495900889,0.467576537
0.06,20,0.19,0.525920413,0.418535727
0.07,20,0.19,0.549545164,0.372956038
0.08,20,0.19,0.569455629,0.333196171
0.09,20,0.19,0.587035852,0.299173999
0.1,20,0.19,0.603039319,0.270188448
0.11,20,0.19,0.61789849,0.245447123
0.12,20,0.19,0.631872739,0.224207968
0.13,20,0.19,0.645123571,0.205840125
0.14,20,0.19,0.657755516,0.189838074
0.15,20,0.19,0.669839668,0.175798285
0.16,20,0.19,0.681427642,0.16339119
0.17,20,0.19,0.692559629,0.15234761
0.18,20,0.19,0.70326871,0.14245325
0.19,20,0.19,0.71358298,0.1335396
0.2,20,0.19,0.723526712,0.125470592
0.21,20,0.19,0.733121226,0.118131738
0.22,20,0.19,0.742385625,0.111425714
0.23,20,0.19,0.751337306,0.10527178
0.24,20,0.19,0.759992194,0.099604417
0.25,20,0.19,0.768364796,0.094369525
0.001,25,0.19,0.024405291,0.157081644
0.002,25,0.19,0.043324284,0.183121152
0.003,25,0.19,0.059416381,0.206773613
0.004,25,0.19,0.07384541,0.228607896
0.005,25,0.19,0.087199788,0.249036191
0.006,25,0.19,0.099807637,0.268357717
0.007,25,0.19,0.111865156,0.286787988
0.008,25,0.19,0.12349576,0.304479027
0.009,25,0.19,0.13477994,0.321533862
0.01,25,0.19,0.145771487,0.338017743
0.02,25,0.19,0.243764048,0.472209683
0.03,25,0.19,0.320820789,0.537657542
0.04,25,0.19,0.375544712,0.537124085
0.05,25,0.19,0.412857455,0.500518454
0.06,25,0.19,0.43972205,0.453550133
0.07,25,0.19,0.460744014,0.407918143
0.08,25,0.19,0.478378241,0.367230676
0.09,25,0.19,0.49391234,0.331962535
0.1,25,0.19,0.508051147,0.301648019
0.11,25,0.19,0.52120042,0.275615127
0.12,25,0.19,0.533604038,0.253184972
0.13,25,0.19,0.545413688,0.233743534
0.14,25,0.19,0.556726542,0.216777582
0.15,25,0.19,0.567606945,0.201874712
0.16,25,0.19,0.578099545,0.188700811
0.17,25,0.19,0.588237403,0.176979113
0.18,25,0.19,0.598046832,0.166480952
0.19,25,0.19,0.607549991,0.157022182
0.2,25,0.19,0.616766097,0.148456898
0.21,25,0.19,0.625711974,0.140667325
0.22,25,0.19,0.634402462,0.133554311
0.23,25,0.19,0.642850846,0.12703217
0.24,25,0.19,0.651069273,0.121027651
0.25,25,0.19,0.659069025,0.115479994
0.001,30,0.19,0.020427674,0.156134009
0.002,30,0.19,0.036252313,0.182052861
0.003,30,0.19,0.049707178,0.205596156
0.004,30,0.19,0.061769833,0.227329253
0.005,30,0.19,0.072934741,0.247663345
0.006,30,0.19,0.083477844,0.26689883
0.007,30,0.19,0.093564352,0.285253798
0.008,30,0.19,0.103298394,0.302883945
0.009,30,0.19,0.112748093,0.319896745
0.01,30,0.19,0.121959178,0.336362171
0.02,30,0.19,0.204585076,0.472592617
0.03,30,0.19,0.270865125,0.544785558
0.04,30,0.19,0.31913936,0.552005426
0.05,30,0.19,0.352524196,0.520169261
0.06,30,0.19,0.376583184,0.475051871
0.07,30,0.19,0.395336585,0.429671527
0.08,30,0.19,0.411008252,0.388528539
0.09,30,0.19,0.424780238,0.352526585
0.1,30,0.19,0.437302484,0.32138315
0.11,30,0.19,0.448949943,0.294515193
0.12,30,0.19,0.45994843,0.271295523
0.13,30,0.19,0.470438609,0.251133199
0.14,30,0.19,0.480510457,0.233516226
0.15,30,0.19,0.49022302,0.218025702
0.16,30,0.19,0.499616381,0.204323253
0.17,30,0.19,0.508719199,0.192129874
0.18,30,0.19,0.517553463,0.181212021
0.19,30,0.19,0.526137292,0.171376692
0.2,30,0.19,0.534486382,0.16246856
0.21,30,0.19,0.542614599,0.15436385
0.22,30,0.19,0.550534219,0.146961556
0.23,30,0.19,0.558256131,0.140175689
0.24,30,0.19,0.565790118,0.133931222
0.25,30,0.19,0.573145157,0.128163326
0.001,35,0.19,0.017561627,0.155271543
0.002,35,0.19,0.031158432,0.181072893
0.003,35,0.19,0.042715171,0.204509531
0.004,35,0.19,0.05307449,0.226143171
0.005,35,0.19,0.062662733,0.246383696
0.006,35,0.19,0.071717948,0.265531714
0.007,35,0.19,0.080382772,0.283806639
0.008,35,0.19,0.088747224,0.301366262
0.009,35,0.19,0.09687031,0.318320765
0.01,35,0.19,0.10479176,0.334743229
0.02,35,0.19,0.176130016,0.472012013
0.03,35,0.19,0.234106774,0.548535383
0.04,35,0.19,0.277080283,0.561206049
0.05,35,0.19,0.307127255,0.533016978
0.06,35,0.19,0.328810876,0.489461475
0.07,35,0.19,0.345667113,0.444416193
0.08,35,0.19,0.359711782,0.403038778
0.09,35,0.19,0.372028431,0.36656783
0.1,35,0.19,0.383215075,0.334867313
0.11,35,0.19,0.393617246,0.307422717
0.12,35,0.19,0.403443351,0.283647016
0.13,35,0.19,0.412823414,0.262970918
0.14,35,0.19,0.421840661,0.244887742
0.15,35,0.19,0.430549548,0.228975142
0.16,35,0.19,0.438986655,0.214890772
0.17,35,0.19,0.447177587,0.202353913
0.18,35,0.19,0.455141427,0.191129263
0.19,35,0.19,0.462893515,0.181019527
0.2,35,0.19,0.470447004,0.171863026
0.21,35,0.19,0.477813576,0.163530192
0.22,35,0.19,0.485003672,0.155916849
0.23,35,0.19,0.492026589,0.148936354
0.24,35,0.19,0.498890611,0.142513696
0.25,35,0.19,0.505603229,0.136582961
0.001,40,0.19,0.015399336,0.154524729
0.002,40,0.19,0.027316601,0.180221409
0.003,40,0.19,0.0374429,0.203562874
0.004,40,0.19,0.046518666,0.225107696
0.005,40,0.19,0.054918603,0.245264451
0.006,40,0.19,0.062851998,0.264333495
0.007,40,0.19,0.070444327,0.282534942
0.008,40,0.19,0.07777485,0.30002796
0.009,40,0.19,0.084895593,0.316924538
0.01,40,0.19,0.091841654,0.333299837
0.02,40,0.19,0.154566945,0.471136959
0.03,40,0.19,0.20601355,0.550645271
0.04,40,0.19,0.244638931,0.567329925
0.05,40,0.19,0.271880482,0.541993587
0.06,40,0.19,0.291568689,0.499741961
0.07,40,0.19,0.306844139,0.455037538
0.08,40,0.19,0.319542168,0.413537761
0.09,40,0.19,0.330658703,0.376747796
0.1,40,0.19,0.340745154,0.344650926
0.11,40,0.19,0.350120514,0.316787313
0.12,40,0.19,0.358977385,0.292601389
0.13,40,0.19,0.367436094,0.271542382
0.14,40,0.19,0.375573743,0.253110158
0.15,40,0.19,0.383440741,0.236880982
0.16,40,0.19,0.391070777,0.222509295
0.17,40,0.19,0.398487127,0.20971264
0.18,40,0.19,0.405706778,0.198254853
0.19,40,0.19,0.412743082,0.187936562
0.2,40,0.19,0.419607329,0.178592125
0.21,40,0.19,0.42630954,0.170087428
0.22,40,0.19,0.432858751,0.162314969
0.23,40,0.19,0.439263067,0.155186781
0.24,40,0.19,0.445529719,0.148627859
0.25,40,0.19,0.451665184,0.142572239
0.001,45,0.19,0.013710369,0.15388964
0.002,45,0.19,0.024316604,0.179495717
0.003,45,0.19,0.033326728,0.202754734
0.004,45,0.19,0.041401064,0.224222651
0.005,45,0.19,0.048873825,0.244306635
0.006,45,0.19,0.05593173,0.263306802
0.007,45,0.19,0.062686773,0.281443629
0.008,45,0.19,0.069209742,0.298877183
0.009,45,0.19,0.07554715,0.315720658
0.01,45,0.19,0.081730426,0.332050857
0.02,45,0.19,0.137679233,0.470210317
0.03,45,0.19,0.183880242,0.551884307
0.04,45,0.19,0.21890756,0.571634884
0.05,45,0.19,0.243784082,0.548579772
0.06,45,0.19,0.261788743,0.507421589
0.07,45,0.19,0.27573801,0.463038328
0.08,45,0.19,0.287312134,0.421477859
0.09,45,0.19,0.297430269,0.384461264
0.1,45,0.19,0.306602711,0.352070485
0.11,45,0.19,0.315124965,0.323890413
0.12,45,0.19,0.323175588,0.299390664
0.13,45,0.19,0.330866256,0.278036047
0.14,45,0.19,0.338268603,0.259333059
0.15,45,0.19,0.345429472,0.242857912
0.16,45,0.19,0.352380079,0.228262611
0.17,45,0.19,0.359141823,0.21526307
0.18,45,0.19,0.365730087,0.203622495
0.19,45,0.19,0.372156733,0.193140434
0.2,45,0.19,0.378431652,0.183648772
0.21,45,0.19,0.384563587,0.175010003
0.22,45,0.19,0.390560462,0.167113657
0.23,45,0.19,0.396429445,0.159870151
0.24,45,0.19,0.402176959,0.153204192
0.25,45,0.19,0.40780874,0.147049987
0.001,50,0.19,0.012354857,0.153348703
0.002,50,0.19,0.021909496,0.178876924
0.003,50,0.19,0.030024619,0.20206508
0.004,50,0.19,0.037296077,0.223466823
0.005,50,0.19,0.044025484,0.243488183
0.006,50,0.19,0.050381382,0.262428889
0.007,50,0.19,0.056464894,0.280509625
0.008,50,0.19,0.062339968,0.297891103
0.009,50,0.19,0.068048658,0.314687509
0.01,50,0.19,0.073619409,0.330976697
0.02,50,0.19,0.124102723,0.469323484
0.03,50,0.19,0.166008498,0.552634317
0.04,50,0.19,0.198023906,0.574797793
0.05,50,0.19,0.220891407,0.55360321
0.06,50,0.19,0.237463976,0.513369197
0.07,50,0.19,0.250289772,0.469278439
0.08,50,0.19,0.260915686,0.427691213
0.09,50,0.19,0.270193788,0.390506655
0.1,50,0.19,0.278598261,0.357889581
0.11,50,0.19,0.286403923,0.329462239
0.12,50,0.19,0.293776931,0.304714863
0.13,50,0.19,0.300821296,0.2831253
0.14,50,0.19,0.307603803,0.264206293
0.15,50,0.19,0.314168137,0.247534651
0.16,50,0.19,0.320543376,0.232760598
0.17,50,0.19,0.326749344,0.219598544
0.18,50,0.19,0.332800138,0.207811123
0.19,50,0.19,0.338706466,0.197197273
0.2,50,0.19,0.344477133,0.187587261
0.21,50,0.19,0.350119879,0.178841098
0.22,50,0.19,0.355641736,0.170845795
0.23,50,0.19,0.361049113,0.163510136
0.24,50,0.19,0.366347784,0.156758307
0.25,50,0.19,0.371542909,0.150524634
0.001,55,0.19,0.011243111,0.152883354
0.002,55,0.19,0.019935671,0.178344176
0.003,55,0.19,0.027317298,0.201471094
0.004,55,0.19,0.033930844,0.222815564
0.005,55,0.19,0.040051124,0.2427828
0.006,55,0.19,0.045831724,0.261671995
0.007,55,0.19,0.051364818,0.279704
0.008,55,0.19,0.056708723,0.297040013
0.009,55,0.19,0.061901806,0.313794866
0.01,55,0.19,0.066970047,0.330047408
0.02,55,0.19,0.11295459,0.468502391
0.03,55,0.19,0.151283998,0.553090128
0.04,55,0.19,0.180748492,0.57719931
0.05,55,0.19,0.201894118,0.557548868
0.06,55,0.19,0.217237337,0.518104004
0.07,55,0.19,0.229101684,0.474277044
0.08,55,0.19,0.238918815,0.4326832
0.09,55,0.19,0.24748206,0.395370732
0.1,55,0.19,0.255233829,0.362574883
0.11,55,0.19,0.262430709,0.333949601
0.12,55,0.19,0.269227909,0.309002318
0.13,55,0.19,0.275722652,0.287221896
0.14,55,0.19,0.281977419,0.268126733
0.15,55,0.19,0.288033105,0.251294664
0.16,55,0.19,0.293916907,0.23637459
0.17,55,0.19,0.299647302,0.223079581
0.18,55,0.19,0.305237327,0.211171741
0.19,55,0.19,0.31069676,0.200449607
0.2,55,0.19,0.316033546,0.1907424
0.21,55,0.19,0.321254619,0.181908256
0.22,55,0.19,0.326366287,0.173832104
0.23,55,0.19,0.331374332,0.166421213
0.24,55,0.19,0.336283995,0.159599119
0.25,55,0.19,0.341099968,0.153300169
0.001,60,0.19,0.010314775,0.152481745
0.002,60,0.19,0.018287789,0.177884133
0.003,60,0.19,0.025057357,0.200957829
0.004,60,0.19,0.031121993,0.222252694
0.005,60,0.19,0.03673408,0.242172948
0.006,60,0.19,0.042034687,0.261017395
0.007,60,0.19,0.047108495,0.279006978
0.008,60,0.19,0.052009093,0.296303188
0.009,60,0.19,0.056771761,0.313021541
0.01,60,0.19,0.0614204,0.329241437
0.02,60,0.19,0.103638676,0.467756862
0.03,60,0.19,0.138946932,0.553366442
0.04,60,0.19,0.166227147,0.579076063
0.05,60,0.19,0.185883829,0.560726078
0.06,60,0.19,0.200162279,0.521961207
0.07,60,0.19,0.211195869,0.478370937
0.08,60,0.19,0.220316056,0.43678219
0.09,60,0.19,0.228264504,0.399369657
0.1,60,0.19,0.235455573,0.366429163
0.11,60,0.19,0.242129725,0.337641899
0.12,60,0.19,0.248432473,0.31252986
0.13,60,0.19,0.254455019,0.290591276
0.14,60,0.19,0.260256016,0.271349643
0.15,60,0.19,0.265873877,0.254383991
0.16,60,0.19,0.271334139,0.239342257
0.17,60,0.19,0.276654111,0.225936381
0.18,60,0.19,0.281845927,0.213927906
0.19,60,0.19,0.286918603,0.203115126
0.2,60,0.19,0.291879382,0.193326541
0.21,60,0.19,0.296734542,0.184418857
0.22,60,0.19,0.301489795,0.176275313
0.23,60,0.19,0.306150398,0.168801797
0.24,60,0.19,0.310721142,0.161921145
0.25,60,0.19,0.315206334,0.155567651
0.001,65,0.19,0.009527954,0.152132392
0.002,65,0.19,0.016891337,0.177483789
0.003,65,0.19,0.02314247,0.20051105
0.004,65,0.19,0.028742217,0.221762555
0.005,65,0.19,0.033923918,0.241641773
0.006,65,0.19,0.038818009,0.260447125
0.007,65,0.19,0.043502802,0.278399566
0.008,65,0.19,0.048027871,0.295660879
0.009,65,0.19,0.052425861,0.312346933
0.01,65,0.19,0.056718906,0.328537841
0.02,65,0.19,0.09573879,0.467083818
0.03,65,0.19,0.128462745,0.553528282
0.04,65,0.19,0.153853807,0.580576294
0.05,65,0.19,0.17221206,0.563335363
0.06,65,0.19,0.185560516,0.525161353
0.07,65,0.19,0.195869863,0.481783163
0.08,65,0.19,0.204383841,0.440206066
0.09,65,0.19,0.211798435,0.402713311
0.1,65,0.19,0.21850312,0.369653364
0.11,65,0.19,0.224724036,0.34073111
0.12,65,0.19,0.230598074,0.315481019
0.13,65,0.19,0.236211072,0.293409398
0.14,65,0.19,0.24161827,0.274044291
0.15,65,0.19,0.246855863,0.256965961
0.16,65,0.19,0.251947913,0.241821637
0.17,65,0.19,0.2569107,0.228322252
0.18,65,0.19,0.261755585,0.216228845
0.19,65,0.19,0.266490938,0.205339469
0.2,65,0.19,0.27112342,0.19548211
0.21,65,0.19,0.275658768,0.18651238
0.22,65,0.19,0.280102194,0.178312103
0.23,65,0.19,0.284458511,0.170785917
0.24,65,0.19,0.288732129,0.16385599
0.25,65,0.19,0.292927023,0.157456451
0.001,70,0.19,0.0088526,0.151826071
0.002,70,0.19,0.015692891,0.177132654
0.003,70,0.19,0.021499276,0.200119056
0.004,70,0.19,0.026700259,0.221332539
0.005,70,0.19,0.031512805,0.241175578
0.006,70,0.19,0.036058209,0.259946516
0.007,70,0.19,0.040409304,0.277866177
0.008,70,0.19,0.044612206,0.295096614
0.009,70,0.19,0.048697295,0.31175405
0.01,70,0.19,0.052685177,0.327919066
0.02,70,0.19,0.088955589,0.466476258
0.03,70,0.19,0.119444683,0.553614407
0.04,70,0.19,0.143187025,0.581797248
0.05,70,0.19,0.160404119,0.565512686
0.06,70,0.19,0.172934001,0.527856474
0.07,70,0.19,0.182606832,0.484669177
0.08,70,0.19,0.19058905,0.443108111
0.09,70,0.19,0.19753604,0.405550636
0.1,70,0.19,0.203815085,0.372391143
0.11,70,0.19,0.209639546,0.343355278
0.12,70,0.19,0.215138609,0.317988313
0.13,70,0.19,0.220393314,0.295803533
0.14,70,0.19,0.225455841,0.276333041
0.15,70,0.19,0.230360401,0.25915837
0.16,70,0.19,0.235129734,0.243926252
0.17,70,0.19,0.239779207,0.230346737
0.18,70,0.19,0.244319506,0.2181804
0.19,70,0.19,0.248758448,0.20722512
0.2,70,0.19,0.253102206,0.197308506
0.21,70,0.19,0.257356059,0.188285327
0.22,70,0.19,0.261524796,0.180036232
0.23,70,0.19,0.265612854,0.172464786
0.24,70,0.19,0.269624313,0.165492488
0.25,70,0.19,0.273562865,0.159053295
0.001,5,0.2,0.103896655,0.122872065
0.002,5,0.2,0.1835319,0.14082956
0.003,5,0.2,0.249982722,0.156140622
0.004,5,0.2,0.308017071,0.16913966
0.005,5,0.2,0.359980499,0.180007289
0.006,5,0.2,0.407132786,0.188832524
0.007,5,0.2,0.450198081,0.19565998
0.008,5,0.2,0.489623114,0.200525996
0.009,5,0.2,0.525710763,0.203484407
0.01,5,0.2,0.558693502,0.204621989
0.02,5,0.2,0.761083371,0.152998562
0.03,5,0.2,0.843147653,0.083483791
0.04,5,0.2,0.884760956,0.039117361
0.05,5,0.2,0.909830857,0.017080422
0.06,5,0.2,0.926464889,0.007713454
0.07,5,0.2,0.938152561,0.003757385
0.08,5,0.2,0.946700657,0.001977615
0.09,5,0.2,0.953157641,0.001115578
0.1,5,0.2,0.958171795,0.00066805
0.11,5,0.2,0.962160011,0.000420902
0.12,5,0.2,0.965398685,0.000276855
0.13,5,0.2,0.96807616,0.000188891
0.14,5,0.2,0.970324106,0.000132963
0.15,5,0.2,0.972236802,9.61432E-05
0.16,5,0.2,0.973883246,7.11563E-05
0.17,5,0.2,0.975314955,5.37435E-05
0.18,5,0.2,0.976571095,4.13228E-05
0.19,5,0.2,0.977681928,3.22774E-05
0.2,5,0.2,0.978671187,2.5569E-05
0.21,5,0.2,0.97955773,2.05117E-05
0.22,5,0.2,0.980356724,1.66412E-05
0.23,5,0.2,0.981080502,1.36402E-05
0.24,5,0.2,0.981739189,1.12842E-05
0.25,5,0.2,0.982341178,9.41433E-06
0.001,10,0.2,0.05806758,0.155022401
0.002,10,0.2,0.103159192,0.180249786
0.003,10,0.2,0.141483095,0.203063676
0.004,10,0.2,0.17574611,0.2240092
0.005,10,0.2,0.207307092,0.243457307
0.006,10,0.2,0.236914461,0.261653962
0.007,10,0.2,0.265006758,0.278753298
0.008,10,0.2,0.291851245,0.294841545
0.009,10,0.2,0.317614103,0.309955127
0.01,10,0.2,0.342398803,0.324095299
0.02,10,0.2,0.542495879,0.405496208
0.03,10,0.2,0.662980102,0.387241097
0.04,10,0.2,0.731622712,0.329341223
0.05,10,0.2,0.775211837,0.270686309
0.06,10,0.2,0.80659925,0.221034053
0.07,10,0.2,0.831262906,0.180659681
0.08,10,0.2,0.851702815,0.147964233
0.09,10,0.2,0.869170549,0.121304082
0.1,10,0.2,0.884350542,0.099335644
0.11,10,0.2,0.897651825,0.081046905
0.12,10,0.2,0.909342582,0.06568193
0.13,10,0.2,0.919615231,0.052681835
0.14,10,0.2,0.928619149,0.041638205
0.15,10,0.2,0.936478108,0.032250672
0.16,10,0.2,0.943300378,0.024304638
0.17,10,0.2,0.949185191,0.017655115
0.18,10,0.2,0.954227198,0.012222409
0.19,10,0.2,0.958519416,0.007999145
0.2,10,0.2,0.962154513,0.005000866
0.21,10,0.2,0.965224117,0.00308736
0.22,10,0.2,0.967816271,0.001940643
0.23,10,0.2,0.97001199,0.001259402
0.24,10,0.2,0.971882381,0.000846296
0.25,10,0.2,0.973487316,0.000587883
0.001,15,0.2,0.039924423,0.159853914
0.002,15,0.2,0.070940731,0.186193747
0.003,15,0.2,0.09734834,0.210107086
0.004,15,0.2,0.121026604,0.232170972
0.005,15,0.2,0.142923595,0.252794821
0.006,15,0.2,0.163565933,0.272267425
0.007,15,0.2,0.183266491,0.290788311
0.008,15,0.2,0.202220079,0.308489642
0.009,15,0.2,0.220551797,0.325452342
0.01,15,0.2,0.238343302,0.341718566
0.02,15,0.2,0.392117009,0.462972591
0.03,15,0.2,0.502059439,0.497010145
0.04,15,0.2,0.572488541,0.467484426
0.05,15,0.2,0.618313457,0.416132622
0.06,15,0.2,0.651190093,0.364527821
0.07,15,0.2,0.677092628,0.319040223
0.08,15,0.2,0.698904753,0.280416701
0.09,15,0.2,0.71808751,0.247904686
0.1,15,0.2,0.735430105,0.220499507
0.11,15,0.2,0.751383874,0.197249521
0.12,15,0.2,0.766220238,0.177355293
0.13,15,0.2,0.780111023,0.160186356
0.14,15,0.2,0.793171807,0.14524466
0.15,15,0.2,0.805485906,0.132130297
0.16,15,0.2,0.81711741,0.120527391
0.17,15,0.2,0.828118075,0.110190912
0.18,15,0.2,0.838531146,0.100926423
0.19,15,0.2,0.848393728,0.092573875
0.2,15,0.2,0.857738321,0.085001753
0.21,15,0.2,0.86659373,0.078104468
0.22,15,0.2,0.874985627,0.071796357
0.23,15,0.2,0.882937008,0.066004733
0.24,15,0.2,0.89046863,0.060666908
0.25,15,0.2,0.897599352,0.055730392
0.001,20,0.2,0.030344608,0.160010059
0.002,20,0.2,0.053900549,0.186482222
0.003,20,0.2,0.073954432,0.210528588
0.004,20,0.2,0.091944102,0.232729197
0.005,20,0.2,0.108596073,0.25350167
0.006,20,0.2,0.124315032,0.273146505
0.007,20,0.2,0.139342533,0.291877565
0.008,20,0.2,0.153830083,0.309843048
0.009,20,0.2,0.167876072,0.327140761
0.01,20,0.2,0.181545814,0.343829788
0.02,20,0.2,0.302426363,0.476769946
0.03,20,0.2,0.394935992,0.534282353
0.04,20,0.2,0.458395961,0.524396441
0.05,20,0.2,0.500747456,0.48191954
0.06,20,0.2,0.53103675,0.432335737
0.07,20,0.2,0.554708205,0.385855121
0.08,20,0.2,0.574549253,0.345121244
0.09,20,0.2,0.59199956,0.310159223
0.1,20,0.2,0.607842252,0.280304919
0.11,20,0.2,0.62252651,0.254775442
0.12,20,0.2,0.636321614,0.232827343
0.13,20,0.2,0.649395055,0.213824218
0.14,20,0.2,0.661854866,0.197253538
0.15,20,0.2,0.673773964,0.182704324
0.16,20,0.2,0.685204642,0.169839605
0.17,20,0.2,0.69618708,0.158383314
0.18,20,0.2,0.706754022,0.148115106
0.19,20,0.2,0.716933147,0.138861401
0.2,20,0.2,0.726748303,0.130481887
0.21,20,0.2,0.736220376,0.122858457
0.22,20,0.2,0.745368007,0.115890639
0.23,20,0.2,0.754208139,0.109494984
0.24,20,0.2,0.762756285,0.103603677
0.25,20,0.2,0.771026619,0.098160716
0.001,25,0.2,0.02445026,0.159213674
0.002,25,0.2,0.043415403,0.185609475
0.003,25,0.2,0.059554974,0.2095885
0.004,25,0.2,0.07403295,0.231728105
0.005,25,0.2,0.087437909,0.252447
0.006,25,0.2,0.100098142,0.272049461
0.007,25,0.2,0.112210032,0.290755106
0.008,25,0.2,0.123897178,0.308719184
0.009,25,0.2,0.135240271,0.326047464
0.01,25,0.2,0.146293305,0.342807443
0.02,25,0.2,0.24508472,0.480185864
0.03,25,0.2,0.323294143,0.549512046
0.04,25,0.2,0.379160345,0.55192306
0.05,25,0.2,0.417208257,0.516331317
0.06,25,0.2,0.444424977,0.469096181
0.07,25,0.2,0.465568638,0.422660984
0.08,25,0.2,0.483199353,0.381009672
0.09,25,0.2,0.498662127,0.344771566
0.1,25,0.2,0.5126928,0.313540126
0.11,25,0.2,0.525714693,0.286663612
0.12,25,0.2,0.537982189,0.26346719
0.13,25,0.2,0.549653498,0.243334122
0.14,25,0.2,0.560829866,0.225745778
0.15,25,0.2,0.571578069,0.210283337
0.16,25,0.2,0.58194402,0.196605904
0.17,25,0.2,0.591961217,0.184429934
0.18,25,0.2,0.601655897,0.173520376
0.19,25,0.2,0.611049907,0.163687445
0.2,25,0.2,0.620162109,0.154780484
0.21,25,0.2,0.62900901,0.146677792
0.22,25,0.2,0.637605153,0.139276899
0.23,25,0.2,0.645963513,0.132489231
0.24,25,0.2,0.654095896,0.126238967
0.25,25,0.2,0.662013243,0.120463108
0.001,30,0.2,0.020465785,0.158290957
0.002,30,0.2,0.036329503,0.184569739
0.003,30,0.2,0.049824529,0.208442383
0.004,30,0.2,0.061928545,0.230482765
0.005,30,0.2,0.073136142,0.251108626
0.006,30,0.2,0.0837234,0.270625503
0.007,30,0.2,0.093855673,0.289255551
0.008,30,0.2,0.103637242,0.307157774
0.009,30,0.2,0.113136388,0.324442358
0.01,30,0.2,0.122399009,0.341181599
0.02,30,0.2,0.205691475,0.480556419
0.03,30,0.2,0.272954059,0.55669907
0.04,30,0.2,0.322269169,0.567225989
0.05,30,0.2,0.356379993,0.536796386
0.06,30,0.2,0.380817673,0.49163809
0.07,30,0.2,0.399726873,0.445548301
0.08,30,0.2,0.415429589,0.40346535
0.09,30,0.2,0.429163662,0.366483678
0.1,30,0.2,0.441609542,0.334397652
0.11,30,0.2,0.453159504,0.306653163
0.12,30,0.2,0.464049741,0.28263153
0.13,30,0.2,0.474427418,0.261741451
0.14,30,0.2,0.484386674,0.243466845
0.15,30,0.2,0.493989171,0.227383216
0.16,30,0.2,0.503276517,0.213145996
0.17,30,0.2,0.512278088,0.200469756
0.18,30,0.2,0.521016023,0.18911462
0.19,30,0.2,0.529508259,0.178881714
0.2,30,0.2,0.537770175,0.169610568
0.21,30,0.2,0.545815334,0.161173127
0.22,30,0.2,0.553655762,0.153464857
0.23,30,0.2,0.561302129,0.1463968
0.24,30,0.2,0.568763986,0.139891316
0.25,30,0.2,0.57605005,0.133881239
0.001,35,0.2,0.01759458,0.157439319
0.002,35,0.2,0.031225156,0.183602093
0.003,35,0.2,0.042816575,0.207368986
0.004,35,0.2,0.053211584,0.229310359
0.005,35,0.2,0.062836633,0.249842628
0.006,35,0.2,0.071929882,0.269271492
0.007,35,0.2,0.08063409,0.287820481
0.008,35,0.2,0.089039401,0.305650669
0.009,35,0.2,0.097204955,0.322874993
0.01,35,0.2,0.10517062,0.339568807
0.02,35,0.2,0.177078561,0.479939507
0.03,35,0.2,0.235904839,0.560428962
0.04,35,0.2,0.279817953,0.576631423
0.05,35,0.2,0.310556865,0.550135779
0.06,35,0.2,0.332621014,0.5067208
0.07,35,0.2,0.349647392,0.46104832
0.08,35,0.2,0.363741749,0.418757473
0.09,35,0.2,0.3760406,0.381305685
0.1,35,0.2,0.387171246,0.34864799
0.11,35,0.2,0.397495883,0.320305836
0.12,35,0.2,0.407232894,0.295704311
0.13,35,0.2,0.416518582,0.274275727
0.14,35,0.2,0.425440231,0.25551038
0.15,35,0.2,0.434054918,0.238980988
0.16,35,0.2,0.442400834,0.224339475
0.17,35,0.2,0.450504447,0.211299047
0.18,35,0.2,0.458385144,0.199618242
0.19,35,0.2,0.466058201,0.189093859
0.2,35,0.2,0.473536516,0.179558866
0.21,35,0.2,0.480831477,0.170879122
0.22,35,0.2,0.48795328,0.162946696
0.23,35,0.2,0.49491103,0.155671842
0.24,35,0.2,0.501712842,0.148976912
0.25,35,0.2,0.508366021,0.142793646
0.001,40,0.2,0.015428305,0.156696603
0.002,40,0.2,0.027375245,0.182755139
0.003,40,0.2,0.037532004,0.206427029
0.004,40,0.2,0.046639099,0.228279399
0.005,40,0.2,0.055071324,0.248727358
0.006,40,0.2,0.063038063,0.268076387
0.007,40,0.2,0.070664895,0.286550683
0.008,40,0.2,0.078031187,0.304312703
0.009,40,0.2,0.085189079,0.321477176
0.01,40,0.2,0.09217379,0.33812158
0.02,40,0.2,0.155395497,0.479022949
0.03,40,0.2,0.207587544,0.562492581
0.04,40,0.2,0.247062503,0.58285704
0.05,40,0.2,0.27495481,0.559429903
0.06,40,0.2,0.295014354,0.517465429
0.07,40,0.2,0.310464325,0.472204255
0.08,40,0.2,0.323222127,0.429816555
0.09,40,0.2,0.33433351,0.392048414
0.1,40,0.2,0.344377701,0.358985709
0.11,40,0.2,0.353689549,0.330210291
0.12,40,0.2,0.362471152,0.305181702
0.13,40,0.2,0.370848813,0.283352372
0.14,40,0.2,0.378903524,0.264220046
0.15,40,0.2,0.386688244,0.24735659
0.16,40,0.2,0.394238274,0.232411069
0.17,40,0.2,0.401577818,0.219095247
0.18,40,0.2,0.408724263,0.207166994
0.19,40,0.2,0.415690986,0.196421072
0.2,40,0.2,0.422489086,0.186686397
0.21,40,0.2,0.429128317,0.177824096
0.22,40,0.2,0.435617465,0.169722685
0.23,40,0.2,0.441964452,0.162290962
0.24,40,0.2,0.448176362,0.155451215
0.25,40,0.2,0.454259536,0.149135142
0.001,45,0.2,0.013736185,0.156062361
0.002,45,0.2,0.024368857,0.182030289
0.003,45,0.2,0.033406105,0.205619433
0.004,45,0.2,0.041508329,0.22739446
0.005,45,0.2,0.049009818,0.247768959
0.006,45,0.2,0.056097376,0.26704818
0.007,45,0.2,0.062883085,0.28545664
0.008,45,0.2,0.069437829,0.303157751
0.009,45,0.2,0.07580822,0.320267424
0.01,45,0.2,0.082025789,0.336864714
0.02,45,0.2,0.138413958,0.478056092
0.03,45,0.2,0.185277715,0.563678486
0.04,45,0.2,0.221077133,0.587211215
0.05,45,0.2,0.246563,0.566232181
0.06,45,0.2,0.264925085,0.52548115
0.07,45,0.2,0.279048092,0.480601292
0.08,45,0.2,0.290687251,0.438176263
0.09,45,0.2,0.300808439,0.400185774
0.1,45,0.2,0.309948269,0.366823878
0.11,45,0.2,0.31841727,0.337721913
0.12,45,0.2,0.326402995,0.312367085
0.13,45,0.2,0.334022784,0.290228757
0.14,45,0.2,0.341351969,0.270812058
0.15,45,0.2,0.348439838,0.253689233
0.16,45,0.2,0.355319189,0.238507227
0.17,45,0.2,0.362012363,0.224976395
0.18,45,0.2,0.368535198,0.212854152
0.19,45,0.2,0.374899649,0.201934267
0.2,45,0.2,0.381115472,0.192043155
0.21,45,0.2,0.387191168,0.183038412
0.22,45,0.2,0.393134421,0.174805431
0.23,45,0.2,0.398952214,0.167251248
0.24,45,0.2,0.404650833,0.16029779
0.25,45,0.2,0.410235904,0.153876909
0.001,50,0.2,0.012378124,0.155520721
0.002,50,0.2,0.021956582,0.181410464
0.003,50,0.2,0.030096137,0.204928373
0.004,50,0.2,0.037392706,0.226636657
0.005,50,0.2,0.044147972,0.246947824
0.006,50,0.2,0.050530551,0.266166684
0.007,50,0.2,0.056641644,0.284517958
0.008,50,0.2,0.062545284,0.302165693
0.009,50,0.2,0.068283612,0.319226777
0.01,50,0.2,0.073885165,0.335781341
0.02,50,0.2,0.124762288,0.477132453
0.03,50,0.2,0.167263927,0.564376018
0.04,50,0.2,0.199985228,0.590395332
0.05,50,0.2,0.223423043,0.571409054
0.06,50,0.2,0.240337415,0.531681761
0.07,50,0.2,0.253333483,0.487145965
0.08,50,0.2,0.264026872,0.444715153
0.09,50,0.2,0.273313472,0.406561581
0.1,50,0.2,0.281692334,0.372970111
0.11,50,0.2,0.289452496,0.343613451
0.12,50,0.2,0.296768631,0.318001527
0.13,50,0.2,0.303750106,0.295617867
0.14,50,0.2,0.310467212,0.275974482
0.15,50,0.2,0.31696597,0.258644605
0.16,50,0.2,0.323276984,0.243273635
0.17,50,0.2,0.329421015,0.22957061
0.18,50,0.2,0.335412645,0.217292535
0.19,50,0.2,0.341262721,0.206232653
0.2,50,0.2,0.346979957,0.196215763
0.21,50,0.2,0.352571881,0.187096901
0.22,50,0.2,0.358045297,0.178758812
0.23,50,0.2,0.363406427,0.171106772
0.24,50,0.2,0.368660914,0.164062111
0.25,50,0.2,0.37381382,0.157556767
0.001,55,0.2,0.011264277,0.155053743
0.002,55,0.2,0.019978502,0.180875802
0.003,55,0.2,0.027382345,0.204331996
0.004,55,0.2,0.03401872,0.22598248
0.005,55,0.2,0.0401625,0.246238787
0.006,55,0.2,0.045967341,0.265405308
0.007,55,0.2,0.051525486,0.283706885
0.008,55,0.2,0.056895326,0.301307991
0.009,55,0.2,0.062115309,0.318326222
0.01,55,0.2,0.067211494,0.334842626
0.02,55,0.2,0.113552703,0.476278351
0.03,55,0.2,0.152422952,0.564782694
0.04,55,0.2,0.182536635,0.592802527
0.05,55,0.2,0.204216771,0.575467397
0.06,55,0.2,0.219885927,0.536612954
0.07,55,0.2,0.231915717,0.492385441
0.08,55,0.2,0.241801075,0.449966751
0.09,55,0.2,0.25037648,0.411690254
0.1,55,0.2,0.258107857,0.377917984
0.11,55,0.2,0.265265258,0.348357768
0.12,55,0.2,0.272011952,0.322538503
0.13,55,0.2,0.278450232,0.299955709
0.14,55,0.2,0.284645904,0.280127613
0.15,55,0.2,0.290642083,0.262628779
0.16,55,0.2,0.296467435,0.2471035
0.17,55,0.2,0.302141356,0.233259638
0.18,55,0.2,0.307677378,0.220853784
0.19,55,0.2,0.313085451,0.209678874
0.2,55,0.2,0.318373463,0.199558674
0.21,55,0.2,0.323548165,0.190346301
0.22,55,0.2,0.328615651,0.181922326
0.23,55,0.2,0.333581517,0.174190395
0.24,55,0.2,0.338450875,0.167071113
0.25,55,0.2,0.343228326,0.160496404
0.001,60,0.2,0.010334183,0.154650223
0.002,60,0.2,0.018327059,0.180413444
0.003,60,0.2,0.025116991,0.203815988
0.004,60,0.2,0.031202547,0.225416287
0.005,60,0.2,0.036836165,0.24562498
0.006,60,0.2,0.042158976,0.264745996
0.007,60,0.2,0.047255723,0.283004253
0.008,60,0.2,0.052180064,0.300564563
0.009,60,0.2,0.056967349,0.317545115
0.01,60,0.2,0.061641555,0.334027606
0.02,60,0.2,0.104185665,0.475503457
0.03,60,0.2,0.139988801,0.565014086
0.04,60,0.2,0.167869359,0.594676269
0.05,60,0.2,0.188028081,0.578729742
0.06,60,0.2,0.202617067,0.540626522
0.07,60,0.2,0.213810644,0.49667436
0.08,60,0.2,0.222998781,0.454277472
0.09,60,0.2,0.230961869,0.415905784
0.1,60,0.2,0.238136523,0.381987632
0.11,60,0.2,0.244775975,0.352261066
0.12,60,0.2,0.251033377,0.326271076
0.13,60,0.2,0.257004734,0.303523385
0.14,60,0.2,0.262751854,0.283541802
0.15,60,0.2,0.268315262,0.265902363
0.16,60,0.2,0.273721902,0.250248572
0.17,60,0.2,0.278989976,0.236287291
0.18,60,0.2,0.284132117,0.223774668
0.19,60,0.2,0.289157533,0.21250347
0.2,60,0.2,0.294073437,0.202296768
0.21,60,0.2,0.298885952,0.193006231
0.22,60,0.2,0.303600587,0.184510658
0.23,60,0.2,0.308222418,0.176712225
0.24,60,0.2,0.312756109,0.169530769
0.25,60,0.2,0.317205876,0.162898106
0.001,65,0.2,0.009545871,0.154298939
0.002,65,0.2,0.016927586,0.180010682
0.003,65,0.2,0.023197512,0.203366343
0.004,65,0.2,0.028816562,0.224922782
0.005,65,0.2,0.034018125,0.245089823
0.006,65,0.2,0.038932695,0.264171057
0.007,65,0.2,0.04363864,0.282391383
0.008,65,0.2,0.048185596,0.299915869
0.009,65,0.2,0.052606275,0.316863135
0.01,65,0.2,0.056922878,0.333315516
0.02,65,0.2,0.096242614,0.474804325
0.03,65,0.2,0.129422533,0.565135209
0.04,65,0.2,0.155371565,0.596168579
0.05,65,0.2,0.174202539,0.581404865
0.06,65,0.2,0.187846916,0.543953761
0.07,65,0.2,0.19831058,0.500247531
0.08,65,0.2,0.206891605,0.457877213
0.09,65,0.2,0.214322508,0.419429916
0.1,65,0.2,0.221013868,0.385391604
0.11,65,0.2,0.22720395,0.355526581
0.12,65,0.2,0.233036898,0.329393653
0.13,65,0.2,0.238603109,0.306507358
0.14,65,0.2,0.243960815,0.286396445
0.15,65,0.2,0.249148226,0.268638449
0.16,65,0.2,0.254190749,0.252876312
0.17,65,0.2,0.25910553,0.23881601
0.18,65,0.2,0.263904422,0.226213264
0.19,65,0.2,0.268596003,0.214860686
0.2,65,0.2,0.273186928,0.20458087
0.21,65,0.2,0.277682795,0.195224358
0.22,65,0.2,0.28208863,0.186668487
0.23,65,0.2,0.286409071,0.178814111
0.24,65,0.2,0.2906484,0.171580324
0.25,65,0.2,0.294810507,0.164898751
0.001,70,0.2,0.008869236,0.153990608
0.002,70,0.2,0.015726546,0.179657134
0.003,70,0.2,0.021550375,0.202971472
0.004,70,0.2,0.026769273,0.224489401
0.005,70,0.2,0.031600251,0.24461976
0.006,70,0.2,0.036164655,0.263665953
0.007,70,0.2,0.040535371,0.281852802
0.008,70,0.2,0.044758572,0.299345633
0.009,70,0.2,0.048864698,0.316263367
0.01,70,0.2,0.052874418,0.332688847
0.02,70,0.2,0.089422499,0.474173497
0.03,70,0.2,0.120334218,0.56518457
0.04,70,0.2,0.144597503,0.597378899
0.05,70,0.2,0.162260858,0.583634094
0.06,70,0.2,0.175072959,0.546753977
0.07,70,0.2,0.184894453,0.503268483
0.08,70,0.2,0.192942441,0.460927591
0.09,70,0.2,0.199906848,0.422419916
0.1,70,0.2,0.206175008,0.388281711
0.11,70,0.2,0.211971813,0.358300279
0.12,70,0.2,0.217433349,0.332046415
0.13,70,0.2,0.222644989,0.309042267
0.14,70,0.2,0.227661762,0.288821029
0.15,70,0.2,0.232519796,0.270961702
0.16,70,0.2,0.23724312,0.255106872
0.17,70,0.2,0.241847936,0.240961727
0.18,70,0.2,0.246345416,0.228281615
0.19,70,0.2,0.250743592,0.216859026
0.2,70,0.2,0.255048648,0.206516216
0.21,70,0.2,0.259265744,0.197102879
0.22,70,0.2,0.263399494,0.18849513
0.23,70,0.2,0.267454168,0.18059269
0.24,70,0.2,0.271433718,0.173313919
0.25,70,0.2,0.275341754,0.166590236